Kota/Kabupaten,Tahun,Life Expectancy at Birth (Year),Provinsi
Aceh Barat,2013,67.3,Aceh
Aceh Barat,2014,67.33,Aceh
Aceh Barat,2015,67.49,Aceh
Aceh Barat,2016,67.56,Aceh
Aceh Barat,2017,67.62,Aceh
Aceh Barat,2018,67.72,Aceh
Aceh Barat,2019,67.93,Aceh
Aceh Barat,2020,67.98,Aceh
Aceh Barat,2021,67.99,Aceh
Aceh Barat,2022,68.19,Aceh
Aceh Barat,2023,68.34,Aceh
Aceh Barat,2024,68.48,Aceh
Aceh Barat Daya,2013,63.69,Aceh
Aceh Barat Daya,2014,63.72,Aceh
Aceh Barat Daya,2015,64.2,Aceh
Aceh Barat Daya,2016,64.35,Aceh
Aceh Barat Daya,2017,64.51,Aceh
Aceh Barat Daya,2018,64.65,Aceh
Aceh Barat Daya,2019,64.91,Aceh
Aceh Barat Daya,2020,65,Aceh
Aceh Barat Daya,2021,65.06,Aceh
Aceh Barat Daya,2022,65.3,Aceh
Aceh Barat Daya,2023,65.48,Aceh
Aceh Barat Daya,2024,65.65,Aceh
Aceh Besar,2013,69.44,Aceh
Aceh Besar,2014,69.46,Aceh
Aceh Besar,2015,69.47,Aceh
Aceh Besar,2016,69.49,Aceh
Aceh Besar,2017,69.52,Aceh
Aceh Besar,2018,69.59,Aceh
Aceh Besar,2019,69.77,Aceh
Aceh Besar,2020,69.78,Aceh
Aceh Besar,2021,69.79,Aceh
Aceh Besar,2022,69.99,Aceh
Aceh Besar,2023,70.14,Aceh
Aceh Besar,2024,70.29,Aceh
Aceh Jaya,2013,66.45,Aceh
Aceh Jaya,2014,66.48,Aceh
Aceh Jaya,2015,66.63,Aceh
Aceh Jaya,2016,66.7,Aceh
Aceh Jaya,2017,66.77,Aceh
Aceh Jaya,2018,66.88,Aceh
Aceh Jaya,2019,67.11,Aceh
Aceh Jaya,2020,67.16,Aceh
Aceh Jaya,2021,67.19,Aceh
Aceh Jaya,2022,67.4,Aceh
Aceh Jaya,2023,67.55,Aceh
Aceh Jaya,2024,67.69,Aceh
Aceh Selatan,2013,63.16,Aceh
Aceh Selatan,2014,63.18,Aceh
Aceh Selatan,2015,63.61,Aceh
Aceh Selatan,2016,63.75,Aceh
Aceh Selatan,2017,63.89,Aceh
Aceh Selatan,2018,64.02,Aceh
Aceh Selatan,2019,64.27,Aceh
Aceh Selatan,2020,64.35,Aceh
Aceh Selatan,2021,64.4,Aceh
Aceh Selatan,2022,64.64,Aceh
Aceh Selatan,2023,64.81,Aceh
Aceh Selatan,2024,64.97,Aceh
Aceh Singkil,2013,66.91,Aceh
Aceh Singkil,2014,66.94,Aceh
Aceh Singkil,2015,66.97,Aceh
Aceh Singkil,2016,67.02,Aceh
Aceh Singkil,2017,67.07,Aceh
Aceh Singkil,2018,67.16,Aceh
Aceh Singkil,2019,67.36,Aceh
Aceh Singkil,2020,67.39,Aceh
Aceh Singkil,2021,67.43,Aceh
Aceh Singkil,2022,67.65,Aceh
Aceh Singkil,2023,67.78,Aceh
Aceh Singkil,2024,67.89,Aceh
Aceh Tamiang,2013,68.66,Aceh
Aceh Tamiang,2014,68.67,Aceh
Aceh Tamiang,2015,68.99,Aceh
Aceh Tamiang,2016,69.08,Aceh
Aceh Tamiang,2017,69.16,Aceh
Aceh Tamiang,2018,69.28,Aceh
Aceh Tamiang,2019,69.52,Aceh
Aceh Tamiang,2020,69.58,Aceh
Aceh Tamiang,2021,69.63,Aceh
Aceh Tamiang,2022,69.87,Aceh
Aceh Tamiang,2023,70.04,Aceh
Aceh Tamiang,2024,70.21,Aceh
Aceh Tengah,2013,68.35,Aceh
Aceh Tengah,2014,68.38,Aceh
Aceh Tengah,2015,68.44,Aceh
Aceh Tengah,2016,68.48,Aceh
Aceh Tengah,2017,68.53,Aceh
Aceh Tengah,2018,68.62,Aceh
Aceh Tengah,2019,68.82,Aceh
Aceh Tengah,2020,68.85,Aceh
Aceh Tengah,2021,68.86,Aceh
Aceh Tengah,2022,69.05,Aceh
Aceh Tengah,2023,69.18,Aceh
Aceh Tengah,2024,69.3,Aceh
Aceh Tenggara,2013,67.03,Aceh
Aceh Tenggara,2014,67.07,Aceh
Aceh Tenggara,2015,67.4,Aceh
Aceh Tenggara,2016,67.51,Aceh
Aceh Tenggara,2017,67.62,Aceh
Aceh Tenggara,2018,67.77,Aceh
Aceh Tenggara,2019,68.04,Aceh
Aceh Tenggara,2020,68.14,Aceh
Aceh Tenggara,2021,68.22,Aceh
Aceh Tenggara,2022,68.48,Aceh
Aceh Tenggara,2023,68.65,Aceh
Aceh Tenggara,2024,68.78,Aceh
Aceh Timur,2013,68.05,Aceh
Aceh Timur,2014,68.06,Aceh
Aceh Timur,2015,68.2,Aceh
Aceh Timur,2016,68.26,Aceh
Aceh Timur,2017,68.33,Aceh
Aceh Timur,2018,68.44,Aceh
Aceh Timur,2019,68.67,Aceh
Aceh Timur,2020,68.72,Aceh
Aceh Timur,2021,68.74,Aceh
Aceh Timur,2022,68.94,Aceh
Aceh Timur,2023,69.07,Aceh
Aceh Timur,2024,69.18,Aceh
Aceh Utara,2013,68.41,Aceh
Aceh Utara,2014,68.42,Aceh
Aceh Utara,2015,68.48,Aceh
Aceh Utara,2016,68.51,Aceh
Aceh Utara,2017,68.54,Aceh
Aceh Utara,2018,68.61,Aceh
Aceh Utara,2019,68.79,Aceh
Aceh Utara,2020,68.8,Aceh
Aceh Utara,2021,68.81,Aceh
Aceh Utara,2022,69.01,Aceh
Aceh Utara,2023,69.15,Aceh
Aceh Utara,2024,69.28,Aceh
Bener Meriah,2013,68.62,Aceh
Bener Meriah,2014,68.64,Aceh
Bener Meriah,2015,68.79,Aceh
Bener Meriah,2016,68.85,Aceh
Bener Meriah,2017,68.9,Aceh
Bener Meriah,2018,68.99,Aceh
Bener Meriah,2019,69.19,Aceh
Bener Meriah,2020,69.22,Aceh
Bener Meriah,2021,69.26,Aceh
Bener Meriah,2022,69.48,Aceh
Bener Meriah,2023,69.64,Aceh
Bener Meriah,2024,69.79,Aceh
Bireuen,2013,70.34,Aceh
Bireuen,2014,70.35,Aceh
Bireuen,2015,70.64,Aceh
Bireuen,2016,70.72,Aceh
Bireuen,2017,70.8,Aceh
Bireuen,2018,70.92,Aceh
Bireuen,2019,71.16,Aceh
Bireuen,2020,71.22,Aceh
Bireuen,2021,71.26,Aceh
Bireuen,2022,71.48,Aceh
Bireuen,2023,71.66,Aceh
Bireuen,2024,71.83,Aceh
Gayo Lues,2013,64.42,Aceh
Gayo Lues,2014,64.44,Aceh
Gayo Lues,2015,64.77,Aceh
Gayo Lues,2016,64.88,Aceh
Gayo Lues,2017,64.98,Aceh
Gayo Lues,2018,65.12,Aceh
Gayo Lues,2019,65.38,Aceh
Gayo Lues,2020,65.47,Aceh
Gayo Lues,2021,65.53,Aceh
Gayo Lues,2022,65.77,Aceh
Gayo Lues,2023,65.92,Aceh
Gayo Lues,2024,66.03,Aceh
Kota Banda Aceh,2013,70.79,Aceh
Kota Banda Aceh,2014,70.8,Aceh
Kota Banda Aceh,2015,70.89,Aceh
Kota Banda Aceh,2016,70.92,Aceh
Kota Banda Aceh,2017,70.96,Aceh
Kota Banda Aceh,2018,71.1,Aceh
Kota Banda Aceh,2019,71.36,Aceh
Kota Banda Aceh,2020,71.45,Aceh
Kota Banda Aceh,2021,71.52,Aceh
Kota Banda Aceh,2022,71.79,Aceh
Kota Banda Aceh,2023,72.02,Aceh
Kota Banda Aceh,2024,72.17,Aceh
Kota Langsa,2013,68.78,Aceh
Kota Langsa,2014,68.79,Aceh
Kota Langsa,2015,68.94,Aceh
Kota Langsa,2016,69,Aceh
Kota Langsa,2017,69.06,Aceh
Kota Langsa,2018,69.16,Aceh
Kota Langsa,2019,69.37,Aceh
Kota Langsa,2020,69.42,Aceh
Kota Langsa,2021,69.43,Aceh
Kota Langsa,2022,69.63,Aceh
Kota Langsa,2023,69.78,Aceh
Kota Langsa,2024,69.92,Aceh
Kota Lhokseumawe,2013,70.61,Aceh
Kota Lhokseumawe,2014,70.62,Aceh
Kota Lhokseumawe,2015,70.96,Aceh
Kota Lhokseumawe,2016,71.05,Aceh
Kota Lhokseumawe,2017,71.14,Aceh
Kota Lhokseumawe,2018,71.27,Aceh
Kota Lhokseumawe,2019,71.52,Aceh
Kota Lhokseumawe,2020,71.6,Aceh
Kota Lhokseumawe,2021,71.64,Aceh
Kota Lhokseumawe,2022,71.87,Aceh
Kota Lhokseumawe,2023,72.06,Aceh
Kota Lhokseumawe,2024,72.25,Aceh
Kota Sabang,2013,69.54,Aceh
Kota Sabang,2014,69.54,Aceh
Kota Sabang,2015,69.93,Aceh
Kota Sabang,2016,70.01,Aceh
Kota Sabang,2017,70.09,Aceh
Kota Sabang,2018,70.21,Aceh
Kota Sabang,2019,70.45,Aceh
Kota Sabang,2020,70.51,Aceh
Kota Sabang,2021,70.56,Aceh
Kota Sabang,2022,70.79,Aceh
Kota Sabang,2023,70.98,Aceh
Kota Sabang,2024,71.17,Aceh
Kota Subulussalam,2013,62.86,Aceh
Kota Subulussalam,2014,62.87,Aceh
Kota Subulussalam,2015,63.27,Aceh
Kota Subulussalam,2016,63.42,Aceh
Kota Subulussalam,2017,63.56,Aceh
Kota Subulussalam,2018,63.69,Aceh
Kota Subulussalam,2019,63.94,Aceh
Kota Subulussalam,2020,64.02,Aceh
Kota Subulussalam,2021,64.07,Aceh
Kota Subulussalam,2022,64.3,Aceh
Kota Subulussalam,2023,64.41,Aceh
Kota Subulussalam,2024,64.51,Aceh
Nagan Raya,2013,68.28,Aceh
Nagan Raya,2014,68.29,Aceh
Nagan Raya,2015,68.59,Aceh
Nagan Raya,2016,68.67,Aceh
Nagan Raya,2017,68.76,Aceh
Nagan Raya,2018,68.89,Aceh
Nagan Raya,2019,69.14,Aceh
Nagan Raya,2020,69.22,Aceh
Nagan Raya,2021,69.24,Aceh
Nagan Raya,2022,69.45,Aceh
Nagan Raya,2023,69.6,Aceh
Nagan Raya,2024,69.75,Aceh
Pidie,2013,66.27,Aceh
Pidie,2014,66.28,Aceh
Pidie,2015,66.46,Aceh
Pidie,2016,66.52,Aceh
Pidie,2017,66.58,Aceh
Pidie,2018,66.68,Aceh
Pidie,2019,66.89,Aceh
Pidie,2020,66.94,Aceh
Pidie,2021,66.95,Aceh
Pidie,2022,67.15,Aceh
Pidie,2023,67.29,Aceh
Pidie,2024,67.41,Aceh
Pidie Jaya,2013,69.11,Aceh
Pidie Jaya,2014,69.13,Aceh
Pidie Jaya,2015,69.49,Aceh
Pidie Jaya,2016,69.59,Aceh
Pidie Jaya,2017,69.68,Aceh
Pidie Jaya,2018,69.81,Aceh
Pidie Jaya,2019,70.06,Aceh
Pidie Jaya,2020,70.14,Aceh
Pidie Jaya,2021,70.18,Aceh
Pidie Jaya,2022,70.41,Aceh
Pidie Jaya,2023,70.6,Aceh
Pidie Jaya,2024,70.77,Aceh
Simeulue,2013,64.23,Aceh
Simeulue,2014,64.24,Aceh
Simeulue,2015,64.66,Aceh
Simeulue,2016,64.78,Aceh
Simeulue,2017,64.9,Aceh
Simeulue,2018,65,Aceh
Simeulue,2019,65.22,Aceh
Simeulue,2020,65.26,Aceh
Simeulue,2021,65.28,Aceh
Simeulue,2022,65.48,Aceh
Simeulue,2023,65.61,Aceh
Simeulue,2024,65.73,Aceh
Badung,2013,74.19,Bali
Badung,2014,74.3,Bali
Badung,2015,74.31,Bali
Badung,2016,74.42,Bali
Badung,2017,74.53,Bali
Badung,2018,74.71,Bali
Badung,2019,74.99,Bali
Badung,2020,75.1,Bali
Badung,2021,75.18,Bali
Badung,2022,75.51,Bali
Badung,2023,75.88,Bali
Badung,2024,76.18,Bali
Bangli,2013,69.36,Bali
Bangli,2014,69.44,Bali
Bangli,2015,69.54,Bali
Bangli,2016,69.69,Bali
Bangli,2017,69.83,Bali
Bangli,2018,70.05,Bali
Bangli,2019,70.37,Bali
Bangli,2020,70.52,Bali
Bangli,2021,70.62,Bali
Bangli,2022,70.97,Bali
Bangli,2023,71.33,Bali
Bangli,2024,71.63,Bali
Buleleng,2013,70.58,Bali
Buleleng,2014,70.71,Bali
Buleleng,2015,70.81,Bali
Buleleng,2016,70.97,Bali
Buleleng,2017,71.14,Bali
Buleleng,2018,71.36,Bali
Buleleng,2019,71.68,Bali
Buleleng,2020,71.83,Bali
Buleleng,2021,71.95,Bali
Buleleng,2022,72.32,Bali
Buleleng,2023,72.7,Bali
Buleleng,2024,72.92,Bali
Gianyar,2013,72.71,Bali
Gianyar,2014,72.78,Bali
Gianyar,2015,72.84,Bali
Gianyar,2016,72.95,Bali
Gianyar,2017,73.06,Bali
Gianyar,2018,73.26,Bali
Gianyar,2019,73.56,Bali
Gianyar,2020,73.68,Bali
Gianyar,2021,73.78,Bali
Gianyar,2022,74.13,Bali
Gianyar,2023,74.52,Bali
Gianyar,2024,74.86,Bali
Jembrana,2013,71.26,Bali
Jembrana,2014,71.39,Bali
Jembrana,2015,71.43,Bali
Jembrana,2016,71.57,Bali
Jembrana,2017,71.7,Bali
Jembrana,2018,71.91,Bali
Jembrana,2019,72.21,Bali
Jembrana,2020,72.35,Bali
Jembrana,2021,72.46,Bali
Jembrana,2022,72.82,Bali
Jembrana,2023,73.2,Bali
Jembrana,2024,73.51,Bali
Karangasem,2013,69.12,Bali
Karangasem,2014,69.18,Bali
Karangasem,2015,69.48,Bali
Karangasem,2016,69.66,Bali
Karangasem,2017,69.85,Bali
Karangasem,2018,70.05,Bali
Karangasem,2019,70.35,Bali
Karangasem,2020,70.47,Bali
Karangasem,2021,70.56,Bali
Karangasem,2022,70.89,Bali
Karangasem,2023,71.25,Bali
Karangasem,2024,71.53,Bali
Klungkung,2013,69.84,Bali
Klungkung,2014,69.91,Bali
Klungkung,2015,70.11,Bali
Klungkung,2016,70.28,Bali
Klungkung,2017,70.45,Bali
Klungkung,2018,70.7,Bali
Klungkung,2019,71.06,Bali
Klungkung,2020,71.25,Bali
Klungkung,2021,71.41,Bali
Klungkung,2022,71.83,Bali
Klungkung,2023,72.28,Bali
Klungkung,2024,72.5,Bali
Kota Denpasar,2013,73.56,Bali
Kota Denpasar,2014,73.71,Bali
Kota Denpasar,2015,73.91,Bali
Kota Denpasar,2016,74.04,Bali
Kota Denpasar,2017,74.17,Bali
Kota Denpasar,2018,74.38,Bali
Kota Denpasar,2019,74.68,Bali
Kota Denpasar,2020,74.82,Bali
Kota Denpasar,2021,74.93,Bali
Kota Denpasar,2022,75.3,Bali
Kota Denpasar,2023,75.69,Bali
Kota Denpasar,2024,76.01,Bali
Tabanan,2013,72.52,Bali
Tabanan,2014,72.64,Bali
Tabanan,2015,72.74,Bali
Tabanan,2016,72.89,Bali
Tabanan,2017,73.03,Bali
Tabanan,2018,73.23,Bali
Tabanan,2019,73.53,Bali
Tabanan,2020,73.65,Bali
Tabanan,2021,73.75,Bali
Tabanan,2022,74.1,Bali
Tabanan,2023,74.48,Bali
Tabanan,2024,74.8,Bali
Kota Cilegon,2013,65.84,Banten
Kota Cilegon,2014,65.85,Banten
Kota Cilegon,2015,66.15,Banten
Kota Cilegon,2016,66.24,Banten
Kota Cilegon,2017,66.32,Banten
Kota Cilegon,2018,66.43,Banten
Kota Cilegon,2019,66.6,Banten
Kota Cilegon,2020,66.67,Banten
Kota Cilegon,2021,66.69,Banten
Kota Cilegon,2022,67.02,Banten
Kota Cilegon,2023,67.39,Banten
Kota Cilegon,2024,67.66,Banten
Kota Serang,2013,67.23,Banten
Kota Serang,2014,67.23,Banten
Kota Serang,2015,67.33,Banten
Kota Serang,2016,67.36,Banten
Kota Serang,2017,67.38,Banten
Kota Serang,2018,67.58,Banten
Kota Serang,2019,67.83,Banten
Kota Serang,2020,68,Banten
Kota Serang,2021,68.12,Banten
Kota Serang,2022,68.54,Banten
Kota Serang,2023,68.98,Banten
Kota Serang,2024,69.27,Banten
Kota Tangerang,2013,71.09,Banten
Kota Tangerang,2014,71.09,Banten
Kota Tangerang,2015,71.29,Banten
Kota Tangerang,2016,71.34,Banten
Kota Tangerang,2017,71.38,Banten
Kota Tangerang,2018,71.45,Banten
Kota Tangerang,2019,71.57,Banten
Kota Tangerang,2020,71.6,Banten
Kota Tangerang,2021,71.6,Banten
Kota Tangerang,2022,71.91,Banten
Kota Tangerang,2023,72.24,Banten
Kota Tangerang,2024,72.46,Banten
Kota Tangerang Selatan,2013,72.1,Banten
Kota Tangerang Selatan,2014,72.11,Banten
Kota Tangerang Selatan,2015,72.12,Banten
Kota Tangerang Selatan,2016,72.14,Banten
Kota Tangerang Selatan,2017,72.16,Banten
Kota Tangerang Selatan,2018,72.26,Banten
Kota Tangerang Selatan,2019,72.41,Banten
Kota Tangerang Selatan,2020,72.47,Banten
Kota Tangerang Selatan,2021,72.47,Banten
Kota Tangerang Selatan,2022,72.78,Banten
Kota Tangerang Selatan,2023,73.11,Banten
Kota Tangerang Selatan,2024,73.31,Banten
Lebak,2013,65.83,Banten
Lebak,2014,65.88,Banten
Lebak,2015,66.28,Banten
Lebak,2016,66.43,Banten
Lebak,2017,66.59,Banten
Lebak,2018,66.79,Banten
Lebak,2019,67.04,Banten
Lebak,2020,67.21,Banten
Lebak,2021,67.33,Banten
Lebak,2022,67.74,Banten
Lebak,2023,68.13,Banten
Lebak,2024,68.34,Banten
Pandeglang,2013,62.83,Banten
Pandeglang,2014,62.91,Banten
Pandeglang,2015,63.51,Banten
Pandeglang,2016,63.77,Banten
Pandeglang,2017,64.04,Banten
Pandeglang,2018,64.24,Banten
Pandeglang,2019,64.49,Banten
Pandeglang,2020,64.66,Banten
Pandeglang,2021,64.79,Banten
Pandeglang,2022,65.2,Banten
Pandeglang,2023,65.58,Banten
Pandeglang,2024,65.79,Banten
Serang,2013,63.03,Banten
Serang,2014,63.09,Banten
Serang,2015,63.59,Banten
Serang,2016,63.81,Banten
Serang,2017,64.02,Banten
Serang,2018,64.22,Banten
Serang,2019,64.47,Banten
Serang,2020,64.64,Banten
Serang,2021,64.76,Banten
Serang,2022,65.18,Banten
Serang,2023,65.6,Banten
Serang,2024,65.9,Banten
Tangerang,2013,68.96,Banten
Tangerang,2014,68.98,Banten
Tangerang,2015,69.28,Banten
Tangerang,2016,69.37,Banten
Tangerang,2017,69.47,Banten
Tangerang,2018,69.61,Banten
Tangerang,2019,69.79,Banten
Tangerang,2020,69.89,Banten
Tangerang,2021,69.93,Banten
Tangerang,2022,70.28,Banten
Tangerang,2023,70.65,Banten
Tangerang,2024,70.88,Banten
Bengkulu Selatan,2013,67.05,Bengkulu
Bengkulu Selatan,2014,67.06,Bengkulu
Bengkulu Selatan,2015,67.16,Bengkulu
Bengkulu Selatan,2016,67.2,Bengkulu
Bengkulu Selatan,2017,67.24,Bengkulu
Bengkulu Selatan,2018,67.45,Bengkulu
Bengkulu Selatan,2019,67.79,Bengkulu
Bengkulu Selatan,2020,67.9,Bengkulu
Bengkulu Selatan,2021,67.93,Bengkulu
Bengkulu Selatan,2022,68.15,Bengkulu
Bengkulu Selatan,2023,68.4,Bengkulu
Bengkulu Selatan,2024,68.53,Bengkulu
Bengkulu Tengah,2013,67.61,Bengkulu
Bengkulu Tengah,2014,67.61,Bengkulu
Bengkulu Tengah,2015,67.61,Bengkulu
Bengkulu Tengah,2016,67.63,Bengkulu
Bengkulu Tengah,2017,67.64,Bengkulu
Bengkulu Tengah,2018,67.82,Bengkulu
Bengkulu Tengah,2019,68.12,Bengkulu
Bengkulu Tengah,2020,68.19,Bengkulu
Bengkulu Tengah,2021,68.19,Bengkulu
Bengkulu Tengah,2022,68.37,Bengkulu
Bengkulu Tengah,2023,68.52,Bengkulu
Bengkulu Tengah,2024,68.64,Bengkulu
Bengkulu Utara,2013,67.37,Bengkulu
Bengkulu Utara,2014,67.38,Bengkulu
Bengkulu Utara,2015,67.38,Bengkulu
Bengkulu Utara,2016,67.4,Bengkulu
Bengkulu Utara,2017,67.42,Bengkulu
Bengkulu Utara,2018,67.67,Bengkulu
Bengkulu Utara,2019,68.04,Bengkulu
Bengkulu Utara,2020,68.19,Bengkulu
Bengkulu Utara,2021,68.27,Bengkulu
Bengkulu Utara,2022,68.53,Bengkulu
Bengkulu Utara,2023,68.77,Bengkulu
Bengkulu Utara,2024,68.99,Bengkulu
Kaur,2013,65.45,Bengkulu
Kaur,2014,65.46,Bengkulu
Kaur,2015,65.76,Bengkulu
Kaur,2016,65.84,Bengkulu
Kaur,2017,65.92,Bengkulu
Kaur,2018,66.15,Bengkulu
Kaur,2019,66.5,Bengkulu
Kaur,2020,66.63,Bengkulu
Kaur,2021,66.73,Bengkulu
Kaur,2022,67.01,Bengkulu
Kaur,2023,67.27,Bengkulu
Kaur,2024,67.51,Bengkulu
Kepahiang,2013,66.63,Bengkulu
Kepahiang,2014,66.65,Bengkulu
Kepahiang,2015,66.95,Bengkulu
Kepahiang,2016,67.03,Bengkulu
Kepahiang,2017,67.12,Bengkulu
Kepahiang,2018,67.39,Bengkulu
Kepahiang,2019,67.78,Bengkulu
Kepahiang,2020,67.95,Bengkulu
Kepahiang,2021,68.08,Bengkulu
Kepahiang,2022,68.28,Bengkulu
Kepahiang,2023,68.46,Bengkulu
Kepahiang,2024,68.61,Bengkulu
Kota Bengkulu,2013,69.44,Bengkulu
Kota Bengkulu,2014,69.46,Bengkulu
Kota Bengkulu,2015,69.46,Bengkulu
Kota Bengkulu,2016,69.49,Bengkulu
Kota Bengkulu,2017,69.52,Bengkulu
Kota Bengkulu,2018,69.72,Bengkulu
Kota Bengkulu,2019,70.04,Bengkulu
Kota Bengkulu,2020,70.13,Bengkulu
Kota Bengkulu,2021,70.2,Bengkulu
Kota Bengkulu,2022,70.46,Bengkulu
Kota Bengkulu,2023,70.74,Bengkulu
Kota Bengkulu,2024,71.03,Bengkulu
Lebong,2013,62.01,Bengkulu
Lebong,2014,62.01,Bengkulu
Lebong,2015,62.31,Bengkulu
Lebong,2016,62.39,Bengkulu
Lebong,2017,62.46,Bengkulu
Lebong,2018,62.73,Bengkulu
Lebong,2019,63.12,Bengkulu
Lebong,2020,63.29,Bengkulu
Lebong,2021,63.4,Bengkulu
Lebong,2022,63.68,Bengkulu
Lebong,2023,63.93,Bengkulu
Lebong,2024,64.13,Bengkulu
Muko Muko,2013,65.8,Bengkulu
Muko Muko,2014,65.83,Bengkulu
Muko Muko,2015,65.83,Bengkulu
Muko Muko,2016,65.88,Bengkulu
Muko Muko,2017,65.93,Bengkulu
Muko Muko,2018,66.16,Bengkulu
Muko Muko,2019,66.51,Bengkulu
Muko Muko,2020,66.64,Bengkulu
Muko Muko,2021,66.73,Bengkulu
Muko Muko,2022,67,Bengkulu
Muko Muko,2023,67.3,Bengkulu
Muko Muko,2024,67.57,Bengkulu
Rejang Lebong,2013,67.39,Bengkulu
Rejang Lebong,2014,67.42,Bengkulu
Rejang Lebong,2015,67.52,Bengkulu
Rejang Lebong,2016,67.58,Bengkulu
Rejang Lebong,2017,67.65,Bengkulu
Rejang Lebong,2018,67.95,Bengkulu
Rejang Lebong,2019,68.37,Bengkulu
Rejang Lebong,2020,68.57,Bengkulu
Rejang Lebong,2021,68.75,Bengkulu
Rejang Lebong,2022,69,Bengkulu
Rejang Lebong,2023,69.22,Bengkulu
Rejang Lebong,2024,69.42,Bengkulu
Seluma,2013,66.39,Bengkulu
Seluma,2014,66.4,Bengkulu
Seluma,2015,66.7,Bengkulu
Seluma,2016,66.77,Bengkulu
Seluma,2017,66.85,Bengkulu
Seluma,2018,67.14,Bengkulu
Seluma,2019,67.56,Bengkulu
Seluma,2020,67.75,Bengkulu
Seluma,2021,67.9,Bengkulu
Seluma,2022,68.13,Bengkulu
Seluma,2023,68.35,Bengkulu
Seluma,2024,68.53,Bengkulu
Bantul,2013,73.22,DI Yogyakarta
Bantul,2014,73.24,DI Yogyakarta
Bantul,2015,73.44,DI Yogyakarta
Bantul,2016,73.5,DI Yogyakarta
Bantul,2017,73.56,DI Yogyakarta
Bantul,2018,73.66,DI Yogyakarta
Bantul,2019,73.77,DI Yogyakarta
Bantul,2020,73.86,DI Yogyakarta
Bantul,2021,73.89,DI Yogyakarta
Bantul,2022,73.9,DI Yogyakarta
Bantul,2023,73.94,DI Yogyakarta
Bantul,2024,74.17,DI Yogyakarta
Gunungkidul,2013,73.38,DI Yogyakarta
Gunungkidul,2014,73.39,DI Yogyakarta
Gunungkidul,2015,73.69,DI Yogyakarta
Gunungkidul,2016,73.76,DI Yogyakarta
Gunungkidul,2017,73.82,DI Yogyakarta
Gunungkidul,2018,73.92,DI Yogyakarta
Gunungkidul,2019,74.03,DI Yogyakarta
Gunungkidul,2020,74.12,DI Yogyakarta
Gunungkidul,2021,74.19,DI Yogyakarta
Gunungkidul,2022,74.23,DI Yogyakarta
Gunungkidul,2023,74.24,DI Yogyakarta
Gunungkidul,2024,74.35,DI Yogyakarta
Kota Yogyakarta,2013,74.05,DI Yogyakarta
Kota Yogyakarta,2014,74.05,DI Yogyakarta
Kota Yogyakarta,2015,74.25,DI Yogyakarta
Kota Yogyakarta,2016,74.3,DI Yogyakarta
Kota Yogyakarta,2017,74.35,DI Yogyakarta
Kota Yogyakarta,2018,74.45,DI Yogyakarta
Kota Yogyakarta,2019,74.56,DI Yogyakarta
Kota Yogyakarta,2020,74.65,DI Yogyakarta
Kota Yogyakarta,2021,74.76,DI Yogyakarta
Kota Yogyakarta,2022,74.83,DI Yogyakarta
Kota Yogyakarta,2023,74.91,DI Yogyakarta
Kota Yogyakarta,2024,75.11,DI Yogyakarta
Kulon Progo,2013,74.89,DI Yogyakarta
Kulon Progo,2014,74.9,DI Yogyakarta
Kulon Progo,2015,75,DI Yogyakarta
Kulon Progo,2016,75.03,DI Yogyakarta
Kulon Progo,2017,75.06,DI Yogyakarta
Kulon Progo,2018,75.12,DI Yogyakarta
Kulon Progo,2019,75.2,DI Yogyakarta
Kulon Progo,2020,75.24,DI Yogyakarta
Kulon Progo,2021,75.27,DI Yogyakarta
Kulon Progo,2022,75.28,DI Yogyakarta
Kulon Progo,2023,75.29,DI Yogyakarta
Kulon Progo,2024,75.41,DI Yogyakarta
Sleman,2013,74.47,DI Yogyakarta
Sleman,2014,74.47,DI Yogyakarta
Sleman,2015,74.57,DI Yogyakarta
Sleman,2016,74.6,DI Yogyakarta
Sleman,2017,74.63,DI Yogyakarta
Sleman,2018,74.69,DI Yogyakarta
Sleman,2019,74.77,DI Yogyakarta
Sleman,2020,74.81,DI Yogyakarta
Sleman,2021,74.92,DI Yogyakarta
Sleman,2022,75,DI Yogyakarta
Sleman,2023,75.08,DI Yogyakarta
Sleman,2024,75.29,DI Yogyakarta
Kepulauan Seribu,2013,67.16,DKI Jakarta
Kepulauan Seribu,2014,67.22,DKI Jakarta
Kepulauan Seribu,2015,67.72,DKI Jakarta
Kepulauan Seribu,2016,67.88,DKI Jakarta
Kepulauan Seribu,2017,68.04,DKI Jakarta
Kepulauan Seribu,2018,68.27,DKI Jakarta
Kepulauan Seribu,2019,68.51,DKI Jakarta
Kepulauan Seribu,2020,68.76,DKI Jakarta
Kepulauan Seribu,2021,68.99,DKI Jakarta
Kepulauan Seribu,2022,69.2,DKI Jakarta
Kepulauan Seribu,2023,69.61,DKI Jakarta
Kepulauan Seribu,2024,69.78,DKI Jakarta
Kota Jakarta Barat,2013,73.22,DKI Jakarta
Kota Jakarta Barat,2014,73.22,DKI Jakarta
Kota Jakarta Barat,2015,73.32,DKI Jakarta
Kota Jakarta Barat,2016,73.34,DKI Jakarta
Kota Jakarta Barat,2017,73.37,DKI Jakarta
Kota Jakarta Barat,2018,73.45,DKI Jakarta
Kota Jakarta Barat,2019,73.54,DKI Jakarta
Kota Jakarta Barat,2020,73.62,DKI Jakarta
Kota Jakarta Barat,2021,73.69,DKI Jakarta
Kota Jakarta Barat,2022,73.81,DKI Jakarta
Kota Jakarta Barat,2023,74.16,DKI Jakarta
Kota Jakarta Barat,2024,74.48,DKI Jakarta
Kota Jakarta Pusat,2013,73.58,DKI Jakarta
Kota Jakarta Pusat,2014,73.6,DKI Jakarta
Kota Jakarta Pusat,2015,73.7,DKI Jakarta
Kota Jakarta Pusat,2016,73.76,DKI Jakarta
Kota Jakarta Pusat,2017,73.83,DKI Jakarta
Kota Jakarta Pusat,2018,73.92,DKI Jakarta
Kota Jakarta Pusat,2019,74.02,DKI Jakarta
Kota Jakarta Pusat,2020,74.11,DKI Jakarta
Kota Jakarta Pusat,2021,74.19,DKI Jakarta
Kota Jakarta Pusat,2022,74.48,DKI Jakarta
Kota Jakarta Pusat,2023,74.81,DKI Jakarta
Kota Jakarta Pusat,2024,75.09,DKI Jakarta
Kota Jakarta Selatan,2013,73.8,DKI Jakarta
Kota Jakarta Selatan,2014,73.81,DKI Jakarta
Kota Jakarta Selatan,2015,73.81,DKI Jakarta
Kota Jakarta Selatan,2016,73.83,DKI Jakarta
Kota Jakarta Selatan,2017,73.84,DKI Jakarta
Kota Jakarta Selatan,2018,73.93,DKI Jakarta
Kota Jakarta Selatan,2019,74.03,DKI Jakarta
Kota Jakarta Selatan,2020,74.12,DKI Jakarta
Kota Jakarta Selatan,2021,74.2,DKI Jakarta
Kota Jakarta Selatan,2022,74.49,DKI Jakarta
Kota Jakarta Selatan,2023,74.78,DKI Jakarta
Kota Jakarta Selatan,2024,75.02,DKI Jakarta
Kota Jakarta Timur,2013,73.98,DKI Jakarta
Kota Jakarta Timur,2014,74,DKI Jakarta
Kota Jakarta Timur,2015,74.1,DKI Jakarta
Kota Jakarta Timur,2016,74.14,DKI Jakarta
Kota Jakarta Timur,2017,74.18,DKI Jakarta
Kota Jakarta Timur,2018,74.27,DKI Jakarta
Kota Jakarta Timur,2019,74.37,DKI Jakarta
Kota Jakarta Timur,2020,74.47,DKI Jakarta
Kota Jakarta Timur,2021,74.54,DKI Jakarta
Kota Jakarta Timur,2022,74.83,DKI Jakarta
Kota Jakarta Timur,2023,75.12,DKI Jakarta
Kota Jakarta Timur,2024,75.38,DKI Jakarta
Kota Jakarta Utara,2013,72.8,DKI Jakarta
Kota Jakarta Utara,2014,72.81,DKI Jakarta
Kota Jakarta Utara,2015,72.91,DKI Jakarta
Kota Jakarta Utara,2016,72.95,DKI Jakarta
Kota Jakarta Utara,2017,72.99,DKI Jakarta
Kota Jakarta Utara,2018,73.08,DKI Jakarta
Kota Jakarta Utara,2019,73.18,DKI Jakarta
Kota Jakarta Utara,2020,73.28,DKI Jakarta
Kota Jakarta Utara,2021,73.35,DKI Jakarta
Kota Jakarta Utara,2022,73.47,DKI Jakarta
Kota Jakarta Utara,2023,73.59,DKI Jakarta
Kota Jakarta Utara,2024,73.69,DKI Jakarta
Boalemo,2013,67.12,Gorontalo
Boalemo,2014,67.29,Gorontalo
Boalemo,2015,67.49,Gorontalo
Boalemo,2016,67.67,Gorontalo
Boalemo,2017,67.86,Gorontalo
Boalemo,2018,68.25,Gorontalo
Boalemo,2019,68.83,Gorontalo
Boalemo,2020,69.07,Gorontalo
Boalemo,2021,69.3,Gorontalo
Boalemo,2022,69.61,Gorontalo
Boalemo,2023,69.92,Gorontalo
Boalemo,2024,70.11,Gorontalo
Bone Bolango,2013,67.45,Gorontalo
Bone Bolango,2014,67.5,Gorontalo
Bone Bolango,2015,67.6,Gorontalo
Bone Bolango,2016,67.65,Gorontalo
Bone Bolango,2017,67.71,Gorontalo
Bone Bolango,2018,67.95,Gorontalo
Bone Bolango,2019,68.38,Gorontalo
Bone Bolango,2020,68.46,Gorontalo
Bone Bolango,2021,68.52,Gorontalo
Bone Bolango,2022,68.88,Gorontalo
Bone Bolango,2023,69.24,Gorontalo
Bone Bolango,2024,69.49,Gorontalo
Gorontalo,2013,66.51,Gorontalo
Gorontalo,2014,66.53,Gorontalo
Gorontalo,2015,66.63,Gorontalo
Gorontalo,2016,66.66,Gorontalo
Gorontalo,2017,66.69,Gorontalo
Gorontalo,2018,66.98,Gorontalo
Gorontalo,2019,67.45,Gorontalo
Gorontalo,2020,67.58,Gorontalo
Gorontalo,2021,67.69,Gorontalo
Gorontalo,2022,67.89,Gorontalo
Gorontalo,2023,68.09,Gorontalo
Gorontalo,2024,68.23,Gorontalo
Gorontalo Utara,2013,64.76,Gorontalo
Gorontalo Utara,2014,64.79,Gorontalo
Gorontalo Utara,2015,64.99,Gorontalo
Gorontalo Utara,2016,65.06,Gorontalo
Gorontalo Utara,2017,65.12,Gorontalo
Gorontalo Utara,2018,65.36,Gorontalo
Gorontalo Utara,2019,65.79,Gorontalo
Gorontalo Utara,2020,65.87,Gorontalo
Gorontalo Utara,2021,65.93,Gorontalo
Gorontalo Utara,2022,66.3,Gorontalo
Gorontalo Utara,2023,66.67,Gorontalo
Gorontalo Utara,2024,66.95,Gorontalo
Kota Gorontalo,2013,71.62,Gorontalo
Kota Gorontalo,2014,71.68,Gorontalo
Kota Gorontalo,2015,71.69,Gorontalo
Kota Gorontalo,2016,71.74,Gorontalo
Kota Gorontalo,2017,71.79,Gorontalo
Kota Gorontalo,2018,72.02,Gorontalo
Kota Gorontalo,2019,72.42,Gorontalo
Kota Gorontalo,2020,72.49,Gorontalo
Kota Gorontalo,2021,72.53,Gorontalo
Kota Gorontalo,2022,72.88,Gorontalo
Kota Gorontalo,2023,73.25,Gorontalo
Kota Gorontalo,2024,73.55,Gorontalo
Pahuwato,2013,62.09,Gorontalo
Pahuwato,2014,62.33,Gorontalo
Pahuwato,2015,62.43,Gorontalo
Pahuwato,2016,62.65,Gorontalo
Pahuwato,2017,62.86,Gorontalo
Pahuwato,2018,63.25,Gorontalo
Pahuwato,2019,63.83,Gorontalo
Pahuwato,2020,64.07,Gorontalo
Pahuwato,2021,64.3,Gorontalo
Pahuwato,2022,64.62,Gorontalo
Pahuwato,2023,64.95,Gorontalo
Pahuwato,2024,65.18,Gorontalo
Batanghari,2013,69.63,Jambi
Batanghari,2014,69.65,Jambi
Batanghari,2015,69.95,Jambi
Batanghari,2016,70.03,Jambi
Batanghari,2017,70.12,Jambi
Batanghari,2018,70.26,Jambi
Batanghari,2019,70.44,Jambi
Batanghari,2020,70.56,Jambi
Batanghari,2021,70.64,Jambi
Batanghari,2022,70.93,Jambi
Batanghari,2023,71.22,Jambi
Batanghari,2024,71.55,Jambi
Bungo,2013,66.68,Jambi
Bungo,2014,66.68,Jambi
Bungo,2015,67.08,Jambi
Bungo,2016,67.18,Jambi
Bungo,2017,67.27,Jambi
Bungo,2018,67.42,Jambi
Bungo,2019,67.61,Jambi
Bungo,2020,67.74,Jambi
Bungo,2021,67.83,Jambi
Bungo,2022,68.13,Jambi
Bungo,2023,68.43,Jambi
Bungo,2024,68.71,Jambi
Kerinci,2013,69.14,Jambi
Kerinci,2014,69.2,Jambi
Kerinci,2015,69.3,Jambi
Kerinci,2016,69.41,Jambi
Kerinci,2017,69.52,Jambi
Kerinci,2018,69.65,Jambi
Kerinci,2019,69.82,Jambi
Kerinci,2020,69.93,Jambi
Kerinci,2021,70,Jambi
Kerinci,2022,70.28,Jambi
Kerinci,2023,70.55,Jambi
Kerinci,2024,70.8,Jambi
Kota Jambi,2013,72.3,Jambi
Kota Jambi,2014,72.31,Jambi
Kota Jambi,2015,72.31,Jambi
Kota Jambi,2016,72.32,Jambi
Kota Jambi,2017,72.33,Jambi
Kota Jambi,2018,72.43,Jambi
Kota Jambi,2019,72.57,Jambi
Kota Jambi,2020,72.65,Jambi
Kota Jambi,2021,72.71,Jambi
Kota Jambi,2022,72.99,Jambi
Kota Jambi,2023,73.29,Jambi
Kota Jambi,2024,73.66,Jambi
Kota Sungai Penuh,2013,71.49,Jambi
Kota Sungai Penuh,2014,71.51,Jambi
Kota Sungai Penuh,2015,71.61,Jambi
Kota Sungai Penuh,2016,71.66,Jambi
Kota Sungai Penuh,2017,71.71,Jambi
Kota Sungai Penuh,2018,71.84,Jambi
Kota Sungai Penuh,2019,72.01,Jambi
Kota Sungai Penuh,2020,72.11,Jambi
Kota Sungai Penuh,2021,72.21,Jambi
Kota Sungai Penuh,2022,72.53,Jambi
Kota Sungai Penuh,2023,72.86,Jambi
Kota Sungai Penuh,2024,73.2,Jambi
Merangin,2013,70.91,Jambi
Merangin,2014,70.92,Jambi
Merangin,2015,70.92,Jambi
Merangin,2016,70.93,Jambi
Merangin,2017,70.94,Jambi
Merangin,2018,71.04,Jambi
Merangin,2019,71.18,Jambi
Merangin,2020,71.26,Jambi
Merangin,2021,71.29,Jambi
Merangin,2022,71.53,Jambi
Merangin,2023,71.75,Jambi
Merangin,2024,71.95,Jambi
Muaro Jambi,2013,70.7,Jambi
Muaro Jambi,2014,70.71,Jambi
Muaro Jambi,2015,70.81,Jambi
Muaro Jambi,2016,70.86,Jambi
Muaro Jambi,2017,70.9,Jambi
Muaro Jambi,2018,71.02,Jambi
Muaro Jambi,2019,71.18,Jambi
Muaro Jambi,2020,71.27,Jambi
Muaro Jambi,2021,71.32,Jambi
Muaro Jambi,2022,71.58,Jambi
Muaro Jambi,2023,71.84,Jambi
Muaro Jambi,2024,72.09,Jambi
Sarolangun,2013,68.66,Jambi
Sarolangun,2014,68.67,Jambi
Sarolangun,2015,68.77,Jambi
Sarolangun,2016,68.8,Jambi
Sarolangun,2017,68.83,Jambi
Sarolangun,2018,68.94,Jambi
Sarolangun,2019,69.09,Jambi
Sarolangun,2020,69.17,Jambi
Sarolangun,2021,69.21,Jambi
Sarolangun,2022,69.46,Jambi
Sarolangun,2023,69.7,Jambi
Sarolangun,2024,69.92,Jambi
Tanjung Jabung Barat,2013,67.46,Jambi
Tanjung Jabung Barat,2014,67.46,Jambi
Tanjung Jabung Barat,2015,67.66,Jambi
Tanjung Jabung Barat,2016,67.71,Jambi
Tanjung Jabung Barat,2017,67.75,Jambi
Tanjung Jabung Barat,2018,67.87,Jambi
Tanjung Jabung Barat,2019,68.03,Jambi
Tanjung Jabung Barat,2020,68.12,Jambi
Tanjung Jabung Barat,2021,68.17,Jambi
Tanjung Jabung Barat,2022,68.43,Jambi
Tanjung Jabung Barat,2023,68.67,Jambi
Tanjung Jabung Barat,2024,68.91,Jambi
Tanjung Jabung Timur,2013,65.25,Jambi
Tanjung Jabung Timur,2014,65.33,Jambi
Tanjung Jabung Timur,2015,65.43,Jambi
Tanjung Jabung Timur,2016,65.56,Jambi
Tanjung Jabung Timur,2017,65.69,Jambi
Tanjung Jabung Timur,2018,65.86,Jambi
Tanjung Jabung Timur,2019,66.08,Jambi
Tanjung Jabung Timur,2020,66.23,Jambi
Tanjung Jabung Timur,2021,66.34,Jambi
Tanjung Jabung Timur,2022,66.66,Jambi
Tanjung Jabung Timur,2023,66.98,Jambi
Tanjung Jabung Timur,2024,67.26,Jambi
Tebo,2013,69.65,Jambi
Tebo,2014,69.65,Jambi
Tebo,2015,69.66,Jambi
Tebo,2016,69.66,Jambi
Tebo,2017,69.67,Jambi
Tebo,2018,69.77,Jambi
Tebo,2019,69.91,Jambi
Tebo,2020,69.99,Jambi
Tebo,2021,70.02,Jambi
Tebo,2022,70.26,Jambi
Tebo,2023,70.49,Jambi
Tebo,2024,70.69,Jambi
Bandung,2013,72.96,Jawa Barat
Bandung,2014,72.97,Jawa Barat
Bandung,2015,73.07,Jawa Barat
Bandung,2016,73.1,Jawa Barat
Bandung,2017,73.13,Jawa Barat
Bandung,2018,73.26,Jawa Barat
Bandung,2019,73.4,Jawa Barat
Bandung,2020,73.53,Jawa Barat
Bandung,2021,73.72,Jawa Barat
Bandung,2022,74.01,Jawa Barat
Bandung,2023,74.27,Jawa Barat
Bandung,2024,74.53,Jawa Barat
Bandung Barat,2013,71.56,Jawa Barat
Bandung Barat,2014,71.56,Jawa Barat
Bandung Barat,2015,71.76,Jawa Barat
Bandung Barat,2016,71.82,Jawa Barat
Bandung Barat,2017,71.87,Jawa Barat
Bandung Barat,2018,72.03,Jawa Barat
Bandung Barat,2019,72.18,Jawa Barat
Bandung Barat,2020,72.34,Jawa Barat
Bandung Barat,2021,72.52,Jawa Barat
Bandung Barat,2022,72.79,Jawa Barat
Bandung Barat,2023,73.1,Jawa Barat
Bandung Barat,2024,73.34,Jawa Barat
Bekasi,2013,73.13,Jawa Barat
Bekasi,2014,73.16,Jawa Barat
Bekasi,2015,73.18,Jawa Barat
Bekasi,2016,73.24,Jawa Barat
Bekasi,2017,73.3,Jawa Barat
Bekasi,2018,73.43,Jawa Barat
Bekasi,2019,73.56,Jawa Barat
Bekasi,2020,73.68,Jawa Barat
Bekasi,2021,73.81,Jawa Barat
Bekasi,2022,74.04,Jawa Barat
Bekasi,2023,74.3,Jawa Barat
Bekasi,2024,74.57,Jawa Barat
Bogor,2013,70.47,Jawa Barat
Bogor,2014,70.49,Jawa Barat
Bogor,2015,70.59,Jawa Barat
Bogor,2016,70.65,Jawa Barat
Bogor,2017,70.7,Jawa Barat
Bogor,2018,70.86,Jawa Barat
Bogor,2019,71.01,Jawa Barat
Bogor,2020,71.17,Jawa Barat
Bogor,2021,71.36,Jawa Barat
Bogor,2022,71.65,Jawa Barat
Bogor,2023,71.92,Jawa Barat
Bogor,2024,72.16,Jawa Barat
Ciamis,2013,70.29,Jawa Barat
Ciamis,2014,70.34,Jawa Barat
Ciamis,2015,70.74,Jawa Barat
Ciamis,2016,70.9,Jawa Barat
Ciamis,2017,71.07,Jawa Barat
Ciamis,2018,71.32,Jawa Barat
Ciamis,2019,71.57,Jawa Barat
Ciamis,2020,71.83,Jawa Barat
Ciamis,2021,72.02,Jawa Barat
Ciamis,2022,72.3,Jawa Barat
Ciamis,2023,72.57,Jawa Barat
Ciamis,2024,72.87,Jawa Barat
Cianjur,2013,69.04,Jawa Barat
Cianjur,2014,69.08,Jawa Barat
Cianjur,2015,69.28,Jawa Barat
Cianjur,2016,69.39,Jawa Barat
Cianjur,2017,69.49,Jawa Barat
Cianjur,2018,69.7,Jawa Barat
Cianjur,2019,69.91,Jawa Barat
Cianjur,2020,70.13,Jawa Barat
Cianjur,2021,70.32,Jawa Barat
Cianjur,2022,70.58,Jawa Barat
Cianjur,2023,70.79,Jawa Barat
Cianjur,2024,70.96,Jawa Barat
Cirebon,2013,71.25,Jawa Barat
Cirebon,2014,71.28,Jawa Barat
Cirebon,2015,71.38,Jawa Barat
Cirebon,2016,71.43,Jawa Barat
Cirebon,2017,71.49,Jawa Barat
Cirebon,2018,71.66,Jawa Barat
Cirebon,2019,71.82,Jawa Barat
Cirebon,2020,71.99,Jawa Barat
Cirebon,2021,72.18,Jawa Barat
Cirebon,2022,72.47,Jawa Barat
Cirebon,2023,72.76,Jawa Barat
Cirebon,2024,73.04,Jawa Barat
Garut,2013,70.47,Jawa Barat
Garut,2014,70.49,Jawa Barat
Garut,2015,70.69,Jawa Barat
Garut,2016,70.76,Jawa Barat
Garut,2017,70.84,Jawa Barat
Garut,2018,71.03,Jawa Barat
Garut,2019,71.22,Jawa Barat
Garut,2020,71.41,Jawa Barat
Garut,2021,71.59,Jawa Barat
Garut,2022,71.85,Jawa Barat
Garut,2023,72.07,Jawa Barat
Garut,2024,72.28,Jawa Barat
Indramayu,2013,70.25,Jawa Barat
Indramayu,2014,70.29,Jawa Barat
Indramayu,2015,70.59,Jawa Barat
Indramayu,2016,70.72,Jawa Barat
Indramayu,2017,70.86,Jawa Barat
Indramayu,2018,71.11,Jawa Barat
Indramayu,2019,71.37,Jawa Barat
Indramayu,2020,71.63,Jawa Barat
Indramayu,2021,71.84,Jawa Barat
Indramayu,2022,72.15,Jawa Barat
Indramayu,2023,72.46,Jawa Barat
Indramayu,2024,72.77,Jawa Barat
Karawang,2013,71.44,Jawa Barat
Karawang,2014,71.45,Jawa Barat
Karawang,2015,71.55,Jawa Barat
Karawang,2016,71.6,Jawa Barat
Karawang,2017,71.64,Jawa Barat
Karawang,2018,71.81,Jawa Barat
Karawang,2019,71.98,Jawa Barat
Karawang,2020,72.15,Jawa Barat
Karawang,2021,72.33,Jawa Barat
Karawang,2022,72.62,Jawa Barat
Karawang,2023,72.9,Jawa Barat
Karawang,2024,73.14,Jawa Barat
Kota Bandung,2013,73.79,Jawa Barat
Kota Bandung,2014,73.8,Jawa Barat
Kota Bandung,2015,73.82,Jawa Barat
Kota Bandung,2016,73.84,Jawa Barat
Kota Bandung,2017,73.86,Jawa Barat
Kota Bandung,2018,74,Jawa Barat
Kota Bandung,2019,74.14,Jawa Barat
Kota Bandung,2020,74.28,Jawa Barat
Kota Bandung,2021,74.46,Jawa Barat
Kota Bandung,2022,74.75,Jawa Barat
Kota Bandung,2023,75.04,Jawa Barat
Kota Bandung,2024,75.37,Jawa Barat
Kota Banjar,2013,70.2,Jawa Barat
Kota Banjar,2014,70.24,Jawa Barat
Kota Banjar,2015,70.26,Jawa Barat
Kota Banjar,2016,70.33,Jawa Barat
Kota Banjar,2017,70.39,Jawa Barat
Kota Banjar,2018,70.59,Jawa Barat
Kota Banjar,2019,70.79,Jawa Barat
Kota Banjar,2020,70.99,Jawa Barat
Kota Banjar,2021,71.19,Jawa Barat
Kota Banjar,2022,71.49,Jawa Barat
Kota Banjar,2023,71.8,Jawa Barat
Kota Banjar,2024,72.03,Jawa Barat
Kota Bekasi,2013,74.17,Jawa Barat
Kota Bekasi,2014,74.18,Jawa Barat
Kota Bekasi,2015,74.48,Jawa Barat
Kota Bekasi,2016,74.55,Jawa Barat
Kota Bekasi,2017,74.63,Jawa Barat
Kota Bekasi,2018,74.76,Jawa Barat
Kota Bekasi,2019,74.89,Jawa Barat
Kota Bekasi,2020,75.01,Jawa Barat
Kota Bekasi,2021,75.19,Jawa Barat
Kota Bekasi,2022,75.48,Jawa Barat
Kota Bekasi,2023,75.79,Jawa Barat
Kota Bekasi,2024,76.12,Jawa Barat
Kota Bogor,2013,72.57,Jawa Barat
Kota Bogor,2014,72.58,Jawa Barat
Kota Bogor,2015,72.88,Jawa Barat
Kota Bogor,2016,72.95,Jawa Barat
Kota Bogor,2017,73.01,Jawa Barat
Kota Bogor,2018,73.21,Jawa Barat
Kota Bogor,2019,73.41,Jawa Barat
Kota Bogor,2020,73.61,Jawa Barat
Kota Bogor,2021,73.82,Jawa Barat
Kota Bogor,2022,74.13,Jawa Barat
Kota Bogor,2023,74.45,Jawa Barat
Kota Bogor,2024,74.74,Jawa Barat
Kota Cimahi,2013,73.56,Jawa Barat
Kota Cimahi,2014,73.56,Jawa Barat
Kota Cimahi,2015,73.58,Jawa Barat
Kota Cimahi,2016,73.59,Jawa Barat
Kota Cimahi,2017,73.61,Jawa Barat
Kota Cimahi,2018,73.75,Jawa Barat
Kota Cimahi,2019,73.89,Jawa Barat
Kota Cimahi,2020,74.03,Jawa Barat
Kota Cimahi,2021,74.21,Jawa Barat
Kota Cimahi,2022,74.5,Jawa Barat
Kota Cimahi,2023,74.8,Jawa Barat
Kota Cimahi,2024,75.1,Jawa Barat
Kota Cirebon,2013,71.75,Jawa Barat
Kota Cirebon,2014,71.77,Jawa Barat
Kota Cirebon,2015,71.79,Jawa Barat
Kota Cirebon,2016,71.83,Jawa Barat
Kota Cirebon,2017,71.86,Jawa Barat
Kota Cirebon,2018,71.99,Jawa Barat
Kota Cirebon,2019,72.13,Jawa Barat
Kota Cirebon,2020,72.26,Jawa Barat
Kota Cirebon,2021,72.44,Jawa Barat
Kota Cirebon,2022,72.74,Jawa Barat
Kota Cirebon,2023,73.08,Jawa Barat
Kota Cirebon,2024,73.34,Jawa Barat
Kota Depok,2013,73.94,Jawa Barat
Kota Depok,2014,73.96,Jawa Barat
Kota Depok,2015,73.98,Jawa Barat
Kota Depok,2016,74.01,Jawa Barat
Kota Depok,2017,74.04,Jawa Barat
Kota Depok,2018,74.17,Jawa Barat
Kota Depok,2019,74.31,Jawa Barat
Kota Depok,2020,74.44,Jawa Barat
Kota Depok,2021,74.62,Jawa Barat
Kota Depok,2022,74.92,Jawa Barat
Kota Depok,2023,75.23,Jawa Barat
Kota Depok,2024,75.55,Jawa Barat
Kota Sukabumi,2013,71.75,Jawa Barat
Kota Sukabumi,2014,71.76,Jawa Barat
Kota Sukabumi,2015,71.86,Jawa Barat
Kota Sukabumi,2016,71.9,Jawa Barat
Kota Sukabumi,2017,71.95,Jawa Barat
Kota Sukabumi,2018,72.11,Jawa Barat
Kota Sukabumi,2019,72.26,Jawa Barat
Kota Sukabumi,2020,72.42,Jawa Barat
Kota Sukabumi,2021,72.58,Jawa Barat
Kota Sukabumi,2022,72.85,Jawa Barat
Kota Sukabumi,2023,73.11,Jawa Barat
Kota Sukabumi,2024,73.35,Jawa Barat
Kota Tasikmalaya,2013,70.93,Jawa Barat
Kota Tasikmalaya,2014,70.96,Jawa Barat
Kota Tasikmalaya,2015,71.26,Jawa Barat
Kota Tasikmalaya,2016,71.37,Jawa Barat
Kota Tasikmalaya,2017,71.48,Jawa Barat
Kota Tasikmalaya,2018,71.7,Jawa Barat
Kota Tasikmalaya,2019,71.93,Jawa Barat
Kota Tasikmalaya,2020,72.15,Jawa Barat
Kota Tasikmalaya,2021,72.34,Jawa Barat
Kota Tasikmalaya,2022,72.63,Jawa Barat
Kota Tasikmalaya,2023,72.92,Jawa Barat
Kota Tasikmalaya,2024,73.16,Jawa Barat
Kuningan,2013,72.21,Jawa Barat
Kuningan,2014,72.24,Jawa Barat
Kuningan,2015,72.64,Jawa Barat
Kuningan,2016,72.76,Jawa Barat
Kuningan,2017,72.88,Jawa Barat
Kuningan,2018,73.11,Jawa Barat
Kuningan,2019,73.35,Jawa Barat
Kuningan,2020,73.59,Jawa Barat
Kuningan,2021,73.78,Jawa Barat
Kuningan,2022,74.03,Jawa Barat
Kuningan,2023,74.29,Jawa Barat
Kuningan,2024,74.53,Jawa Barat
Majalengka,2013,68.6,Jawa Barat
Majalengka,2014,68.66,Jawa Barat
Majalengka,2015,69.06,Jawa Barat
Majalengka,2016,69.22,Jawa Barat
Majalengka,2017,69.39,Jawa Barat
Majalengka,2018,69.68,Jawa Barat
Majalengka,2019,69.97,Jawa Barat
Majalengka,2020,70.27,Jawa Barat
Majalengka,2021,70.46,Jawa Barat
Majalengka,2022,70.76,Jawa Barat
Majalengka,2023,71.05,Jawa Barat
Majalengka,2024,71.31,Jawa Barat
Pangandaran,2013,69.79,Jawa Barat
Pangandaran,2014,69.84,Jawa Barat
Pangandaran,2015,70.24,Jawa Barat
Pangandaran,2016,70.4,Jawa Barat
Pangandaran,2017,70.56,Jawa Barat
Pangandaran,2018,70.84,Jawa Barat
Pangandaran,2019,71.12,Jawa Barat
Pangandaran,2020,71.4,Jawa Barat
Pangandaran,2021,71.6,Jawa Barat
Pangandaran,2022,71.89,Jawa Barat
Pangandaran,2023,72.17,Jawa Barat
Pangandaran,2024,72.41,Jawa Barat
Purwakarta,2013,69.95,Jawa Barat
Purwakarta,2014,69.96,Jawa Barat
Purwakarta,2015,70.26,Jawa Barat
Purwakarta,2016,70.34,Jawa Barat
Purwakarta,2017,70.42,Jawa Barat
Purwakarta,2018,70.61,Jawa Barat
Purwakarta,2019,70.8,Jawa Barat
Purwakarta,2020,70.99,Jawa Barat
Purwakarta,2021,71.18,Jawa Barat
Purwakarta,2022,71.47,Jawa Barat
Purwakarta,2023,71.74,Jawa Barat
Purwakarta,2024,71.99,Jawa Barat
Subang,2013,71.19,Jawa Barat
Subang,2014,71.22,Jawa Barat
Subang,2015,71.52,Jawa Barat
Subang,2016,71.61,Jawa Barat
Subang,2017,71.71,Jawa Barat
Subang,2018,71.92,Jawa Barat
Subang,2019,72.13,Jawa Barat
Subang,2020,72.35,Jawa Barat
Subang,2021,72.58,Jawa Barat
Subang,2022,72.92,Jawa Barat
Subang,2023,73.24,Jawa Barat
Subang,2024,73.51,Jawa Barat
Sukabumi,2013,69.7,Jawa Barat
Sukabumi,2014,69.73,Jawa Barat
Sukabumi,2015,70.03,Jawa Barat
Sukabumi,2016,70.14,Jawa Barat
Sukabumi,2017,70.26,Jawa Barat
Sukabumi,2018,70.49,Jawa Barat
Sukabumi,2019,70.73,Jawa Barat
Sukabumi,2020,70.97,Jawa Barat
Sukabumi,2021,71.21,Jawa Barat
Sukabumi,2022,71.54,Jawa Barat
Sukabumi,2023,71.83,Jawa Barat
Sukabumi,2024,72.06,Jawa Barat
Sumedang,2013,71.86,Jawa Barat
Sumedang,2014,71.89,Jawa Barat
Sumedang,2015,71.91,Jawa Barat
Sumedang,2016,71.96,Jawa Barat
Sumedang,2017,72,Jawa Barat
Sumedang,2018,72.14,Jawa Barat
Sumedang,2019,72.29,Jawa Barat
Sumedang,2020,72.43,Jawa Barat
Sumedang,2021,72.62,Jawa Barat
Sumedang,2022,72.91,Jawa Barat
Sumedang,2023,73.19,Jawa Barat
Sumedang,2024,73.45,Jawa Barat
Tasikmalaya,2013,67.9,Jawa Barat
Tasikmalaya,2014,67.96,Jawa Barat
Tasikmalaya,2015,68.36,Jawa Barat
Tasikmalaya,2016,68.54,Jawa Barat
Tasikmalaya,2017,68.71,Jawa Barat
Tasikmalaya,2018,68.96,Jawa Barat
Tasikmalaya,2019,69.21,Jawa Barat
Tasikmalaya,2020,69.47,Jawa Barat
Tasikmalaya,2021,69.67,Jawa Barat
Tasikmalaya,2022,69.95,Jawa Barat
Tasikmalaya,2023,70.19,Jawa Barat
Tasikmalaya,2024,70.39,Jawa Barat
Banjarnegara,2013,73.34,Jawa Tengah
Banjarnegara,2014,73.39,Jawa Tengah
Banjarnegara,2015,73.59,Jawa Tengah
Banjarnegara,2016,73.69,Jawa Tengah
Banjarnegara,2017,73.79,Jawa Tengah
Banjarnegara,2018,73.91,Jawa Tengah
Banjarnegara,2019,74.01,Jawa Tengah
Banjarnegara,2020,74.18,Jawa Tengah
Banjarnegara,2021,74.28,Jawa Tengah
Banjarnegara,2022,74.37,Jawa Tengah
Banjarnegara,2023,74.47,Jawa Tengah
Banjarnegara,2024,74.66,Jawa Tengah
Banyumas,2013,72.89,Jawa Tengah
Banyumas,2014,72.92,Jawa Tengah
Banyumas,2015,73.12,Jawa Tengah
Banyumas,2016,73.23,Jawa Tengah
Banyumas,2017,73.33,Jawa Tengah
Banyumas,2018,73.45,Jawa Tengah
Banyumas,2019,73.55,Jawa Tengah
Banyumas,2020,73.72,Jawa Tengah
Banyumas,2021,73.8,Jawa Tengah
Banyumas,2022,73.88,Jawa Tengah
Banyumas,2023,73.98,Jawa Tengah
Banyumas,2024,74.34,Jawa Tengah
Batang,2013,74.38,Jawa Tengah
Batang,2014,74.4,Jawa Tengah
Batang,2015,74.42,Jawa Tengah
Batang,2016,74.46,Jawa Tengah
Batang,2017,74.5,Jawa Tengah
Batang,2018,74.56,Jawa Tengah
Batang,2019,74.59,Jawa Tengah
Batang,2020,74.69,Jawa Tengah
Batang,2021,74.74,Jawa Tengah
Batang,2022,74.79,Jawa Tengah
Batang,2023,74.85,Jawa Tengah
Batang,2024,75.03,Jawa Tengah
Blora,2013,73.79,Jawa Tengah
Blora,2014,73.84,Jawa Tengah
Blora,2015,73.85,Jawa Tengah
Blora,2016,73.88,Jawa Tengah
Blora,2017,73.99,Jawa Tengah
Blora,2018,74.12,Jawa Tengah
Blora,2019,74.23,Jawa Tengah
Blora,2020,74.41,Jawa Tengah
Blora,2021,74.51,Jawa Tengah
Blora,2022,74.6,Jawa Tengah
Blora,2023,74.71,Jawa Tengah
Blora,2024,74.84,Jawa Tengah
Boyolali,2013,75.58,Jawa Tengah
Boyolali,2014,75.61,Jawa Tengah
Boyolali,2015,75.63,Jawa Tengah
Boyolali,2016,75.67,Jawa Tengah
Boyolali,2017,75.72,Jawa Tengah
Boyolali,2018,75.79,Jawa Tengah
Boyolali,2019,75.83,Jawa Tengah
Boyolali,2020,75.95,Jawa Tengah
Boyolali,2021,76.03,Jawa Tengah
Boyolali,2022,76.12,Jawa Tengah
Boyolali,2023,76.23,Jawa Tengah
Boyolali,2024,76.44,Jawa Tengah
Brebes,2013,67.81,Jawa Tengah
Brebes,2014,67.9,Jawa Tengah
Brebes,2015,68.2,Jawa Tengah
Brebes,2016,68.41,Jawa Tengah
Brebes,2017,68.61,Jawa Tengah
Brebes,2018,68.84,Jawa Tengah
Brebes,2019,69.04,Jawa Tengah
Brebes,2020,69.33,Jawa Tengah
Brebes,2021,69.54,Jawa Tengah
Brebes,2022,69.74,Jawa Tengah
Brebes,2023,69.96,Jawa Tengah
Brebes,2024,70.29,Jawa Tengah
Cilacap,2013,72.75,Jawa Tengah
Cilacap,2014,72.8,Jawa Tengah
Cilacap,2015,73,Jawa Tengah
Cilacap,2016,73.11,Jawa Tengah
Cilacap,2017,73.24,Jawa Tengah
Cilacap,2018,73.39,Jawa Tengah
Cilacap,2019,73.52,Jawa Tengah
Cilacap,2020,73.73,Jawa Tengah
Cilacap,2021,73.9,Jawa Tengah
Cilacap,2022,74.07,Jawa Tengah
Cilacap,2023,74.25,Jawa Tengah
Cilacap,2024,74.57,Jawa Tengah
Demak,2013,75.16,Jawa Tengah
Demak,2014,75.18,Jawa Tengah
Demak,2015,75.21,Jawa Tengah
Demak,2016,75.27,Jawa Tengah
Demak,2017,75.27,Jawa Tengah
Demak,2018,75.29,Jawa Tengah
Demak,2019,75.31,Jawa Tengah
Demak,2020,75.4,Jawa Tengah
Demak,2021,75.46,Jawa Tengah
Demak,2022,75.52,Jawa Tengah
Demak,2023,75.6,Jawa Tengah
Demak,2024,75.79,Jawa Tengah
Grobogan,2013,74.03,Jawa Tengah
Grobogan,2014,74.07,Jawa Tengah
Grobogan,2015,74.27,Jawa Tengah
Grobogan,2016,74.37,Jawa Tengah
Grobogan,2017,74.46,Jawa Tengah
Grobogan,2018,74.55,Jawa Tengah
Grobogan,2019,74.61,Jawa Tengah
Grobogan,2020,74.75,Jawa Tengah
Grobogan,2021,74.84,Jawa Tengah
Grobogan,2022,74.93,Jawa Tengah
Grobogan,2023,75.04,Jawa Tengah
Grobogan,2024,75.24,Jawa Tengah
Jepara,2013,75.63,Jawa Tengah
Jepara,2014,75.64,Jawa Tengah
Jepara,2015,75.65,Jawa Tengah
Jepara,2016,75.67,Jawa Tengah
Jepara,2017,75.68,Jawa Tengah
Jepara,2018,75.71,Jawa Tengah
Jepara,2019,75.74,Jawa Tengah
Jepara,2020,75.84,Jawa Tengah
Jepara,2021,75.91,Jawa Tengah
Jepara,2022,75.97,Jawa Tengah
Jepara,2023,76.04,Jawa Tengah
Jepara,2024,76.21,Jawa Tengah
Karanganyar,2013,76.7,Jawa Tengah
Karanganyar,2014,76.71,Jawa Tengah
Karanganyar,2015,77.11,Jawa Tengah
Karanganyar,2016,77.11,Jawa Tengah
Karanganyar,2017,77.31,Jawa Tengah
Karanganyar,2018,77.36,Jawa Tengah
Karanganyar,2019,77.38,Jawa Tengah
Karanganyar,2020,77.47,Jawa Tengah
Karanganyar,2021,77.55,Jawa Tengah
Karanganyar,2022,77.64,Jawa Tengah
Karanganyar,2023,77.72,Jawa Tengah
Karanganyar,2024,77.91,Jawa Tengah
Kebumen,2013,72.61,Jawa Tengah
Kebumen,2014,72.67,Jawa Tengah
Kebumen,2015,72.77,Jawa Tengah
Kebumen,2016,72.87,Jawa Tengah
Kebumen,2017,72.98,Jawa Tengah
Kebumen,2018,73.11,Jawa Tengah
Kebumen,2019,73.22,Jawa Tengah
Kebumen,2020,73.4,Jawa Tengah
Kebumen,2021,73.55,Jawa Tengah
Kebumen,2022,73.7,Jawa Tengah
Kebumen,2023,73.83,Jawa Tengah
Kebumen,2024,73.96,Jawa Tengah
Kendal,2013,74.11,Jawa Tengah
Kendal,2014,74.14,Jawa Tengah
Kendal,2015,74.15,Jawa Tengah
Kendal,2016,74.2,Jawa Tengah
Kendal,2017,74.24,Jawa Tengah
Kendal,2018,74.3,Jawa Tengah
Kendal,2019,74.33,Jawa Tengah
Kendal,2020,74.43,Jawa Tengah
Kendal,2021,74.48,Jawa Tengah
Kendal,2022,74.53,Jawa Tengah
Kendal,2023,74.58,Jawa Tengah
Kendal,2024,74.73,Jawa Tengah
Klaten,2013,76.52,Jawa Tengah
Klaten,2014,76.54,Jawa Tengah
Klaten,2015,76.55,Jawa Tengah
Klaten,2016,76.59,Jawa Tengah
Klaten,2017,76.62,Jawa Tengah
Klaten,2018,76.67,Jawa Tengah
Klaten,2019,76.68,Jawa Tengah
Klaten,2020,76.78,Jawa Tengah
Klaten,2021,76.86,Jawa Tengah
Klaten,2022,76.95,Jawa Tengah
Klaten,2023,77.07,Jawa Tengah
Klaten,2024,77.3,Jawa Tengah
Kota Magelang,2013,76.54,Jawa Tengah
Kota Magelang,2014,76.57,Jawa Tengah
Kota Magelang,2015,76.58,Jawa Tengah
Kota Magelang,2016,76.62,Jawa Tengah
Kota Magelang,2017,76.66,Jawa Tengah
Kota Magelang,2018,76.72,Jawa Tengah
Kota Magelang,2019,76.75,Jawa Tengah
Kota Magelang,2020,76.85,Jawa Tengah
Kota Magelang,2021,76.93,Jawa Tengah
Kota Magelang,2022,77.02,Jawa Tengah
Kota Magelang,2023,77.22,Jawa Tengah
Kota Magelang,2024,77.53,Jawa Tengah
Kota Pekalongan,2013,74.06,Jawa Tengah
Kota Pekalongan,2014,74.09,Jawa Tengah
Kota Pekalongan,2015,74.11,Jawa Tengah
Kota Pekalongan,2016,74.15,Jawa Tengah
Kota Pekalongan,2017,74.19,Jawa Tengah
Kota Pekalongan,2018,74.25,Jawa Tengah
Kota Pekalongan,2019,74.28,Jawa Tengah
Kota Pekalongan,2020,74.38,Jawa Tengah
Kota Pekalongan,2021,74.44,Jawa Tengah
Kota Pekalongan,2022,74.51,Jawa Tengah
Kota Pekalongan,2023,74.6,Jawa Tengah
Kota Pekalongan,2024,74.8,Jawa Tengah
Kota Salatiga,2013,76.53,Jawa Tengah
Kota Salatiga,2014,76.53,Jawa Tengah
Kota Salatiga,2015,76.83,Jawa Tengah
Kota Salatiga,2016,76.87,Jawa Tengah
Kota Salatiga,2017,76.98,Jawa Tengah
Kota Salatiga,2018,77.11,Jawa Tengah
Kota Salatiga,2019,77.22,Jawa Tengah
Kota Salatiga,2020,77.4,Jawa Tengah
Kota Salatiga,2021,77.55,Jawa Tengah
Kota Salatiga,2022,77.72,Jawa Tengah
Kota Salatiga,2023,77.93,Jawa Tengah
Kota Salatiga,2024,78.26,Jawa Tengah
Kota Semarang,2013,77.18,Jawa Tengah
Kota Semarang,2014,77.18,Jawa Tengah
Kota Semarang,2015,77.2,Jawa Tengah
Kota Semarang,2016,77.21,Jawa Tengah
Kota Semarang,2017,77.21,Jawa Tengah
Kota Semarang,2018,77.23,Jawa Tengah
Kota Semarang,2019,77.25,Jawa Tengah
Kota Semarang,2020,77.34,Jawa Tengah
Kota Semarang,2021,77.51,Jawa Tengah
Kota Semarang,2022,77.69,Jawa Tengah
Kota Semarang,2023,77.9,Jawa Tengah
Kota Semarang,2024,78.24,Jawa Tengah
Kota Surakarta,2013,76.97,Jawa Tengah
Kota Surakarta,2014,76.99,Jawa Tengah
Kota Surakarta,2015,77,Jawa Tengah
Kota Surakarta,2016,77.03,Jawa Tengah
Kota Surakarta,2017,77.06,Jawa Tengah
Kota Surakarta,2018,77.11,Jawa Tengah
Kota Surakarta,2019,77.12,Jawa Tengah
Kota Surakarta,2020,77.22,Jawa Tengah
Kota Surakarta,2021,77.32,Jawa Tengah
Kota Surakarta,2022,77.43,Jawa Tengah
Kota Surakarta,2023,77.63,Jawa Tengah
Kota Surakarta,2024,77.9,Jawa Tengah
Kota Tegal,2013,74.06,Jawa Tengah
Kota Tegal,2014,74.1,Jawa Tengah
Kota Tegal,2015,74.12,Jawa Tengah
Kota Tegal,2016,74.18,Jawa Tengah
Kota Tegal,2017,74.23,Jawa Tengah
Kota Tegal,2018,74.3,Jawa Tengah
Kota Tegal,2019,74.34,Jawa Tengah
Kota Tegal,2020,74.46,Jawa Tengah
Kota Tegal,2021,74.54,Jawa Tengah
Kota Tegal,2022,74.64,Jawa Tengah
Kota Tegal,2023,74.77,Jawa Tengah
Kota Tegal,2024,74.87,Jawa Tengah
Kudus,2013,76.39,Jawa Tengah
Kudus,2014,76.4,Jawa Tengah
Kudus,2015,76.41,Jawa Tengah
Kudus,2016,76.43,Jawa Tengah
Kudus,2017,76.44,Jawa Tengah
Kudus,2018,76.47,Jawa Tengah
Kudus,2019,76.5,Jawa Tengah
Kudus,2020,76.6,Jawa Tengah
Kudus,2021,76.68,Jawa Tengah
Kudus,2022,76.76,Jawa Tengah
Kudus,2023,76.86,Jawa Tengah
Kudus,2024,77.08,Jawa Tengah
Magelang,2013,73.21,Jawa Tengah
Magelang,2014,73.25,Jawa Tengah
Magelang,2015,73.27,Jawa Tengah
Magelang,2016,73.33,Jawa Tengah
Magelang,2017,73.39,Jawa Tengah
Magelang,2018,73.47,Jawa Tengah
Magelang,2019,73.56,Jawa Tengah
Magelang,2020,73.72,Jawa Tengah
Magelang,2021,73.88,Jawa Tengah
Magelang,2022,74.03,Jawa Tengah
Magelang,2023,74.2,Jawa Tengah
Magelang,2024,74.45,Jawa Tengah
Pati,2013,75.4,Jawa Tengah
Pati,2014,75.43,Jawa Tengah
Pati,2015,75.63,Jawa Tengah
Pati,2016,75.69,Jawa Tengah
Pati,2017,75.8,Jawa Tengah
Pati,2018,75.93,Jawa Tengah
Pati,2019,76.04,Jawa Tengah
Pati,2020,76.22,Jawa Tengah
Pati,2021,76.27,Jawa Tengah
Pati,2022,76.32,Jawa Tengah
Pati,2023,76.39,Jawa Tengah
Pati,2024,76.56,Jawa Tengah
Pekalongan,2013,73.3,Jawa Tengah
Pekalongan,2014,73.33,Jawa Tengah
Pekalongan,2015,73.35,Jawa Tengah
Pekalongan,2016,73.41,Jawa Tengah
Pekalongan,2017,73.46,Jawa Tengah
Pekalongan,2018,73.53,Jawa Tengah
Pekalongan,2019,73.57,Jawa Tengah
Pekalongan,2020,73.69,Jawa Tengah
Pekalongan,2021,73.74,Jawa Tengah
Pekalongan,2022,73.8,Jawa Tengah
Pekalongan,2023,73.87,Jawa Tengah
Pekalongan,2024,74,Jawa Tengah
Pemalang,2013,72.59,Jawa Tengah
Pemalang,2014,72.64,Jawa Tengah
Pemalang,2015,72.77,Jawa Tengah
Pemalang,2016,72.87,Jawa Tengah
Pemalang,2017,72.98,Jawa Tengah
Pemalang,2018,73.11,Jawa Tengah
Pemalang,2019,73.22,Jawa Tengah
Pemalang,2020,73.4,Jawa Tengah
Pemalang,2021,73.53,Jawa Tengah
Pemalang,2022,73.65,Jawa Tengah
Pemalang,2023,73.85,Jawa Tengah
Pemalang,2024,73.99,Jawa Tengah
Purbalingga,2013,72.76,Jawa Tengah
Purbalingga,2014,72.8,Jawa Tengah
Purbalingga,2015,72.81,Jawa Tengah
Purbalingga,2016,72.86,Jawa Tengah
Purbalingga,2017,72.91,Jawa Tengah
Purbalingga,2018,72.98,Jawa Tengah
Purbalingga,2019,73.02,Jawa Tengah
Purbalingga,2020,73.14,Jawa Tengah
Purbalingga,2021,73.21,Jawa Tengah
Purbalingga,2022,73.28,Jawa Tengah
Purbalingga,2023,73.37,Jawa Tengah
Purbalingga,2024,73.56,Jawa Tengah
Purworejo,2013,73.77,Jawa Tengah
Purworejo,2014,73.83,Jawa Tengah
Purworejo,2015,74.03,Jawa Tengah
Purworejo,2016,74.14,Jawa Tengah
Purworejo,2017,74.26,Jawa Tengah
Purworejo,2018,74.4,Jawa Tengah
Purworejo,2019,74.52,Jawa Tengah
Purworejo,2020,74.72,Jawa Tengah
Purworejo,2021,74.87,Jawa Tengah
Purworejo,2022,75.03,Jawa Tengah
Purworejo,2023,75.21,Jawa Tengah
Purworejo,2024,75.51,Jawa Tengah
Rembang,2013,74.16,Jawa Tengah
Rembang,2014,74.19,Jawa Tengah
Rembang,2015,74.22,Jawa Tengah
Rembang,2016,74.27,Jawa Tengah
Rembang,2017,74.32,Jawa Tengah
Rembang,2018,74.39,Jawa Tengah
Rembang,2019,74.43,Jawa Tengah
Rembang,2020,74.55,Jawa Tengah
Rembang,2021,74.61,Jawa Tengah
Rembang,2022,74.68,Jawa Tengah
Rembang,2023,74.77,Jawa Tengah
Rembang,2024,74.97,Jawa Tengah
Semarang,2013,75.48,Jawa Tengah
Semarang,2014,75.5,Jawa Tengah
Semarang,2015,75.52,Jawa Tengah
Semarang,2016,75.54,Jawa Tengah
Semarang,2017,75.57,Jawa Tengah
Semarang,2018,75.62,Jawa Tengah
Semarang,2019,75.63,Jawa Tengah
Semarang,2020,75.73,Jawa Tengah
Semarang,2021,75.79,Jawa Tengah
Semarang,2022,75.86,Jawa Tengah
Semarang,2023,75.95,Jawa Tengah
Semarang,2024,76.14,Jawa Tengah
Sragen,2013,75.27,Jawa Tengah
Sragen,2014,75.31,Jawa Tengah
Sragen,2015,75.41,Jawa Tengah
Sragen,2016,75.43,Jawa Tengah
Sragen,2017,75.55,Jawa Tengah
Sragen,2018,75.6,Jawa Tengah
Sragen,2019,75.62,Jawa Tengah
Sragen,2020,75.71,Jawa Tengah
Sragen,2021,75.79,Jawa Tengah
Sragen,2022,75.87,Jawa Tengah
Sragen,2023,75.97,Jawa Tengah
Sragen,2024,76.18,Jawa Tengah
Sukoharjo,2013,77.44,Jawa Tengah
Sukoharjo,2014,77.45,Jawa Tengah
Sukoharjo,2015,77.46,Jawa Tengah
Sukoharjo,2016,77.46,Jawa Tengah
Sukoharjo,2017,77.49,Jawa Tengah
Sukoharjo,2018,77.54,Jawa Tengah
Sukoharjo,2019,77.55,Jawa Tengah
Sukoharjo,2020,77.65,Jawa Tengah
Sukoharjo,2021,77.73,Jawa Tengah
Sukoharjo,2022,77.82,Jawa Tengah
Sukoharjo,2023,77.86,Jawa Tengah
Sukoharjo,2024,78.01,Jawa Tengah
Tegal,2013,70.73,Jawa Tengah
Tegal,2014,70.8,Jawa Tengah
Tegal,2015,70.9,Jawa Tengah
Tegal,2016,71.02,Jawa Tengah
Tegal,2017,71.14,Jawa Tengah
Tegal,2018,71.28,Jawa Tengah
Tegal,2019,71.4,Jawa Tengah
Tegal,2020,71.6,Jawa Tengah
Tegal,2021,71.72,Jawa Tengah
Tegal,2022,71.85,Jawa Tengah
Tegal,2023,72,Jawa Tengah
Tegal,2024,72.16,Jawa Tengah
Temanggung,2013,75.31,Jawa Tengah
Temanggung,2014,75.34,Jawa Tengah
Temanggung,2015,75.35,Jawa Tengah
Temanggung,2016,75.39,Jawa Tengah
Temanggung,2017,75.42,Jawa Tengah
Temanggung,2018,75.47,Jawa Tengah
Temanggung,2019,75.48,Jawa Tengah
Temanggung,2020,75.58,Jawa Tengah
Temanggung,2021,75.64,Jawa Tengah
Temanggung,2022,75.7,Jawa Tengah
Temanggung,2023,75.77,Jawa Tengah
Temanggung,2024,75.95,Jawa Tengah
Wonogiri,2013,75.8,Jawa Tengah
Wonogiri,2014,75.84,Jawa Tengah
Wonogiri,2015,75.86,Jawa Tengah
Wonogiri,2016,75.88,Jawa Tengah
Wonogiri,2017,76,Jawa Tengah
Wonogiri,2018,76.05,Jawa Tengah
Wonogiri,2019,76.07,Jawa Tengah
Wonogiri,2020,76.16,Jawa Tengah
Wonogiri,2021,76.28,Jawa Tengah
Wonogiri,2022,76.41,Jawa Tengah
Wonogiri,2023,76.56,Jawa Tengah
Wonogiri,2024,76.84,Jawa Tengah
Wonosobo,2013,70.76,Jawa Tengah
Wonosobo,2014,70.82,Jawa Tengah
Wonosobo,2015,71.02,Jawa Tengah
Wonosobo,2016,71.16,Jawa Tengah
Wonosobo,2017,71.3,Jawa Tengah
Wonosobo,2018,71.46,Jawa Tengah
Wonosobo,2019,71.6,Jawa Tengah
Wonosobo,2020,71.82,Jawa Tengah
Wonosobo,2021,71.94,Jawa Tengah
Wonosobo,2022,72.05,Jawa Tengah
Wonosobo,2023,72.17,Jawa Tengah
Wonosobo,2024,72.4,Jawa Tengah
Bangkalan,2013,69.6,Jawa Timur
Bangkalan,2014,69.62,Jawa Timur
Bangkalan,2015,69.72,Jawa Timur
Bangkalan,2016,69.77,Jawa Timur
Bangkalan,2017,69.82,Jawa Timur
Bangkalan,2018,69.94,Jawa Timur
Bangkalan,2019,70.11,Jawa Timur
Bangkalan,2020,70.18,Jawa Timur
Bangkalan,2021,70.22,Jawa Timur
Bangkalan,2022,70.54,Jawa Timur
Bangkalan,2023,70.79,Jawa Timur
Bangkalan,2024,70.96,Jawa Timur
Banyuwangi,2013,69.88,Jawa Timur
Banyuwangi,2014,69.93,Jawa Timur
Banyuwangi,2015,70.03,Jawa Timur
Banyuwangi,2016,70.11,Jawa Timur
Banyuwangi,2017,70.19,Jawa Timur
Banyuwangi,2018,70.34,Jawa Timur
Banyuwangi,2019,70.54,Jawa Timur
Banyuwangi,2020,70.65,Jawa Timur
Banyuwangi,2021,70.72,Jawa Timur
Banyuwangi,2022,71.06,Jawa Timur
Banyuwangi,2023,71.38,Jawa Timur
Banyuwangi,2024,71.57,Jawa Timur
Blitar,2013,72.47,Jawa Timur
Blitar,2014,72.5,Jawa Timur
Blitar,2015,72.8,Jawa Timur
Blitar,2016,72.89,Jawa Timur
Blitar,2017,72.99,Jawa Timur
Blitar,2018,73.16,Jawa Timur
Blitar,2019,73.39,Jawa Timur
Blitar,2020,73.52,Jawa Timur
Blitar,2021,73.61,Jawa Timur
Blitar,2022,73.98,Jawa Timur
Blitar,2023,74.34,Jawa Timur
Blitar,2024,74.54,Jawa Timur
Bojonegoro,2013,70.07,Jawa Timur
Bojonegoro,2014,70.11,Jawa Timur
Bojonegoro,2015,70.51,Jawa Timur
Bojonegoro,2016,70.67,Jawa Timur
Bojonegoro,2017,70.83,Jawa Timur
Bojonegoro,2018,71.07,Jawa Timur
Bojonegoro,2019,71.36,Jawa Timur
Bojonegoro,2020,71.56,Jawa Timur
Bojonegoro,2021,71.72,Jawa Timur
Bojonegoro,2022,72.16,Jawa Timur
Bojonegoro,2023,72.57,Jawa Timur
Bojonegoro,2024,72.76,Jawa Timur
Bondowoso,2013,65.36,Jawa Timur
Bondowoso,2014,65.43,Jawa Timur
Bondowoso,2015,65.73,Jawa Timur
Bondowoso,2016,65.89,Jawa Timur
Bondowoso,2017,66.04,Jawa Timur
Bondowoso,2018,66.27,Jawa Timur
Bondowoso,2019,66.55,Jawa Timur
Bondowoso,2020,66.74,Jawa Timur
Bondowoso,2021,66.89,Jawa Timur
Bondowoso,2022,67.29,Jawa Timur
Bondowoso,2023,67.6,Jawa Timur
Bondowoso,2024,67.76,Jawa Timur
Gresik,2013,72.19,Jawa Timur
Gresik,2014,72.2,Jawa Timur
Gresik,2015,72.3,Jawa Timur
Gresik,2016,72.33,Jawa Timur
Gresik,2017,72.36,Jawa Timur
Gresik,2018,72.46,Jawa Timur
Gresik,2019,72.61,Jawa Timur
Gresik,2020,72.66,Jawa Timur
Gresik,2021,72.67,Jawa Timur
Gresik,2022,72.99,Jawa Timur
Gresik,2023,73.3,Jawa Timur
Gresik,2024,73.5,Jawa Timur
Jember,2013,67.75,Jawa Timur
Jember,2014,67.8,Jawa Timur
Jember,2015,68.2,Jawa Timur
Jember,2016,68.37,Jawa Timur
Jember,2017,68.54,Jawa Timur
Jember,2018,68.74,Jawa Timur
Jember,2019,68.99,Jawa Timur
Jember,2020,69.15,Jawa Timur
Jember,2021,69.28,Jawa Timur
Jember,2022,69.68,Jawa Timur
Jember,2023,70.03,Jawa Timur
Jember,2024,70.2,Jawa Timur
Jombang,2013,71.34,Jawa Timur
Jombang,2014,71.37,Jawa Timur
Jombang,2015,71.67,Jawa Timur
Jombang,2016,71.77,Jawa Timur
Jombang,2017,71.87,Jawa Timur
Jombang,2018,72.04,Jawa Timur
Jombang,2019,72.27,Jawa Timur
Jombang,2020,72.4,Jawa Timur
Jombang,2021,72.49,Jawa Timur
Jombang,2022,72.86,Jawa Timur
Jombang,2023,73.22,Jawa Timur
Jombang,2024,73.42,Jawa Timur
Kediri,2013,72.02,Jawa Timur
Kediri,2014,72.04,Jawa Timur
Kediri,2015,72.14,Jawa Timur
Kediri,2016,72.2,Jawa Timur
Kediri,2017,72.25,Jawa Timur
Kediri,2018,72.37,Jawa Timur
Kediri,2019,72.54,Jawa Timur
Kediri,2020,72.61,Jawa Timur
Kediri,2021,72.65,Jawa Timur
Kediri,2022,72.97,Jawa Timur
Kediri,2023,73.27,Jawa Timur
Kediri,2024,73.47,Jawa Timur
Kota Batu,2013,72.05,Jawa Timur
Kota Batu,2014,72.06,Jawa Timur
Kota Batu,2015,72.16,Jawa Timur
Kota Batu,2016,72.2,Jawa Timur
Kota Batu,2017,72.25,Jawa Timur
Kota Batu,2018,72.37,Jawa Timur
Kota Batu,2019,72.54,Jawa Timur
Kota Batu,2020,72.61,Jawa Timur
Kota Batu,2021,72.65,Jawa Timur
Kota Batu,2022,72.97,Jawa Timur
Kota Batu,2023,73.29,Jawa Timur
Kota Batu,2024,73.49,Jawa Timur
Kota Blitar,2013,72.69,Jawa Timur
Kota Blitar,2014,72.7,Jawa Timur
Kota Blitar,2015,73,Jawa Timur
Kota Blitar,2016,73.09,Jawa Timur
Kota Blitar,2017,73.17,Jawa Timur
Kota Blitar,2018,73.36,Jawa Timur
Kota Blitar,2019,73.6,Jawa Timur
Kota Blitar,2020,73.75,Jawa Timur
Kota Blitar,2021,73.86,Jawa Timur
Kota Blitar,2022,74.26,Jawa Timur
Kota Blitar,2023,74.66,Jawa Timur
Kota Blitar,2024,74.86,Jawa Timur
Kota Kediri,2013,73.51,Jawa Timur
Kota Kediri,2014,73.52,Jawa Timur
Kota Kediri,2015,73.62,Jawa Timur
Kota Kediri,2016,73.65,Jawa Timur
Kota Kediri,2017,73.69,Jawa Timur
Kota Kediri,2018,73.8,Jawa Timur
Kota Kediri,2019,73.96,Jawa Timur
Kota Kediri,2020,74.02,Jawa Timur
Kota Kediri,2021,74.04,Jawa Timur
Kota Kediri,2022,74.34,Jawa Timur
Kota Kediri,2023,74.67,Jawa Timur
Kota Kediri,2024,74.87,Jawa Timur
Kota Madiun,2013,72.38,Jawa Timur
Kota Madiun,2014,72.41,Jawa Timur
Kota Madiun,2015,72.41,Jawa Timur
Kota Madiun,2016,72.44,Jawa Timur
Kota Madiun,2017,72.48,Jawa Timur
Kota Madiun,2018,72.59,Jawa Timur
Kota Madiun,2019,72.75,Jawa Timur
Kota Madiun,2020,72.81,Jawa Timur
Kota Madiun,2021,72.83,Jawa Timur
Kota Madiun,2022,73.13,Jawa Timur
Kota Madiun,2023,73.44,Jawa Timur
Kota Madiun,2024,73.65,Jawa Timur
Kota Malang,2013,72.28,Jawa Timur
Kota Malang,2014,72.3,Jawa Timur
Kota Malang,2015,72.6,Jawa Timur
Kota Malang,2016,72.68,Jawa Timur
Kota Malang,2017,72.77,Jawa Timur
Kota Malang,2018,72.93,Jawa Timur
Kota Malang,2019,73.15,Jawa Timur
Kota Malang,2020,73.27,Jawa Timur
Kota Malang,2021,73.36,Jawa Timur
Kota Malang,2022,73.75,Jawa Timur
Kota Malang,2023,74.13,Jawa Timur
Kota Malang,2024,74.33,Jawa Timur
Kota Mojokerto,2013,72.37,Jawa Timur
Kota Mojokerto,2014,72.39,Jawa Timur
Kota Mojokerto,2015,72.69,Jawa Timur
Kota Mojokerto,2016,72.78,Jawa Timur
Kota Mojokerto,2017,72.86,Jawa Timur
Kota Mojokerto,2018,73.01,Jawa Timur
Kota Mojokerto,2019,73.21,Jawa Timur
Kota Mojokerto,2020,73.32,Jawa Timur
Kota Mojokerto,2021,73.39,Jawa Timur
Kota Mojokerto,2022,73.74,Jawa Timur
Kota Mojokerto,2023,74.1,Jawa Timur
Kota Mojokerto,2024,74.29,Jawa Timur
Kota Pasuruan,2013,70.52,Jawa Timur
Kota Pasuruan,2014,70.54,Jawa Timur
Kota Pasuruan,2015,70.84,Jawa Timur
Kota Pasuruan,2016,70.93,Jawa Timur
Kota Pasuruan,2017,71.02,Jawa Timur
Kota Pasuruan,2018,71.18,Jawa Timur
Kota Pasuruan,2019,71.4,Jawa Timur
Kota Pasuruan,2020,71.52,Jawa Timur
Kota Pasuruan,2021,71.6,Jawa Timur
Kota Pasuruan,2022,71.96,Jawa Timur
Kota Pasuruan,2023,72.31,Jawa Timur
Kota Pasuruan,2024,72.5,Jawa Timur
Kota Probolinggo,2013,69.5,Jawa Timur
Kota Probolinggo,2014,69.52,Jawa Timur
Kota Probolinggo,2015,69.72,Jawa Timur
Kota Probolinggo,2016,69.79,Jawa Timur
Kota Probolinggo,2017,69.86,Jawa Timur
Kota Probolinggo,2018,70,Jawa Timur
Kota Probolinggo,2019,70.19,Jawa Timur
Kota Probolinggo,2020,70.29,Jawa Timur
Kota Probolinggo,2021,70.35,Jawa Timur
Kota Probolinggo,2022,70.68,Jawa Timur
Kota Probolinggo,2023,70.99,Jawa Timur
Kota Probolinggo,2024,71.18,Jawa Timur
Kota Surabaya,2013,73.83,Jawa Timur
Kota Surabaya,2014,73.85,Jawa Timur
Kota Surabaya,2015,73.85,Jawa Timur
Kota Surabaya,2016,73.87,Jawa Timur
Kota Surabaya,2017,73.88,Jawa Timur
Kota Surabaya,2018,73.98,Jawa Timur
Kota Surabaya,2019,74.13,Jawa Timur
Kota Surabaya,2020,74.18,Jawa Timur
Kota Surabaya,2021,74.18,Jawa Timur
Kota Surabaya,2022,74.47,Jawa Timur
Kota Surabaya,2023,74.75,Jawa Timur
Kota Surabaya,2024,74.94,Jawa Timur
Lamongan,2013,71.43,Jawa Timur
Lamongan,2014,71.47,Jawa Timur
Lamongan,2015,71.67,Jawa Timur
Lamongan,2016,71.77,Jawa Timur
Lamongan,2017,71.87,Jawa Timur
Lamongan,2018,72.04,Jawa Timur
Lamongan,2019,72.27,Jawa Timur
Lamongan,2020,72.4,Jawa Timur
Lamongan,2021,72.49,Jawa Timur
Lamongan,2022,72.86,Jawa Timur
Lamongan,2023,73.22,Jawa Timur
Lamongan,2024,73.41,Jawa Timur
Lumajang,2013,69.02,Jawa Timur
Lumajang,2014,69.07,Jawa Timur
Lumajang,2015,69.27,Jawa Timur
Lumajang,2016,69.38,Jawa Timur
Lumajang,2017,69.5,Jawa Timur
Lumajang,2018,69.7,Jawa Timur
Lumajang,2019,69.94,Jawa Timur
Lumajang,2020,70.1,Jawa Timur
Lumajang,2021,70.21,Jawa Timur
Lumajang,2022,70.61,Jawa Timur
Lumajang,2023,70.96,Jawa Timur
Lumajang,2024,71.14,Jawa Timur
Madiun,2013,69.7,Jawa Timur
Madiun,2014,69.76,Jawa Timur
Madiun,2015,70.36,Jawa Timur
Madiun,2016,70.55,Jawa Timur
Madiun,2017,70.77,Jawa Timur
Madiun,2018,70.97,Jawa Timur
Madiun,2019,71.22,Jawa Timur
Madiun,2020,71.38,Jawa Timur
Madiun,2021,71.5,Jawa Timur
Madiun,2022,71.9,Jawa Timur
Madiun,2023,72.28,Jawa Timur
Madiun,2024,72.47,Jawa Timur
Magetan,2013,71.87,Jawa Timur
Magetan,2014,71.91,Jawa Timur
Magetan,2015,72.01,Jawa Timur
Magetan,2016,72.09,Jawa Timur
Magetan,2017,72.16,Jawa Timur
Magetan,2018,72.3,Jawa Timur
Magetan,2019,72.49,Jawa Timur
Magetan,2020,72.59,Jawa Timur
Magetan,2021,72.65,Jawa Timur
Magetan,2022,72.97,Jawa Timur
Magetan,2023,73.29,Jawa Timur
Magetan,2024,73.49,Jawa Timur
Malang,2013,71.76,Jawa Timur
Malang,2014,71.78,Jawa Timur
Malang,2015,71.98,Jawa Timur
Malang,2016,72.05,Jawa Timur
Malang,2017,72.12,Jawa Timur
Malang,2018,72.26,Jawa Timur
Malang,2019,72.45,Jawa Timur
Malang,2020,72.55,Jawa Timur
Malang,2021,72.61,Jawa Timur
Malang,2022,72.95,Jawa Timur
Malang,2023,73.26,Jawa Timur
Malang,2024,73.45,Jawa Timur
Mojokerto,2013,71.75,Jawa Timur
Mojokerto,2014,71.76,Jawa Timur
Mojokerto,2015,71.96,Jawa Timur
Mojokerto,2016,72.03,Jawa Timur
Mojokerto,2017,72.1,Jawa Timur
Mojokerto,2018,72.24,Jawa Timur
Mojokerto,2019,72.43,Jawa Timur
Mojokerto,2020,72.53,Jawa Timur
Mojokerto,2021,72.59,Jawa Timur
Mojokerto,2022,72.93,Jawa Timur
Mojokerto,2023,73.25,Jawa Timur
Mojokerto,2024,73.45,Jawa Timur
Nganjuk,2013,70.83,Jawa Timur
Nganjuk,2014,70.87,Jawa Timur
Nganjuk,2015,70.97,Jawa Timur
Nganjuk,2016,71.04,Jawa Timur
Nganjuk,2017,71.11,Jawa Timur
Nganjuk,2018,71.25,Jawa Timur
Nganjuk,2019,71.44,Jawa Timur
Nganjuk,2020,71.54,Jawa Timur
Nganjuk,2021,71.6,Jawa Timur
Nganjuk,2022,71.95,Jawa Timur
Nganjuk,2023,72.28,Jawa Timur
Nganjuk,2024,72.48,Jawa Timur
Ngawi,2013,71.28,Jawa Timur
Ngawi,2014,71.33,Jawa Timur
Ngawi,2015,71.53,Jawa Timur
Ngawi,2016,71.63,Jawa Timur
Ngawi,2017,71.74,Jawa Timur
Ngawi,2018,71.92,Jawa Timur
Ngawi,2019,72.16,Jawa Timur
Ngawi,2020,72.3,Jawa Timur
Ngawi,2021,72.41,Jawa Timur
Ngawi,2022,72.81,Jawa Timur
Ngawi,2023,73.2,Jawa Timur
Ngawi,2024,73.39,Jawa Timur
Pacitan,2013,70.7,Jawa Timur
Pacitan,2014,70.75,Jawa Timur
Pacitan,2015,71.05,Jawa Timur
Pacitan,2016,71.18,Jawa Timur
Pacitan,2017,71.31,Jawa Timur
Pacitan,2018,71.52,Jawa Timur
Pacitan,2019,71.77,Jawa Timur
Pacitan,2020,71.94,Jawa Timur
Pacitan,2021,72.07,Jawa Timur
Pacitan,2022,72.48,Jawa Timur
Pacitan,2023,72.86,Jawa Timur
Pacitan,2024,73.04,Jawa Timur
Pamekasan,2013,66.53,Jawa Timur
Pamekasan,2014,66.56,Jawa Timur
Pamekasan,2015,66.86,Jawa Timur
Pamekasan,2016,66.95,Jawa Timur
Pamekasan,2017,67.05,Jawa Timur
Pamekasan,2018,67.22,Jawa Timur
Pamekasan,2019,67.45,Jawa Timur
Pamekasan,2020,67.58,Jawa Timur
Pamekasan,2021,67.67,Jawa Timur
Pamekasan,2022,68.03,Jawa Timur
Pamekasan,2023,68.31,Jawa Timur
Pamekasan,2024,68.48,Jawa Timur
Pasuruan,2013,69.8,Jawa Timur
Pasuruan,2014,69.83,Jawa Timur
Pasuruan,2015,69.83,Jawa Timur
Pasuruan,2016,69.86,Jawa Timur
Pasuruan,2017,69.9,Jawa Timur
Pasuruan,2018,70.01,Jawa Timur
Pasuruan,2019,70.17,Jawa Timur
Pasuruan,2020,70.23,Jawa Timur
Pasuruan,2021,70.25,Jawa Timur
Pasuruan,2022,70.55,Jawa Timur
Pasuruan,2023,70.81,Jawa Timur
Pasuruan,2024,71,Jawa Timur
Ponorogo,2013,71.85,Jawa Timur
Ponorogo,2014,71.88,Jawa Timur
Ponorogo,2015,72.08,Jawa Timur
Ponorogo,2016,72.18,Jawa Timur
Ponorogo,2017,72.27,Jawa Timur
Ponorogo,2018,72.43,Jawa Timur
Ponorogo,2019,72.65,Jawa Timur
Ponorogo,2020,72.77,Jawa Timur
Ponorogo,2021,72.85,Jawa Timur
Ponorogo,2022,73.2,Jawa Timur
Ponorogo,2023,73.55,Jawa Timur
Ponorogo,2024,73.74,Jawa Timur
Probolinggo,2013,65.69,Jawa Timur
Probolinggo,2014,65.75,Jawa Timur
Probolinggo,2015,66.15,Jawa Timur
Probolinggo,2016,66.31,Jawa Timur
Probolinggo,2017,66.47,Jawa Timur
Probolinggo,2018,66.71,Jawa Timur
Probolinggo,2019,67,Jawa Timur
Probolinggo,2020,67.2,Jawa Timur
Probolinggo,2021,67.36,Jawa Timur
Probolinggo,2022,67.78,Jawa Timur
Probolinggo,2023,68.12,Jawa Timur
Probolinggo,2024,68.28,Jawa Timur
Sampang,2013,67.46,Jawa Timur
Sampang,2014,67.48,Jawa Timur
Sampang,2015,67.58,Jawa Timur
Sampang,2016,67.62,Jawa Timur
Sampang,2017,67.67,Jawa Timur
Sampang,2018,67.79,Jawa Timur
Sampang,2019,67.96,Jawa Timur
Sampang,2020,68.03,Jawa Timur
Sampang,2021,68.07,Jawa Timur
Sampang,2022,68.38,Jawa Timur
Sampang,2023,68.64,Jawa Timur
Sampang,2024,68.81,Jawa Timur
Sidoarjo,2013,73.43,Jawa Timur
Sidoarjo,2014,73.43,Jawa Timur
Sidoarjo,2015,73.63,Jawa Timur
Sidoarjo,2016,73.67,Jawa Timur
Sidoarjo,2017,73.71,Jawa Timur
Sidoarjo,2018,73.82,Jawa Timur
Sidoarjo,2019,73.98,Jawa Timur
Sidoarjo,2020,74.04,Jawa Timur
Sidoarjo,2021,74.06,Jawa Timur
Sidoarjo,2022,74.36,Jawa Timur
Sidoarjo,2023,74.69,Jawa Timur
Sidoarjo,2024,74.91,Jawa Timur
Situbondo,2013,68.03,Jawa Timur
Situbondo,2014,68.08,Jawa Timur
Situbondo,2015,68.28,Jawa Timur
Situbondo,2016,68.41,Jawa Timur
Situbondo,2017,68.53,Jawa Timur
Situbondo,2018,68.73,Jawa Timur
Situbondo,2019,68.97,Jawa Timur
Situbondo,2020,69.13,Jawa Timur
Situbondo,2021,69.24,Jawa Timur
Situbondo,2022,69.62,Jawa Timur
Situbondo,2023,69.94,Jawa Timur
Situbondo,2024,70.11,Jawa Timur
Sumenep,2013,69.98,Jawa Timur
Sumenep,2014,70.02,Jawa Timur
Sumenep,2015,70.42,Jawa Timur
Sumenep,2016,70.56,Jawa Timur
Sumenep,2017,70.71,Jawa Timur
Sumenep,2018,70.94,Jawa Timur
Sumenep,2019,71.22,Jawa Timur
Sumenep,2020,71.41,Jawa Timur
Sumenep,2021,71.56,Jawa Timur
Sumenep,2022,71.99,Jawa Timur
Sumenep,2023,72.47,Jawa Timur
Sumenep,2024,72.65,Jawa Timur
Trenggalek,2013,72.49,Jawa Timur
Trenggalek,2014,72.51,Jawa Timur
Trenggalek,2015,72.91,Jawa Timur
Trenggalek,2016,73.03,Jawa Timur
Trenggalek,2017,73.15,Jawa Timur
Trenggalek,2018,73.35,Jawa Timur
Trenggalek,2019,73.59,Jawa Timur
Trenggalek,2020,73.75,Jawa Timur
Trenggalek,2021,73.86,Jawa Timur
Trenggalek,2022,74.26,Jawa Timur
Trenggalek,2023,74.64,Jawa Timur
Trenggalek,2024,74.83,Jawa Timur
Tuban,2013,70.22,Jawa Timur
Tuban,2014,70.25,Jawa Timur
Tuban,2015,70.55,Jawa Timur
Tuban,2016,70.67,Jawa Timur
Tuban,2017,70.8,Jawa Timur
Tuban,2018,71.01,Jawa Timur
Tuban,2019,71.26,Jawa Timur
Tuban,2020,71.43,Jawa Timur
Tuban,2021,71.56,Jawa Timur
Tuban,2022,71.97,Jawa Timur
Tuban,2023,72.36,Jawa Timur
Tuban,2024,72.54,Jawa Timur
Tulungagung,2013,72.86,Jawa Timur
Tulungagung,2014,72.88,Jawa Timur
Tulungagung,2015,73.28,Jawa Timur
Tulungagung,2016,73.4,Jawa Timur
Tulungagung,2017,73.53,Jawa Timur
Tulungagung,2018,73.74,Jawa Timur
Tulungagung,2019,73.95,Jawa Timur
Tulungagung,2020,74.08,Jawa Timur
Tulungagung,2021,74.16,Jawa Timur
Tulungagung,2022,74.54,Jawa Timur
Tulungagung,2023,74.91,Jawa Timur
Tulungagung,2024,75.11,Jawa Timur
Bengkayang,2013,72.89,Kalimantan Barat
Bengkayang,2014,72.89,Kalimantan Barat
Bengkayang,2015,72.99,Kalimantan Barat
Bengkayang,2016,73.01,Kalimantan Barat
Bengkayang,2017,73.04,Kalimantan Barat
Bengkayang,2018,73.28,Kalimantan Barat
Bengkayang,2019,73.67,Kalimantan Barat
Bengkayang,2020,73.83,Kalimantan Barat
Bengkayang,2021,73.84,Kalimantan Barat
Bengkayang,2022,74,Kalimantan Barat
Bengkayang,2023,74.2,Kalimantan Barat
Bengkayang,2024,74.42,Kalimantan Barat
Kapuas Hulu,2013,71.93,Kalimantan Barat
Kapuas Hulu,2014,71.94,Kalimantan Barat
Kapuas Hulu,2015,71.94,Kalimantan Barat
Kapuas Hulu,2016,71.94,Kalimantan Barat
Kapuas Hulu,2017,71.95,Kalimantan Barat
Kapuas Hulu,2018,72.12,Kalimantan Barat
Kapuas Hulu,2019,72.44,Kalimantan Barat
Kapuas Hulu,2020,72.52,Kalimantan Barat
Kapuas Hulu,2021,72.53,Kalimantan Barat
Kapuas Hulu,2022,72.69,Kalimantan Barat
Kapuas Hulu,2023,72.88,Kalimantan Barat
Kapuas Hulu,2024,73.05,Kalimantan Barat
Kayong Utara,2013,67.03,Kalimantan Barat
Kayong Utara,2014,67.03,Kalimantan Barat
Kayong Utara,2015,67.33,Kalimantan Barat
Kayong Utara,2016,67.39,Kalimantan Barat
Kayong Utara,2017,67.46,Kalimantan Barat
Kayong Utara,2018,67.71,Kalimantan Barat
Kayong Utara,2019,68.11,Kalimantan Barat
Kayong Utara,2020,68.28,Kalimantan Barat
Kayong Utara,2021,68.48,Kalimantan Barat
Kayong Utara,2022,68.82,Kalimantan Barat
Kayong Utara,2023,69.22,Kalimantan Barat
Kayong Utara,2024,69.51,Kalimantan Barat
Ketapang,2013,70.51,Kalimantan Barat
Ketapang,2014,70.51,Kalimantan Barat
Ketapang,2015,70.51,Kalimantan Barat
Ketapang,2016,70.52,Kalimantan Barat
Ketapang,2017,70.52,Kalimantan Barat
Ketapang,2018,70.69,Kalimantan Barat
Ketapang,2019,71.01,Kalimantan Barat
Ketapang,2020,71.1,Kalimantan Barat
Ketapang,2021,71.11,Kalimantan Barat
Ketapang,2022,71.27,Kalimantan Barat
Ketapang,2023,71.45,Kalimantan Barat
Ketapang,2024,71.64,Kalimantan Barat
Kota Pontianak,2013,72,Kalimantan Barat
Kota Pontianak,2014,72.01,Kalimantan Barat
Kota Pontianak,2015,72.11,Kalimantan Barat
Kota Pontianak,2016,72.14,Kalimantan Barat
Kota Pontianak,2017,72.17,Kalimantan Barat
Kota Pontianak,2018,72.41,Kalimantan Barat
Kota Pontianak,2019,72.8,Kalimantan Barat
Kota Pontianak,2020,72.96,Kalimantan Barat
Kota Pontianak,2021,73.12,Kalimantan Barat
Kota Pontianak,2022,73.46,Kalimantan Barat
Kota Pontianak,2023,73.87,Kalimantan Barat
Kota Pontianak,2024,74.15,Kalimantan Barat
Kota Singkawang,2013,70.83,Kalimantan Barat
Kota Singkawang,2014,70.84,Kalimantan Barat
Kota Singkawang,2015,71.04,Kalimantan Barat
Kota Singkawang,2016,71.08,Kalimantan Barat
Kota Singkawang,2017,71.13,Kalimantan Barat
Kota Singkawang,2018,71.41,Kalimantan Barat
Kota Singkawang,2019,71.85,Kalimantan Barat
Kota Singkawang,2020,72.06,Kalimantan Barat
Kota Singkawang,2021,72.18,Kalimantan Barat
Kota Singkawang,2022,72.46,Kalimantan Barat
Kota Singkawang,2023,72.81,Kalimantan Barat
Kota Singkawang,2024,72.98,Kalimantan Barat
Kubu Raya,2013,69.64,Kalimantan Barat
Kubu Raya,2014,69.64,Kalimantan Barat
Kubu Raya,2015,69.74,Kalimantan Barat
Kubu Raya,2016,69.77,Kalimantan Barat
Kubu Raya,2017,69.8,Kalimantan Barat
Kubu Raya,2018,70.04,Kalimantan Barat
Kubu Raya,2019,70.43,Kalimantan Barat
Kubu Raya,2020,70.59,Kalimantan Barat
Kubu Raya,2021,70.69,Kalimantan Barat
Kubu Raya,2022,70.95,Kalimantan Barat
Kubu Raya,2023,71.26,Kalimantan Barat
Kubu Raya,2024,71.44,Kalimantan Barat
Landak,2013,71.97,Kalimantan Barat
Landak,2014,71.97,Kalimantan Barat
Landak,2015,72.07,Kalimantan Barat
Landak,2016,72.1,Kalimantan Barat
Landak,2017,72.12,Kalimantan Barat
Landak,2018,72.34,Kalimantan Barat
Landak,2019,72.7,Kalimantan Barat
Landak,2020,72.84,Kalimantan Barat
Landak,2021,73.04,Kalimantan Barat
Landak,2022,73.39,Kalimantan Barat
Landak,2023,73.77,Kalimantan Barat
Landak,2024,74,Kalimantan Barat
Melawi,2013,72.38,Kalimantan Barat
Melawi,2014,72.38,Kalimantan Barat
Melawi,2015,72.38,Kalimantan Barat
Melawi,2016,72.39,Kalimantan Barat
Melawi,2017,72.39,Kalimantan Barat
Melawi,2018,72.56,Kalimantan Barat
Melawi,2019,72.88,Kalimantan Barat
Melawi,2020,72.97,Kalimantan Barat
Melawi,2021,72.98,Kalimantan Barat
Melawi,2022,73.14,Kalimantan Barat
Melawi,2023,73.32,Kalimantan Barat
Melawi,2024,73.49,Kalimantan Barat
Mempawah,2013,70.27,Kalimantan Barat
Mempawah,2014,70.28,Kalimantan Barat
Mempawah,2015,70.28,Kalimantan Barat
Mempawah,2016,70.3,Kalimantan Barat
Mempawah,2017,70.32,Kalimantan Barat
Mempawah,2018,70.54,Kalimantan Barat
Mempawah,2019,70.9,Kalimantan Barat
Mempawah,2020,71.04,Kalimantan Barat
Mempawah,2021,71.18,Kalimantan Barat
Mempawah,2022,71.47,Kalimantan Barat
Mempawah,2023,71.74,Kalimantan Barat
Mempawah,2024,71.87,Kalimantan Barat
Sambas,2013,67.69,Kalimantan Barat
Sambas,2014,67.74,Kalimantan Barat
Sambas,2015,67.94,Kalimantan Barat
Sambas,2016,68.05,Kalimantan Barat
Sambas,2017,68.17,Kalimantan Barat
Sambas,2018,68.5,Kalimantan Barat
Sambas,2019,68.83,Kalimantan Barat
Sambas,2020,68.93,Kalimantan Barat
Sambas,2021,69.08,Kalimantan Barat
Sambas,2022,69.39,Kalimantan Barat
Sambas,2023,69.76,Kalimantan Barat
Sambas,2024,70.11,Kalimantan Barat
Sanggau,2013,70.27,Kalimantan Barat
Sanggau,2014,70.28,Kalimantan Barat
Sanggau,2015,70.58,Kalimantan Barat
Sanggau,2016,70.67,Kalimantan Barat
Sanggau,2017,70.75,Kalimantan Barat
Sanggau,2018,71.05,Kalimantan Barat
Sanggau,2019,71.35,Kalimantan Barat
Sanggau,2020,71.42,Kalimantan Barat
Sanggau,2021,71.42,Kalimantan Barat
Sanggau,2022,71.58,Kalimantan Barat
Sanggau,2023,71.77,Kalimantan Barat
Sanggau,2024,71.91,Kalimantan Barat
Sekadau,2013,70.78,Kalimantan Barat
Sekadau,2014,70.8,Kalimantan Barat
Sekadau,2015,70.9,Kalimantan Barat
Sekadau,2016,70.94,Kalimantan Barat
Sekadau,2017,70.98,Kalimantan Barat
Sekadau,2018,71.24,Kalimantan Barat
Sekadau,2019,71.65,Kalimantan Barat
Sekadau,2020,71.84,Kalimantan Barat
Sekadau,2021,72.05,Kalimantan Barat
Sekadau,2022,72.39,Kalimantan Barat
Sekadau,2023,72.74,Kalimantan Barat
Sekadau,2024,72.96,Kalimantan Barat
Sintang,2013,70.95,Kalimantan Barat
Sintang,2014,70.95,Kalimantan Barat
Sintang,2015,71.05,Kalimantan Barat
Sintang,2016,71.08,Kalimantan Barat
Sintang,2017,71.11,Kalimantan Barat
Sintang,2018,71.29,Kalimantan Barat
Sintang,2019,71.62,Kalimantan Barat
Sintang,2020,71.71,Kalimantan Barat
Sintang,2021,71.84,Kalimantan Barat
Sintang,2022,72.12,Kalimantan Barat
Sintang,2023,72.41,Kalimantan Barat
Sintang,2024,72.72,Kalimantan Barat
Balangan,2013,66.62,Kalimantan Selatan
Balangan,2014,66.65,Kalimantan Selatan
Balangan,2015,66.95,Kalimantan Selatan
Balangan,2016,67.07,Kalimantan Selatan
Balangan,2017,67.19,Kalimantan Selatan
Balangan,2018,67.37,Kalimantan Selatan
Balangan,2019,67.59,Kalimantan Selatan
Balangan,2020,67.72,Kalimantan Selatan
Balangan,2021,67.85,Kalimantan Selatan
Balangan,2022,68.13,Kalimantan Selatan
Balangan,2023,68.4,Kalimantan Selatan
Balangan,2024,68.59,Kalimantan Selatan
Banjar,2013,65.27,Kalimantan Selatan
Banjar,2014,65.32,Kalimantan Selatan
Banjar,2015,65.97,Kalimantan Selatan
Banjar,2016,66.17,Kalimantan Selatan
Banjar,2017,66.38,Kalimantan Selatan
Banjar,2018,66.66,Kalimantan Selatan
Banjar,2019,66.97,Kalimantan Selatan
Banjar,2020,67.21,Kalimantan Selatan
Banjar,2021,67.41,Kalimantan Selatan
Banjar,2022,67.73,Kalimantan Selatan
Banjar,2023,68.01,Kalimantan Selatan
Banjar,2024,68.26,Kalimantan Selatan
Barito Kuala,2013,64.42,Kalimantan Selatan
Barito Kuala,2014,64.49,Kalimantan Selatan
Barito Kuala,2015,64.94,Kalimantan Selatan
Barito Kuala,2016,65.14,Kalimantan Selatan
Barito Kuala,2017,65.33,Kalimantan Selatan
Barito Kuala,2018,65.59,Kalimantan Selatan
Barito Kuala,2019,65.88,Kalimantan Selatan
Barito Kuala,2020,66.09,Kalimantan Selatan
Barito Kuala,2021,66.27,Kalimantan Selatan
Barito Kuala,2022,66.55,Kalimantan Selatan
Barito Kuala,2023,66.8,Kalimantan Selatan
Barito Kuala,2024,67.07,Kalimantan Selatan
Hulu Sungai Selatan,2013,63.55,Kalimantan Selatan
Hulu Sungai Selatan,2014,63.64,Kalimantan Selatan
Hulu Sungai Selatan,2015,64.14,Kalimantan Selatan
Hulu Sungai Selatan,2016,65.38,Kalimantan Selatan
Hulu Sungai Selatan,2017,65.39,Kalimantan Selatan
Hulu Sungai Selatan,2018,65.59,Kalimantan Selatan
Hulu Sungai Selatan,2019,65.82,Kalimantan Selatan
Hulu Sungai Selatan,2020,65.97,Kalimantan Selatan
Hulu Sungai Selatan,2021,66.12,Kalimantan Selatan
Hulu Sungai Selatan,2022,66.51,Kalimantan Selatan
Hulu Sungai Selatan,2023,66.9,Kalimantan Selatan
Hulu Sungai Selatan,2024,67.17,Kalimantan Selatan
Hulu Sungai Tengah,2013,64.24,Kalimantan Selatan
Hulu Sungai Tengah,2014,64.33,Kalimantan Selatan
Hulu Sungai Tengah,2015,64.83,Kalimantan Selatan
Hulu Sungai Tengah,2016,65.06,Kalimantan Selatan
Hulu Sungai Tengah,2017,65.3,Kalimantan Selatan
Hulu Sungai Tengah,2018,65.54,Kalimantan Selatan
Hulu Sungai Tengah,2019,65.82,Kalimantan Selatan
Hulu Sungai Tengah,2020,66.01,Kalimantan Selatan
Hulu Sungai Tengah,2021,66.2,Kalimantan Selatan
Hulu Sungai Tengah,2022,66.54,Kalimantan Selatan
Hulu Sungai Tengah,2023,66.86,Kalimantan Selatan
Hulu Sungai Tengah,2024,67.12,Kalimantan Selatan
Hulu Sungai Utara,2013,61.99,Kalimantan Selatan
Hulu Sungai Utara,2014,62.09,Kalimantan Selatan
Hulu Sungai Utara,2015,62.49,Kalimantan Selatan
Hulu Sungai Utara,2016,62.71,Kalimantan Selatan
Hulu Sungai Utara,2017,62.94,Kalimantan Selatan
Hulu Sungai Utara,2018,63.24,Kalimantan Selatan
Hulu Sungai Utara,2019,63.58,Kalimantan Selatan
Hulu Sungai Utara,2020,63.83,Kalimantan Selatan
Hulu Sungai Utara,2021,64.1,Kalimantan Selatan
Hulu Sungai Utara,2022,64.53,Kalimantan Selatan
Hulu Sungai Utara,2023,64.97,Kalimantan Selatan
Hulu Sungai Utara,2024,65.26,Kalimantan Selatan
Kota Banjarbaru,2013,71.06,Kalimantan Selatan
Kota Banjarbaru,2014,71.06,Kalimantan Selatan
Kota Banjarbaru,2015,71.36,Kalimantan Selatan
Kota Banjarbaru,2016,71.43,Kalimantan Selatan
Kota Banjarbaru,2017,71.5,Kalimantan Selatan
Kota Banjarbaru,2018,71.67,Kalimantan Selatan
Kota Banjarbaru,2019,71.87,Kalimantan Selatan
Kota Banjarbaru,2020,71.99,Kalimantan Selatan
Kota Banjarbaru,2021,72.1,Kalimantan Selatan
Kota Banjarbaru,2022,72.36,Kalimantan Selatan
Kota Banjarbaru,2023,72.62,Kalimantan Selatan
Kota Banjarbaru,2024,72.82,Kalimantan Selatan
Kota Banjarmasin,2013,69.99,Kalimantan Selatan
Kota Banjarmasin,2014,70.02,Kalimantan Selatan
Kota Banjarmasin,2015,70.32,Kalimantan Selatan
Kota Banjarmasin,2016,70.44,Kalimantan Selatan
Kota Banjarmasin,2017,70.55,Kalimantan Selatan
Kota Banjarmasin,2018,70.75,Kalimantan Selatan
Kota Banjarmasin,2019,70.98,Kalimantan Selatan
Kota Banjarmasin,2020,71.13,Kalimantan Selatan
Kota Banjarmasin,2021,71.29,Kalimantan Selatan
Kota Banjarmasin,2022,71.59,Kalimantan Selatan
Kota Banjarmasin,2023,71.89,Kalimantan Selatan
Kota Banjarmasin,2024,72.1,Kalimantan Selatan
Kotabaru,2013,68.12,Kalimantan Selatan
Kotabaru,2014,68.14,Kalimantan Selatan
Kotabaru,2015,68.49,Kalimantan Selatan
Kotabaru,2016,68.61,Kalimantan Selatan
Kotabaru,2017,68.72,Kalimantan Selatan
Kotabaru,2018,68.89,Kalimantan Selatan
Kotabaru,2019,69.1,Kalimantan Selatan
Kotabaru,2020,69.21,Kalimantan Selatan
Kotabaru,2021,69.32,Kalimantan Selatan
Kotabaru,2022,69.56,Kalimantan Selatan
Kotabaru,2023,69.77,Kalimantan Selatan
Kotabaru,2024,69.93,Kalimantan Selatan
Tabalong,2013,69.36,Kalimantan Selatan
Tabalong,2014,69.39,Kalimantan Selatan
Tabalong,2015,69.74,Kalimantan Selatan
Tabalong,2016,69.84,Kalimantan Selatan
Tabalong,2017,69.95,Kalimantan Selatan
Tabalong,2018,70.12,Kalimantan Selatan
Tabalong,2019,70.33,Kalimantan Selatan
Tabalong,2020,70.44,Kalimantan Selatan
Tabalong,2021,70.57,Kalimantan Selatan
Tabalong,2022,70.84,Kalimantan Selatan
Tabalong,2023,71.28,Kalimantan Selatan
Tabalong,2024,71.46,Kalimantan Selatan
Tanah Bumbu,2013,68.81,Kalimantan Selatan
Tanah Bumbu,2014,68.84,Kalimantan Selatan
Tanah Bumbu,2015,69.19,Kalimantan Selatan
Tanah Bumbu,2016,69.19,Kalimantan Selatan
Tanah Bumbu,2017,69.44,Kalimantan Selatan
Tanah Bumbu,2018,69.74,Kalimantan Selatan
Tanah Bumbu,2019,70.08,Kalimantan Selatan
Tanah Bumbu,2020,70.34,Kalimantan Selatan
Tanah Bumbu,2021,70.45,Kalimantan Selatan
Tanah Bumbu,2022,70.7,Kalimantan Selatan
Tanah Bumbu,2023,70.94,Kalimantan Selatan
Tanah Bumbu,2024,71.11,Kalimantan Selatan
Tanah Laut,2013,68.19,Kalimantan Selatan
Tanah Laut,2014,68.22,Kalimantan Selatan
Tanah Laut,2015,68.62,Kalimantan Selatan
Tanah Laut,2016,68.76,Kalimantan Selatan
Tanah Laut,2017,68.89,Kalimantan Selatan
Tanah Laut,2018,69.08,Kalimantan Selatan
Tanah Laut,2019,69.31,Kalimantan Selatan
Tanah Laut,2020,69.45,Kalimantan Selatan
Tanah Laut,2021,69.59,Kalimantan Selatan
Tanah Laut,2022,69.86,Kalimantan Selatan
Tanah Laut,2023,70.11,Kalimantan Selatan
Tanah Laut,2024,70.31,Kalimantan Selatan
Tapin,2013,68.98,Kalimantan Selatan
Tapin,2014,69.02,Kalimantan Selatan
Tapin,2015,69.47,Kalimantan Selatan
Tapin,2016,69.62,Kalimantan Selatan
Tapin,2017,69.77,Kalimantan Selatan
Tapin,2018,69.98,Kalimantan Selatan
Tapin,2019,70.23,Kalimantan Selatan
Tapin,2020,70.4,Kalimantan Selatan
Tapin,2021,70.57,Kalimantan Selatan
Tapin,2022,70.88,Kalimantan Selatan
Tapin,2023,71.16,Kalimantan Selatan
Tapin,2024,71.35,Kalimantan Selatan
Barito Selatan,2013,65.99,Kalimantan Tengah
Barito Selatan,2014,66.08,Kalimantan Tengah
Barito Selatan,2015,66.48,Kalimantan Tengah
Barito Selatan,2016,66.63,Kalimantan Tengah
Barito Selatan,2017,66.78,Kalimantan Tengah
Barito Selatan,2018,66.89,Kalimantan Tengah
Barito Selatan,2019,66.99,Kalimantan Tengah
Barito Selatan,2020,67.09,Kalimantan Tengah
Barito Selatan,2021,67.19,Kalimantan Tengah
Barito Selatan,2022,67.48,Kalimantan Tengah
Barito Selatan,2023,67.75,Kalimantan Tengah
Barito Selatan,2024,67.86,Kalimantan Tengah
Barito Timur,2013,67.32,Kalimantan Tengah
Barito Timur,2014,67.41,Kalimantan Tengah
Barito Timur,2015,67.71,Kalimantan Tengah
Barito Timur,2016,67.84,Kalimantan Tengah
Barito Timur,2017,67.97,Kalimantan Tengah
Barito Timur,2018,68.06,Kalimantan Tengah
Barito Timur,2019,68.14,Kalimantan Tengah
Barito Timur,2020,68.22,Kalimantan Tengah
Barito Timur,2021,68.31,Kalimantan Tengah
Barito Timur,2022,68.61,Kalimantan Tengah
Barito Timur,2023,68.91,Kalimantan Tengah
Barito Timur,2024,69.02,Kalimantan Tengah
Barito Utara,2013,70.81,Kalimantan Tengah
Barito Utara,2014,70.91,Kalimantan Tengah
Barito Utara,2015,71.01,Kalimantan Tengah
Barito Utara,2016,71.26,Kalimantan Tengah
Barito Utara,2017,71.27,Kalimantan Tengah
Barito Utara,2018,71.28,Kalimantan Tengah
Barito Utara,2019,71.29,Kalimantan Tengah
Barito Utara,2020,71.3,Kalimantan Tengah
Barito Utara,2021,71.3,Kalimantan Tengah
Barito Utara,2022,71.5,Kalimantan Tengah
Barito Utara,2023,71.68,Kalimantan Tengah
Barito Utara,2024,71.8,Kalimantan Tengah
Gunung Mas,2013,69.5,Kalimantan Tengah
Gunung Mas,2014,69.59,Kalimantan Tengah
Gunung Mas,2015,69.89,Kalimantan Tengah
Gunung Mas,2016,70.02,Kalimantan Tengah
Gunung Mas,2017,70.15,Kalimantan Tengah
Gunung Mas,2018,70.24,Kalimantan Tengah
Gunung Mas,2019,70.32,Kalimantan Tengah
Gunung Mas,2020,70.4,Kalimantan Tengah
Gunung Mas,2021,70.46,Kalimantan Tengah
Gunung Mas,2022,70.72,Kalimantan Tengah
Gunung Mas,2023,70.96,Kalimantan Tengah
Gunung Mas,2024,71.1,Kalimantan Tengah
Kapuas,2013,68.21,Kalimantan Tengah
Kapuas,2014,68.3,Kalimantan Tengah
Kapuas,2015,68.4,Kalimantan Tengah
Kapuas,2016,68.49,Kalimantan Tengah
Kapuas,2017,68.59,Kalimantan Tengah
Kapuas,2018,68.64,Kalimantan Tengah
Kapuas,2019,68.69,Kalimantan Tengah
Kapuas,2020,68.74,Kalimantan Tengah
Kapuas,2021,68.78,Kalimantan Tengah
Kapuas,2022,69.02,Kalimantan Tengah
Kapuas,2023,69.23,Kalimantan Tengah
Kapuas,2024,69.34,Kalimantan Tengah
Katingan,2013,64.89,Kalimantan Tengah
Katingan,2014,64.98,Kalimantan Tengah
Katingan,2015,65.28,Kalimantan Tengah
Katingan,2016,65.4,Kalimantan Tengah
Katingan,2017,65.53,Kalimantan Tengah
Katingan,2018,65.62,Kalimantan Tengah
Katingan,2019,65.7,Kalimantan Tengah
Katingan,2020,65.78,Kalimantan Tengah
Katingan,2021,65.87,Kalimantan Tengah
Katingan,2022,66.16,Kalimantan Tengah
Katingan,2023,66.43,Kalimantan Tengah
Katingan,2024,66.52,Kalimantan Tengah
Kota Palangkaraya,2013,72.85,Kalimantan Tengah
Kota Palangkaraya,2014,72.95,Kalimantan Tengah
Kota Palangkaraya,2015,72.97,Kalimantan Tengah
Kota Palangkaraya,2016,73.05,Kalimantan Tengah
Kota Palangkaraya,2017,73.13,Kalimantan Tengah
Kota Palangkaraya,2018,73.16,Kalimantan Tengah
Kota Palangkaraya,2019,73.19,Kalimantan Tengah
Kota Palangkaraya,2020,73.21,Kalimantan Tengah
Kota Palangkaraya,2021,73.24,Kalimantan Tengah
Kota Palangkaraya,2022,73.47,Kalimantan Tengah
Kota Palangkaraya,2023,73.7,Kalimantan Tengah
Kota Palangkaraya,2024,73.82,Kalimantan Tengah
Kotawaringin Barat,2013,69.68,Kalimantan Tengah
Kotawaringin Barat,2014,69.77,Kalimantan Tengah
Kotawaringin Barat,2015,70.07,Kalimantan Tengah
Kotawaringin Barat,2016,70.21,Kalimantan Tengah
Kotawaringin Barat,2017,70.34,Kalimantan Tengah
Kotawaringin Barat,2018,70.43,Kalimantan Tengah
Kotawaringin Barat,2019,70.51,Kalimantan Tengah
Kotawaringin Barat,2020,70.59,Kalimantan Tengah
Kotawaringin Barat,2021,70.68,Kalimantan Tengah
Kotawaringin Barat,2022,70.98,Kalimantan Tengah
Kotawaringin Barat,2023,71.28,Kalimantan Tengah
Kotawaringin Barat,2024,71.38,Kalimantan Tengah
Kotawaringin Timur,2013,69.32,Kalimantan Tengah
Kotawaringin Timur,2014,69.41,Kalimantan Tengah
Kotawaringin Timur,2015,69.51,Kalimantan Tengah
Kotawaringin Timur,2016,69.6,Kalimantan Tengah
Kotawaringin Timur,2017,69.7,Kalimantan Tengah
Kotawaringin Timur,2018,69.75,Kalimantan Tengah
Kotawaringin Timur,2019,69.8,Kalimantan Tengah
Kotawaringin Timur,2020,69.85,Kalimantan Tengah
Kotawaringin Timur,2021,69.9,Kalimantan Tengah
Kotawaringin Timur,2022,70.15,Kalimantan Tengah
Kotawaringin Timur,2023,70.39,Kalimantan Tengah
Kotawaringin Timur,2024,70.51,Kalimantan Tengah
Lamandau,2013,68.98,Kalimantan Tengah
Lamandau,2014,69.07,Kalimantan Tengah
Lamandau,2015,69.12,Kalimantan Tengah
Lamandau,2016,69.2,Kalimantan Tengah
Lamandau,2017,69.28,Kalimantan Tengah
Lamandau,2018,69.31,Kalimantan Tengah
Lamandau,2019,69.34,Kalimantan Tengah
Lamandau,2020,69.36,Kalimantan Tengah
Lamandau,2021,69.39,Kalimantan Tengah
Lamandau,2022,69.62,Kalimantan Tengah
Lamandau,2023,69.84,Kalimantan Tengah
Lamandau,2024,69.98,Kalimantan Tengah
Murung Raya,2013,69.02,Kalimantan Tengah
Murung Raya,2014,69.11,Kalimantan Tengah
Murung Raya,2015,69.21,Kalimantan Tengah
Murung Raya,2016,69.3,Kalimantan Tengah
Murung Raya,2017,69.39,Kalimantan Tengah
Murung Raya,2018,69.43,Kalimantan Tengah
Murung Raya,2019,69.47,Kalimantan Tengah
Murung Raya,2020,69.51,Kalimantan Tengah
Murung Raya,2021,69.53,Kalimantan Tengah
Murung Raya,2022,69.75,Kalimantan Tengah
Murung Raya,2023,69.94,Kalimantan Tengah
Murung Raya,2024,70.04,Kalimantan Tengah
Pulang Pisau,2013,67.35,Kalimantan Tengah
Pulang Pisau,2014,67.44,Kalimantan Tengah
Pulang Pisau,2015,67.64,Kalimantan Tengah
Pulang Pisau,2016,67.75,Kalimantan Tengah
Pulang Pisau,2017,67.86,Kalimantan Tengah
Pulang Pisau,2018,67.92,Kalimantan Tengah
Pulang Pisau,2019,67.98,Kalimantan Tengah
Pulang Pisau,2020,68.04,Kalimantan Tengah
Pulang Pisau,2021,68.1,Kalimantan Tengah
Pulang Pisau,2022,68.36,Kalimantan Tengah
Pulang Pisau,2023,68.6,Kalimantan Tengah
Pulang Pisau,2024,68.74,Kalimantan Tengah
Seruyan,2013,68.49,Kalimantan Tengah
Seruyan,2014,68.58,Kalimantan Tengah
Seruyan,2015,68.88,Kalimantan Tengah
Seruyan,2016,69.22,Kalimantan Tengah
Seruyan,2017,69.23,Kalimantan Tengah
Seruyan,2018,69.24,Kalimantan Tengah
Seruyan,2019,69.25,Kalimantan Tengah
Seruyan,2020,69.26,Kalimantan Tengah
Seruyan,2021,69.26,Kalimantan Tengah
Seruyan,2022,69.46,Kalimantan Tengah
Seruyan,2023,69.63,Kalimantan Tengah
Seruyan,2024,69.72,Kalimantan Tengah
Sukamara,2013,71.1,Kalimantan Tengah
Sukamara,2014,71.19,Kalimantan Tengah
Sukamara,2015,71.24,Kalimantan Tengah
Sukamara,2016,71.32,Kalimantan Tengah
Sukamara,2017,71.41,Kalimantan Tengah
Sukamara,2018,71.45,Kalimantan Tengah
Sukamara,2019,71.49,Kalimantan Tengah
Sukamara,2020,71.53,Kalimantan Tengah
Sukamara,2021,71.56,Kalimantan Tengah
Sukamara,2022,71.8,Kalimantan Tengah
Sukamara,2023,72.03,Kalimantan Tengah
Sukamara,2024,72.15,Kalimantan Tengah
Berau,2013,71.15,Kalimantan Timur
Berau,2014,71.21,Kalimantan Timur
Berau,2015,71.31,Kalimantan Timur
Berau,2016,71.37,Kalimantan Timur
Berau,2017,71.44,Kalimantan Timur
Berau,2018,71.68,Kalimantan Timur
Berau,2019,71.94,Kalimantan Timur
Berau,2020,72.06,Kalimantan Timur
Berau,2021,72.32,Kalimantan Timur
Berau,2022,72.32,Kalimantan Timur
Berau,2023,72.41,Kalimantan Timur
Berau,2024,72.59,Kalimantan Timur
Kota Balikpapan,2013,73.93,Kalimantan Timur
Kota Balikpapan,2014,73.94,Kalimantan Timur
Kota Balikpapan,2015,73.95,Kalimantan Timur
Kota Balikpapan,2016,73.96,Kalimantan Timur
Kota Balikpapan,2017,73.97,Kalimantan Timur
Kota Balikpapan,2018,74.18,Kalimantan Timur
Kota Balikpapan,2019,74.41,Kalimantan Timur
Kota Balikpapan,2020,74.49,Kalimantan Timur
Kota Balikpapan,2021,74.76,Kalimantan Timur
Kota Balikpapan,2022,74.78,Kalimantan Timur
Kota Balikpapan,2023,74.89,Kalimantan Timur
Kota Balikpapan,2024,75.1,Kalimantan Timur
Kota Bontang,2013,73.67,Kalimantan Timur
Kota Bontang,2014,73.68,Kalimantan Timur
Kota Bontang,2015,73.69,Kalimantan Timur
Kota Bontang,2016,73.71,Kalimantan Timur
Kota Bontang,2017,73.72,Kalimantan Timur
Kota Bontang,2018,73.94,Kalimantan Timur
Kota Bontang,2019,74.18,Kalimantan Timur
Kota Bontang,2020,74.28,Kalimantan Timur
Kota Bontang,2021,74.55,Kalimantan Timur
Kota Bontang,2022,74.57,Kalimantan Timur
Kota Bontang,2023,74.67,Kalimantan Timur
Kota Bontang,2024,74.88,Kalimantan Timur
Kota Samarinda,2013,73.59,Kalimantan Timur
Kota Samarinda,2014,73.63,Kalimantan Timur
Kota Samarinda,2015,73.65,Kalimantan Timur
Kota Samarinda,2016,73.68,Kalimantan Timur
Kota Samarinda,2017,73.71,Kalimantan Timur
Kota Samarinda,2018,73.93,Kalimantan Timur
Kota Samarinda,2019,74.17,Kalimantan Timur
Kota Samarinda,2020,74.27,Kalimantan Timur
Kota Samarinda,2021,74.54,Kalimantan Timur
Kota Samarinda,2022,74.56,Kalimantan Timur
Kota Samarinda,2023,74.68,Kalimantan Timur
Kota Samarinda,2024,74.9,Kalimantan Timur
Kutai Barat,2013,71.96,Kalimantan Timur
Kutai Barat,2014,72.03,Kalimantan Timur
Kutai Barat,2015,72.19,Kalimantan Timur
Kutai Barat,2016,72.28,Kalimantan Timur
Kutai Barat,2017,72.37,Kalimantan Timur
Kutai Barat,2018,72.57,Kalimantan Timur
Kutai Barat,2019,72.79,Kalimantan Timur
Kutai Barat,2020,72.86,Kalimantan Timur
Kutai Barat,2021,73.1,Kalimantan Timur
Kutai Barat,2022,73.1,Kalimantan Timur
Kutai Barat,2023,73.19,Kalimantan Timur
Kutai Barat,2024,73.37,Kalimantan Timur
Kutai Kartanegara,2013,71.48,Kalimantan Timur
Kutai Kartanegara,2014,71.5,Kalimantan Timur
Kutai Kartanegara,2015,71.6,Kalimantan Timur
Kutai Kartanegara,2016,71.64,Kalimantan Timur
Kutai Kartanegara,2017,71.68,Kalimantan Timur
Kutai Kartanegara,2018,71.93,Kalimantan Timur
Kutai Kartanegara,2019,72.21,Kalimantan Timur
Kutai Kartanegara,2020,72.34,Kalimantan Timur
Kutai Kartanegara,2021,72.64,Kalimantan Timur
Kutai Kartanegara,2022,72.65,Kalimantan Timur
Kutai Kartanegara,2023,72.75,Kalimantan Timur
Kutai Kartanegara,2024,72.94,Kalimantan Timur
Kutai Timur,2013,72.3,Kalimantan Timur
Kutai Timur,2014,72.37,Kalimantan Timur
Kutai Timur,2015,72.39,Kalimantan Timur
Kutai Timur,2016,72.45,Kalimantan Timur
Kutai Timur,2017,72.51,Kalimantan Timur
Kutai Timur,2018,72.76,Kalimantan Timur
Kutai Timur,2019,73.03,Kalimantan Timur
Kutai Timur,2020,73.16,Kalimantan Timur
Kutai Timur,2021,73.46,Kalimantan Timur
Kutai Timur,2022,73.47,Kalimantan Timur
Kutai Timur,2023,73.57,Kalimantan Timur
Kutai Timur,2024,73.75,Kalimantan Timur
Mahakam Ulu,2013,71.05,Kalimantan Timur
Mahakam Ulu,2014,71.12,Kalimantan Timur
Mahakam Ulu,2015,71.13,Kalimantan Timur
Mahakam Ulu,2016,71.19,Kalimantan Timur
Mahakam Ulu,2017,71.25,Kalimantan Timur
Mahakam Ulu,2018,71.56,Kalimantan Timur
Mahakam Ulu,2019,71.9,Kalimantan Timur
Mahakam Ulu,2020,72.1,Kalimantan Timur
Mahakam Ulu,2021,72.33,Kalimantan Timur
Mahakam Ulu,2022,72.35,Kalimantan Timur
Mahakam Ulu,2023,72.46,Kalimantan Timur
Mahakam Ulu,2024,72.65,Kalimantan Timur
Paser,2013,71.86,Kalimantan Timur
Paser,2014,71.88,Kalimantan Timur
Paser,2015,71.98,Kalimantan Timur
Paser,2016,72.02,Kalimantan Timur
Paser,2017,72.05,Kalimantan Timur
Paser,2018,72.28,Kalimantan Timur
Paser,2019,72.52,Kalimantan Timur
Paser,2020,72.62,Kalimantan Timur
Paser,2021,72.88,Kalimantan Timur
Paser,2022,72.89,Kalimantan Timur
Paser,2023,72.99,Kalimantan Timur
Paser,2024,73.17,Kalimantan Timur
Penajam Paser Utara,2013,70.43,Kalimantan Timur
Penajam Paser Utara,2014,70.48,Kalimantan Timur
Penajam Paser Utara,2015,70.53,Kalimantan Timur
Penajam Paser Utara,2016,70.8,Kalimantan Timur
Penajam Paser Utara,2017,70.82,Kalimantan Timur
Penajam Paser Utara,2018,71.05,Kalimantan Timur
Penajam Paser Utara,2019,71.3,Kalimantan Timur
Penajam Paser Utara,2020,71.41,Kalimantan Timur
Penajam Paser Utara,2021,71.68,Kalimantan Timur
Penajam Paser Utara,2022,71.71,Kalimantan Timur
Penajam Paser Utara,2023,71.83,Kalimantan Timur
Penajam Paser Utara,2024,72.04,Kalimantan Timur
Bulungan,2013,72.02,Kalimantan Utara
Bulungan,2014,72.11,Kalimantan Utara
Bulungan,2015,72.21,Kalimantan Utara
Bulungan,2016,72.36,Kalimantan Utara
Bulungan,2017,72.51,Kalimantan Utara
Bulungan,2018,72.55,Kalimantan Utara
Bulungan,2019,72.6,Kalimantan Utara
Bulungan,2020,72.66,Kalimantan Utara
Bulungan,2021,72.74,Kalimantan Utara
Bulungan,2022,72.76,Kalimantan Utara
Bulungan,2023,72.78,Kalimantan Utara
Bulungan,2024,72.81,Kalimantan Utara
Kota Tarakan,2013,73.41,Kalimantan Utara
Kota Tarakan,2014,73.5,Kalimantan Utara
Kota Tarakan,2015,73.52,Kalimantan Utara
Kota Tarakan,2016,73.69,Kalimantan Utara
Kota Tarakan,2017,73.85,Kalimantan Utara
Kota Tarakan,2018,73.88,Kalimantan Utara
Kota Tarakan,2019,73.92,Kalimantan Utara
Kota Tarakan,2020,73.97,Kalimantan Utara
Kota Tarakan,2021,74.04,Kalimantan Utara
Kota Tarakan,2022,74.06,Kalimantan Utara
Kota Tarakan,2023,74.08,Kalimantan Utara
Kota Tarakan,2024,74.11,Kalimantan Utara
Malinau,2013,70.82,Kalimantan Utara
Malinau,2014,70.93,Kalimantan Utara
Malinau,2015,71.03,Kalimantan Utara
Malinau,2016,71.24,Kalimantan Utara
Malinau,2017,71.39,Kalimantan Utara
Malinau,2018,71.4,Kalimantan Utara
Malinau,2019,71.42,Kalimantan Utara
Malinau,2020,71.45,Kalimantan Utara
Malinau,2021,71.49,Kalimantan Utara
Malinau,2022,71.5,Kalimantan Utara
Malinau,2023,71.51,Kalimantan Utara
Malinau,2024,71.53,Kalimantan Utara
Nunukan,2013,70.74,Kalimantan Utara
Nunukan,2014,70.82,Kalimantan Utara
Nunukan,2015,70.83,Kalimantan Utara
Nunukan,2016,71.23,Kalimantan Utara
Nunukan,2017,71.25,Kalimantan Utara
Nunukan,2018,71.27,Kalimantan Utara
Nunukan,2019,71.3,Kalimantan Utara
Nunukan,2020,71.34,Kalimantan Utara
Nunukan,2021,71.4,Kalimantan Utara
Nunukan,2022,71.41,Kalimantan Utara
Nunukan,2023,71.42,Kalimantan Utara
Nunukan,2024,71.44,Kalimantan Utara
Tana Tidung,2013,70.68,Kalimantan Utara
Tana Tidung,2014,70.8,Kalimantan Utara
Tana Tidung,2015,70.81,Kalimantan Utara
Tana Tidung,2016,71.31,Kalimantan Utara
Tana Tidung,2017,71.33,Kalimantan Utara
Tana Tidung,2018,71.35,Kalimantan Utara
Tana Tidung,2019,71.38,Kalimantan Utara
Tana Tidung,2020,71.42,Kalimantan Utara
Tana Tidung,2021,71.49,Kalimantan Utara
Tana Tidung,2022,71.51,Kalimantan Utara
Tana Tidung,2023,71.53,Kalimantan Utara
Tana Tidung,2024,71.57,Kalimantan Utara
Bangka,2013,70.45,Kepulauan Bangka Belitung
Bangka,2014,70.47,Kepulauan Bangka Belitung
Bangka,2015,70.48,Kepulauan Bangka Belitung
Bangka,2016,70.52,Kepulauan Bangka Belitung
Bangka,2017,70.56,Kepulauan Bangka Belitung
Bangka,2018,70.73,Kepulauan Bangka Belitung
Bangka,2019,70.99,Kepulauan Bangka Belitung
Bangka,2020,71.06,Kepulauan Bangka Belitung
Bangka,2021,71.14,Kepulauan Bangka Belitung
Bangka,2022,71.37,Kepulauan Bangka Belitung
Bangka,2023,71.6,Kepulauan Bangka Belitung
Bangka,2024,71.8,Kepulauan Bangka Belitung
Bangka Barat,2013,69.44,Kepulauan Bangka Belitung
Bangka Barat,2014,69.46,Kepulauan Bangka Belitung
Bangka Barat,2015,69.47,Kepulauan Bangka Belitung
Bangka Barat,2016,69.52,Kepulauan Bangka Belitung
Bangka Barat,2017,69.56,Kepulauan Bangka Belitung
Bangka Barat,2018,69.73,Kepulauan Bangka Belitung
Bangka Barat,2019,69.99,Kepulauan Bangka Belitung
Bangka Barat,2020,70.06,Kepulauan Bangka Belitung
Bangka Barat,2021,70.08,Kepulauan Bangka Belitung
Bangka Barat,2022,70.25,Kepulauan Bangka Belitung
Bangka Barat,2023,70.43,Kepulauan Bangka Belitung
Bangka Barat,2024,70.59,Kepulauan Bangka Belitung
Bangka Selatan,2013,66.51,Kepulauan Bangka Belitung
Bangka Selatan,2014,66.56,Kepulauan Bangka Belitung
Bangka Selatan,2015,66.86,Kepulauan Bangka Belitung
Bangka Selatan,2016,66.99,Kepulauan Bangka Belitung
Bangka Selatan,2017,67.13,Kepulauan Bangka Belitung
Bangka Selatan,2018,67.47,Kepulauan Bangka Belitung
Bangka Selatan,2019,67.9,Kepulauan Bangka Belitung
Bangka Selatan,2020,68.16,Kepulauan Bangka Belitung
Bangka Selatan,2021,68.35,Kepulauan Bangka Belitung
Bangka Selatan,2022,68.68,Kepulauan Bangka Belitung
Bangka Selatan,2023,68.98,Kepulauan Bangka Belitung
Bangka Selatan,2024,69.24,Kepulauan Bangka Belitung
Bangka Tengah,2013,69.95,Kepulauan Bangka Belitung
Bangka Tengah,2014,69.98,Kepulauan Bangka Belitung
Bangka Tengah,2015,70.28,Kepulauan Bangka Belitung
Bangka Tengah,2016,70.38,Kepulauan Bangka Belitung
Bangka Tengah,2017,70.49,Kepulauan Bangka Belitung
Bangka Tengah,2018,70.78,Kepulauan Bangka Belitung
Bangka Tengah,2019,71.16,Kepulauan Bangka Belitung
Bangka Tengah,2020,71.36,Kepulauan Bangka Belitung
Bangka Tengah,2021,71.52,Kepulauan Bangka Belitung
Bangka Tengah,2022,71.82,Kepulauan Bangka Belitung
Bangka Tengah,2023,72.11,Kepulauan Bangka Belitung
Bangka Tengah,2024,72.36,Kepulauan Bangka Belitung
Belitung,2013,70.2,Kepulauan Bangka Belitung
Belitung,2014,70.22,Kepulauan Bangka Belitung
Belitung,2015,70.32,Kepulauan Bangka Belitung
Belitung,2016,70.38,Kepulauan Bangka Belitung
Belitung,2017,70.44,Kepulauan Bangka Belitung
Belitung,2018,70.64,Kepulauan Bangka Belitung
Belitung,2019,70.94,Kepulauan Bangka Belitung
Belitung,2020,71.05,Kepulauan Bangka Belitung
Belitung,2021,71.1,Kepulauan Bangka Belitung
Belitung,2022,71.31,Kepulauan Bangka Belitung
Belitung,2023,71.54,Kepulauan Bangka Belitung
Belitung,2024,71.75,Kepulauan Bangka Belitung
Belitung Timur,2013,71.01,Kepulauan Bangka Belitung
Belitung Timur,2014,71.03,Kepulauan Bangka Belitung
Belitung Timur,2015,71.23,Kepulauan Bangka Belitung
Belitung Timur,2016,71.3,Kepulauan Bangka Belitung
Belitung Timur,2017,71.37,Kepulauan Bangka Belitung
Belitung Timur,2018,71.59,Kepulauan Bangka Belitung
Belitung Timur,2019,71.9,Kepulauan Bangka Belitung
Belitung Timur,2020,72.03,Kepulauan Bangka Belitung
Belitung Timur,2021,72.1,Kepulauan Bangka Belitung
Belitung Timur,2022,72.33,Kepulauan Bangka Belitung
Belitung Timur,2023,72.59,Kepulauan Bangka Belitung
Belitung Timur,2024,72.85,Kepulauan Bangka Belitung
Kota Pangkal Pinang,2013,72.29,Kepulauan Bangka Belitung
Kota Pangkal Pinang,2014,72.31,Kepulauan Bangka Belitung
Kota Pangkal Pinang,2015,72.51,Kepulauan Bangka Belitung
Kota Pangkal Pinang,2016,72.57,Kepulauan Bangka Belitung
Kota Pangkal Pinang,2017,72.64,Kepulauan Bangka Belitung
Kota Pangkal Pinang,2018,72.86,Kepulauan Bangka Belitung
Kota Pangkal Pinang,2019,73.17,Kepulauan Bangka Belitung
Kota Pangkal Pinang,2020,73.3,Kepulauan Bangka Belitung
Kota Pangkal Pinang,2021,73.41,Kepulauan Bangka Belitung
Kota Pangkal Pinang,2022,73.68,Kepulauan Bangka Belitung
Kota Pangkal Pinang,2023,73.96,Kepulauan Bangka Belitung
Kota Pangkal Pinang,2024,74.24,Kepulauan Bangka Belitung
Bintan,2013,69.86,Kepulauan Riau
Bintan,2014,69.91,Kepulauan Riau
Bintan,2015,69.92,Kepulauan Riau
Bintan,2016,70.02,Kepulauan Riau
Bintan,2017,70.12,Kepulauan Riau
Bintan,2018,70.21,Kepulauan Riau
Bintan,2019,70.3,Kepulauan Riau
Bintan,2020,70.38,Kepulauan Riau
Bintan,2021,70.46,Kepulauan Riau
Bintan,2022,70.76,Kepulauan Riau
Bintan,2023,71.09,Kepulauan Riau
Bintan,2024,71.21,Kepulauan Riau
Karimun,2013,68.93,Kepulauan Riau
Karimun,2014,69.01,Kepulauan Riau
Karimun,2015,69.71,Kepulauan Riau
Karimun,2016,70.02,Kepulauan Riau
Karimun,2017,70.32,Kepulauan Riau
Karimun,2018,70.52,Kepulauan Riau
Karimun,2019,70.71,Kepulauan Riau
Karimun,2020,70.91,Kepulauan Riau
Karimun,2021,71.11,Kepulauan Riau
Karimun,2022,71.53,Kepulauan Riau
Karimun,2023,72.01,Kepulauan Riau
Karimun,2024,72.2,Kepulauan Riau
Kepulauan Anambas,2013,66.13,Kepulauan Riau
Kepulauan Anambas,2014,66.23,Kepulauan Riau
Kepulauan Anambas,2015,66.33,Kepulauan Riau
Kepulauan Anambas,2016,66.54,Kepulauan Riau
Kepulauan Anambas,2017,66.76,Kepulauan Riau
Kepulauan Anambas,2018,66.91,Kepulauan Riau
Kepulauan Anambas,2019,67.06,Kepulauan Riau
Kepulauan Anambas,2020,67.21,Kepulauan Riau
Kepulauan Anambas,2021,67.36,Kepulauan Riau
Kepulauan Anambas,2022,67.73,Kepulauan Riau
Kepulauan Anambas,2023,68.1,Kepulauan Riau
Kepulauan Anambas,2024,68.37,Kepulauan Riau
Kota Batam,2013,72.77,Kepulauan Riau
Kota Batam,2014,72.8,Kepulauan Riau
Kota Batam,2015,73,Kepulauan Riau
Kota Batam,2016,73.09,Kepulauan Riau
Kota Batam,2017,73.19,Kepulauan Riau
Kota Batam,2018,73.24,Kepulauan Riau
Kota Batam,2019,73.29,Kepulauan Riau
Kota Batam,2020,73.33,Kepulauan Riau
Kota Batam,2021,73.36,Kepulauan Riau
Kota Batam,2022,73.62,Kepulauan Riau
Kota Batam,2023,73.94,Kepulauan Riau
Kota Batam,2024,74.28,Kepulauan Riau
Kota Tanjung Pinang,2013,71.51,Kepulauan Riau
Kota Tanjung Pinang,2014,71.55,Kepulauan Riau
Kota Tanjung Pinang,2015,71.65,Kepulauan Riau
Kota Tanjung Pinang,2016,71.74,Kepulauan Riau
Kota Tanjung Pinang,2017,71.84,Kepulauan Riau
Kota Tanjung Pinang,2018,71.93,Kepulauan Riau
Kota Tanjung Pinang,2019,72.02,Kepulauan Riau
Kota Tanjung Pinang,2020,72.1,Kepulauan Riau
Kota Tanjung Pinang,2021,72.18,Kepulauan Riau
Kota Tanjung Pinang,2022,72.49,Kepulauan Riau
Kota Tanjung Pinang,2023,72.85,Kepulauan Riau
Kota Tanjung Pinang,2024,73.02,Kepulauan Riau
Lingga,2013,59.13,Kepulauan Riau
Lingga,2014,59.47,Kepulauan Riau
Lingga,2015,59.77,Kepulauan Riau
Lingga,2016,60.44,Kepulauan Riau
Lingga,2017,61.14,Kepulauan Riau
Lingga,2018,61.44,Kepulauan Riau
Lingga,2019,61.75,Kepulauan Riau
Lingga,2020,62.06,Kepulauan Riau
Lingga,2021,62.39,Kepulauan Riau
Lingga,2022,62.92,Kepulauan Riau
Lingga,2023,63.5,Kepulauan Riau
Lingga,2024,63.73,Kepulauan Riau
Natuna,2013,63.11,Kepulauan Riau
Natuna,2014,63.24,Kepulauan Riau
Natuna,2015,63.64,Kepulauan Riau
Natuna,2016,63.99,Kepulauan Riau
Natuna,2017,64.33,Kepulauan Riau
Natuna,2018,64.57,Kepulauan Riau
Natuna,2019,64.81,Kepulauan Riau
Natuna,2020,65.06,Kepulauan Riau
Natuna,2021,65.31,Kepulauan Riau
Natuna,2022,65.76,Kepulauan Riau
Natuna,2023,66.22,Kepulauan Riau
Natuna,2024,66.41,Kepulauan Riau
Kota Bandar Lampung,2013,70.26,Lampung
Kota Bandar Lampung,2014,70.55,Lampung
Kota Bandar Lampung,2015,70.65,Lampung
Kota Bandar Lampung,2016,70.75,Lampung
Kota Bandar Lampung,2017,70.84,Lampung
Kota Bandar Lampung,2018,71.01,Lampung
Kota Bandar Lampung,2019,71.28,Lampung
Kota Bandar Lampung,2020,71.37,Lampung
Kota Bandar Lampung,2021,71.42,Lampung
Kota Bandar Lampung,2022,71.66,Lampung
Kota Bandar Lampung,2023,71.91,Lampung
Kota Bandar Lampung,2024,72.24,Lampung
Kota Metro,2013,70.68,Lampung
Kota Metro,2014,70.98,Lampung
Kota Metro,2015,70.98,Lampung
Kota Metro,2016,71.05,Lampung
Kota Metro,2017,71.13,Lampung
Kota Metro,2018,71.29,Lampung
Kota Metro,2019,71.55,Lampung
Kota Metro,2020,71.63,Lampung
Kota Metro,2021,71.66,Lampung
Kota Metro,2022,71.88,Lampung
Kota Metro,2023,72.12,Lampung
Kota Metro,2024,72.44,Lampung
Lampung Barat,2013,65.69,Lampung
Lampung Barat,2014,66.02,Lampung
Lampung Barat,2015,66.42,Lampung
Lampung Barat,2016,66.64,Lampung
Lampung Barat,2017,66.86,Lampung
Lampung Barat,2018,67.09,Lampung
Lampung Barat,2019,67.43,Lampung
Lampung Barat,2020,67.58,Lampung
Lampung Barat,2021,67.65,Lampung
Lampung Barat,2022,67.9,Lampung
Lampung Barat,2023,68.13,Lampung
Lampung Barat,2024,68.4,Lampung
Lampung Selatan,2013,67.8,Lampung
Lampung Selatan,2014,68.12,Lampung
Lampung Selatan,2015,68.32,Lampung
Lampung Selatan,2016,68.49,Lampung
Lampung Selatan,2017,68.65,Lampung
Lampung Selatan,2018,68.87,Lampung
Lampung Selatan,2019,69.2,Lampung
Lampung Selatan,2020,69.33,Lampung
Lampung Selatan,2021,69.42,Lampung
Lampung Selatan,2022,69.69,Lampung
Lampung Selatan,2023,69.97,Lampung
Lampung Selatan,2024,70.32,Lampung
Lampung Tengah,2013,68.59,Lampung
Lampung Tengah,2014,68.91,Lampung
Lampung Tengah,2015,69.01,Lampung
Lampung Tengah,2016,69.15,Lampung
Lampung Tengah,2017,69.28,Lampung
Lampung Tengah,2018,69.46,Lampung
Lampung Tengah,2019,69.75,Lampung
Lampung Tengah,2020,69.84,Lampung
Lampung Tengah,2021,69.87,Lampung
Lampung Tengah,2022,70.08,Lampung
Lampung Tengah,2023,70.29,Lampung
Lampung Tengah,2024,70.55,Lampung
Lampung Timur,2013,69.01,Lampung
Lampung Timur,2014,69.33,Lampung
Lampung Timur,2015,69.73,Lampung
Lampung Timur,2016,69.92,Lampung
Lampung Timur,2017,70.11,Lampung
Lampung Timur,2018,70.31,Lampung
Lampung Timur,2019,70.61,Lampung
Lampung Timur,2020,70.73,Lampung
Lampung Timur,2021,70.78,Lampung
Lampung Timur,2022,71.01,Lampung
Lampung Timur,2023,71.25,Lampung
Lampung Timur,2024,71.53,Lampung
Lampung Utara,2013,67.68,Lampung
Lampung Utara,2014,68.02,Lampung
Lampung Utara,2015,68.12,Lampung
Lampung Utara,2016,68.3,Lampung
Lampung Utara,2017,68.48,Lampung
Lampung Utara,2018,68.71,Lampung
Lampung Utara,2019,69.05,Lampung
Lampung Utara,2020,69.21,Lampung
Lampung Utara,2021,69.3,Lampung
Lampung Utara,2022,69.57,Lampung
Lampung Utara,2023,69.83,Lampung
Lampung Utara,2024,70.13,Lampung
Mesuji,2013,66.7,Lampung
Mesuji,2014,67.05,Lampung
Mesuji,2015,67.15,Lampung
Mesuji,2016,67.32,Lampung
Mesuji,2017,67.49,Lampung
Mesuji,2018,67.71,Lampung
Mesuji,2019,68.04,Lampung
Mesuji,2020,68.19,Lampung
Mesuji,2021,68.26,Lampung
Mesuji,2022,68.51,Lampung
Mesuji,2023,68.75,Lampung
Mesuji,2024,69.04,Lampung
Pesawaran,2013,67.01,Lampung
Pesawaran,2014,67.33,Lampung
Pesawaran,2015,67.83,Lampung
Pesawaran,2016,68.05,Lampung
Pesawaran,2017,68.29,Lampung
Pesawaran,2018,68.53,Lampung
Pesawaran,2019,68.88,Lampung
Pesawaran,2020,69.04,Lampung
Pesawaran,2021,69.15,Lampung
Pesawaran,2022,69.44,Lampung
Pesawaran,2023,69.74,Lampung
Pesawaran,2024,70.13,Lampung
Pesisir Barat,2013,61.37,Lampung
Pesisir Barat,2014,61.74,Lampung
Pesisir Barat,2015,62.04,Lampung
Pesisir Barat,2016,62.29,Lampung
Pesisir Barat,2017,62.54,Lampung
Pesisir Barat,2018,62.85,Lampung
Pesisir Barat,2019,63.27,Lampung
Pesisir Barat,2020,63.5,Lampung
Pesisir Barat,2021,63.66,Lampung
Pesisir Barat,2022,63.99,Lampung
Pesisir Barat,2023,64.29,Lampung
Pesisir Barat,2024,64.69,Lampung
Pringsewu,2013,67.69,Lampung
Pringsewu,2014,68.01,Lampung
Pringsewu,2015,68.61,Lampung
Pringsewu,2016,68.88,Lampung
Pringsewu,2017,69.14,Lampung
Pringsewu,2018,69.44,Lampung
Pringsewu,2019,69.85,Lampung
Pringsewu,2020,70.08,Lampung
Pringsewu,2021,70.27,Lampung
Pringsewu,2022,70.65,Lampung
Pringsewu,2023,71.05,Lampung
Pringsewu,2024,71.21,Lampung
Tanggamus,2013,66.79,Lampung
Tanggamus,2014,67.12,Lampung
Tanggamus,2015,67.42,Lampung
Tanggamus,2016,67.61,Lampung
Tanggamus,2017,67.8,Lampung
Tanggamus,2018,68.04,Lampung
Tanggamus,2019,68.4,Lampung
Tanggamus,2020,68.56,Lampung
Tanggamus,2021,68.67,Lampung
Tanggamus,2022,68.95,Lampung
Tanggamus,2023,69.23,Lampung
Tanggamus,2024,69.56,Lampung
Tulang Bawang,2013,68.64,Lampung
Tulang Bawang,2014,68.94,Lampung
Tulang Bawang,2015,69.14,Lampung
Tulang Bawang,2016,69.28,Lampung
Tulang Bawang,2017,69.41,Lampung
Tulang Bawang,2018,69.59,Lampung
Tulang Bawang,2019,69.88,Lampung
Tulang Bawang,2020,69.97,Lampung
Tulang Bawang,2021,70.01,Lampung
Tulang Bawang,2022,70.22,Lampung
Tulang Bawang,2023,70.42,Lampung
Tulang Bawang,2024,70.56,Lampung
Tulang Bawang Barat,2013,68.66,Lampung
Tulang Bawang Barat,2014,68.98,Lampung
Tulang Bawang Barat,2015,69.08,Lampung
Tulang Bawang Barat,2016,69.21,Lampung
Tulang Bawang Barat,2017,69.35,Lampung
Tulang Bawang Barat,2018,69.56,Lampung
Tulang Bawang Barat,2019,69.88,Lampung
Tulang Bawang Barat,2020,70,Lampung
Tulang Bawang Barat,2021,70.03,Lampung
Tulang Bawang Barat,2022,70.23,Lampung
Tulang Bawang Barat,2023,70.42,Lampung
Tulang Bawang Barat,2024,70.64,Lampung
Way Kanan,2013,67.89,Lampung
Way Kanan,2014,68.21,Lampung
Way Kanan,2015,68.41,Lampung
Way Kanan,2016,68.58,Lampung
Way Kanan,2017,68.74,Lampung
Way Kanan,2018,68.95,Lampung
Way Kanan,2019,69.27,Lampung
Way Kanan,2020,69.4,Lampung
Way Kanan,2021,69.46,Lampung
Way Kanan,2022,69.69,Lampung
Way Kanan,2023,69.91,Lampung
Way Kanan,2024,70.16,Lampung
Buru,2013,65.13,Maluku
Buru,2014,65.5,Maluku
Buru,2015,65.6,Maluku
Buru,2016,65.82,Maluku
Buru,2017,66.03,Maluku
Buru,2018,66.16,Maluku
Buru,2019,66.32,Maluku
Buru,2020,66.41,Maluku
Buru,2021,66.44,Maluku
Buru,2022,66.72,Maluku
Buru,2023,67.03,Maluku
Buru,2024,67.21,Maluku
Buru Selatan,2013,65.04,Maluku
Buru Selatan,2014,65.36,Maluku
Buru Selatan,2015,65.46,Maluku
Buru Selatan,2016,65.6,Maluku
Buru Selatan,2017,65.74,Maluku
Buru Selatan,2018,65.92,Maluku
Buru Selatan,2019,66.13,Maluku
Buru Selatan,2020,66.27,Maluku
Buru Selatan,2021,66.36,Maluku
Buru Selatan,2022,66.69,Maluku
Buru Selatan,2023,66.96,Maluku
Buru Selatan,2024,67.15,Maluku
Kepulauan Aru,2013,61.26,Maluku
Kepulauan Aru,2014,61.57,Maluku
Kepulauan Aru,2015,61.97,Maluku
Kepulauan Aru,2016,62.16,Maluku
Kepulauan Aru,2017,62.34,Maluku
Kepulauan Aru,2018,62.52,Maluku
Kepulauan Aru,2019,62.73,Maluku
Kepulauan Aru,2020,62.87,Maluku
Kepulauan Aru,2021,62.96,Maluku
Kepulauan Aru,2022,63.29,Maluku
Kepulauan Aru,2023,63.57,Maluku
Kepulauan Aru,2024,63.76,Maluku
Kepulauan Tanimbar (Maluku Tenggara Barat),2013,62.21,Maluku
Kepulauan Tanimbar (Maluku Tenggara Barat),2014,62.5,Maluku
Kepulauan Tanimbar (Maluku Tenggara Barat),2015,62.8,Maluku
Kepulauan Tanimbar (Maluku Tenggara Barat),2016,62.93,Maluku
Kepulauan Tanimbar (Maluku Tenggara Barat),2017,63.06,Maluku
Kepulauan Tanimbar (Maluku Tenggara Barat),2018,63.19,Maluku
Kepulauan Tanimbar (Maluku Tenggara Barat),2019,63.34,Maluku
Kepulauan Tanimbar (Maluku Tenggara Barat),2020,63.42,Maluku
Kepulauan Tanimbar (Maluku Tenggara Barat),2021,63.45,Maluku
Kepulauan Tanimbar (Maluku Tenggara Barat),2022,63.73,Maluku
Kepulauan Tanimbar (Maluku Tenggara Barat),2023,63.99,Maluku
Kepulauan Tanimbar (Maluku Tenggara Barat),2024,64.11,Maluku
Kota Ambon,2013,69.11,Maluku
Kota Ambon,2014,69.46,Maluku
Kota Ambon,2015,69.56,Maluku
Kota Ambon,2016,69.74,Maluku
Kota Ambon,2017,69.92,Maluku
Kota Ambon,2018,70.12,Maluku
Kota Ambon,2019,70.35,Maluku
Kota Ambon,2020,70.52,Maluku
Kota Ambon,2021,70.63,Maluku
Kota Ambon,2022,71,Maluku
Kota Ambon,2023,71.37,Maluku
Kota Ambon,2024,71.62,Maluku
Kota Tual,2013,63.37,Maluku
Kota Tual,2014,63.76,Maluku
Kota Tual,2015,64.06,Maluku
Kota Tual,2016,64.33,Maluku
Kota Tual,2017,64.61,Maluku
Kota Tual,2018,64.89,Maluku
Kota Tual,2019,65.21,Maluku
Kota Tual,2020,65.47,Maluku
Kota Tual,2021,65.68,Maluku
Kota Tual,2022,66.16,Maluku
Kota Tual,2023,66.65,Maluku
Kota Tual,2024,67.01,Maluku
Maluku Barat Daya,2013,60.28,Maluku
Maluku Barat Daya,2014,60.63,Maluku
Maluku Barat Daya,2015,61.13,Maluku
Maluku Barat Daya,2016,61.37,Maluku
Maluku Barat Daya,2017,61.62,Maluku
Maluku Barat Daya,2018,61.87,Maluku
Maluku Barat Daya,2019,62.16,Maluku
Maluku Barat Daya,2020,62.38,Maluku
Maluku Barat Daya,2021,62.55,Maluku
Maluku Barat Daya,2022,62.98,Maluku
Maluku Barat Daya,2023,63.39,Maluku
Maluku Barat Daya,2024,63.7,Maluku
Maluku Tengah,2013,65.29,Maluku
Maluku Tengah,2014,65.59,Maluku
Maluku Tengah,2015,65.79,Maluku
Maluku Tengah,2016,65.93,Maluku
Maluku Tengah,2017,66.06,Maluku
Maluku Tengah,2018,66.19,Maluku
Maluku Tengah,2019,66.34,Maluku
Maluku Tengah,2020,66.42,Maluku
Maluku Tengah,2021,66.45,Maluku
Maluku Tengah,2022,66.73,Maluku
Maluku Tengah,2023,67.04,Maluku
Maluku Tengah,2024,67.26,Maluku
Maluku Tenggara,2013,63.66,Maluku
Maluku Tenggara,2014,63.98,Maluku
Maluku Tenggara,2015,64.28,Maluku
Maluku Tenggara,2016,64.45,Maluku
Maluku Tenggara,2017,64.61,Maluku
Maluku Tenggara,2018,64.77,Maluku
Maluku Tenggara,2019,64.95,Maluku
Maluku Tenggara,2020,65.07,Maluku
Maluku Tenggara,2021,65.14,Maluku
Maluku Tenggara,2022,65.46,Maluku
Maluku Tenggara,2023,65.78,Maluku
Maluku Tenggara,2024,66.02,Maluku
Seram Bagian Barat,2013,59.59,Maluku
Seram Bagian Barat,2014,59.9,Maluku
Seram Bagian Barat,2015,60.5,Maluku
Seram Bagian Barat,2016,60.72,Maluku
Seram Bagian Barat,2017,60.96,Maluku
Seram Bagian Barat,2018,61.2,Maluku
Seram Bagian Barat,2019,61.48,Maluku
Seram Bagian Barat,2020,61.69,Maluku
Seram Bagian Barat,2021,61.85,Maluku
Seram Bagian Barat,2022,62.25,Maluku
Seram Bagian Barat,2023,62.61,Maluku
Seram Bagian Barat,2024,62.9,Maluku
Seram Bagian Timur,2013,57.36,Maluku
Seram Bagian Timur,2014,57.7,Maluku
Seram Bagian Timur,2015,58.1,Maluku
Seram Bagian Timur,2016,58.32,Maluku
Seram Bagian Timur,2017,58.56,Maluku
Seram Bagian Timur,2018,58.84,Maluku
Seram Bagian Timur,2019,59.16,Maluku
Seram Bagian Timur,2020,59.41,Maluku
Seram Bagian Timur,2021,59.62,Maluku
Seram Bagian Timur,2022,60.06,Maluku
Seram Bagian Timur,2023,60.46,Maluku
Seram Bagian Timur,2024,60.8,Maluku
Halmahera Barat,2013,64.87,Maluku Utara
Halmahera Barat,2014,65.15,Maluku Utara
Halmahera Barat,2015,65.35,Maluku Utara
Halmahera Barat,2016,65.45,Maluku Utara
Halmahera Barat,2017,65.55,Maluku Utara
Halmahera Barat,2018,65.78,Maluku Utara
Halmahera Barat,2019,66.13,Maluku Utara
Halmahera Barat,2020,66.25,Maluku Utara
Halmahera Barat,2021,66.34,Maluku Utara
Halmahera Barat,2022,66.64,Maluku Utara
Halmahera Barat,2023,66.91,Maluku Utara
Halmahera Barat,2024,67.13,Maluku Utara
Halmahera Selatan,2013,64.65,Maluku Utara
Halmahera Selatan,2014,64.93,Maluku Utara
Halmahera Selatan,2015,65.03,Maluku Utara
Halmahera Selatan,2016,65.11,Maluku Utara
Halmahera Selatan,2017,65.2,Maluku Utara
Halmahera Selatan,2018,65.42,Maluku Utara
Halmahera Selatan,2019,65.75,Maluku Utara
Halmahera Selatan,2020,65.86,Maluku Utara
Halmahera Selatan,2021,65.93,Maluku Utara
Halmahera Selatan,2022,66.22,Maluku Utara
Halmahera Selatan,2023,66.5,Maluku Utara
Halmahera Selatan,2024,66.71,Maluku Utara
Halmahera Tengah,2013,61.86,Maluku Utara
Halmahera Tengah,2014,62.2,Maluku Utara
Halmahera Tengah,2015,62.4,Maluku Utara
Halmahera Tengah,2016,62.6,Maluku Utara
Halmahera Tengah,2017,62.8,Maluku Utara
Halmahera Tengah,2018,63.16,Maluku Utara
Halmahera Tengah,2019,63.65,Maluku Utara
Halmahera Tengah,2020,63.91,Maluku Utara
Halmahera Tengah,2021,64.15,Maluku Utara
Halmahera Tengah,2022,64.61,Maluku Utara
Halmahera Tengah,2023,65.06,Maluku Utara
Halmahera Tengah,2024,65.35,Maluku Utara
Halmahera Timur,2013,66.87,Maluku Utara
Halmahera Timur,2014,67.19,Maluku Utara
Halmahera Timur,2015,67.49,Maluku Utara
Halmahera Timur,2016,67.67,Maluku Utara
Halmahera Timur,2017,67.85,Maluku Utara
Halmahera Timur,2018,68.19,Maluku Utara
Halmahera Timur,2019,68.64,Maluku Utara
Halmahera Timur,2020,68.88,Maluku Utara
Halmahera Timur,2021,69.08,Maluku Utara
Halmahera Timur,2022,69.5,Maluku Utara
Halmahera Timur,2023,69.9,Maluku Utara
Halmahera Timur,2024,70.04,Maluku Utara
Halmahera Utara,2013,68.39,Maluku Utara
Halmahera Utara,2014,68.67,Maluku Utara
Halmahera Utara,2015,68.77,Maluku Utara
Halmahera Utara,2016,68.86,Maluku Utara
Halmahera Utara,2017,68.94,Maluku Utara
Halmahera Utara,2018,69.15,Maluku Utara
Halmahera Utara,2019,69.47,Maluku Utara
Halmahera Utara,2020,69.56,Maluku Utara
Halmahera Utara,2021,69.61,Maluku Utara
Halmahera Utara,2022,69.88,Maluku Utara
Halmahera Utara,2023,70.11,Maluku Utara
Halmahera Utara,2024,70.35,Maluku Utara
Kepulauan Sula,2013,61.99,Maluku Utara
Kepulauan Sula,2014,62.29,Maluku Utara
Kepulauan Sula,2015,62.39,Maluku Utara
Kepulauan Sula,2016,62.5,Maluku Utara
Kepulauan Sula,2017,62.6,Maluku Utara
Kepulauan Sula,2018,62.83,Maluku Utara
Kepulauan Sula,2019,63.18,Maluku Utara
Kepulauan Sula,2020,63.3,Maluku Utara
Kepulauan Sula,2021,63.39,Maluku Utara
Kepulauan Sula,2022,63.68,Maluku Utara
Kepulauan Sula,2023,63.94,Maluku Utara
Kepulauan Sula,2024,64.22,Maluku Utara
Kota Ternate,2013,69.67,Maluku Utara
Kota Ternate,2014,69.97,Maluku Utara
Kota Ternate,2015,70.07,Maluku Utara
Kota Ternate,2016,70.17,Maluku Utara
Kota Ternate,2017,70.27,Maluku Utara
Kota Ternate,2018,70.5,Maluku Utara
Kota Ternate,2019,70.85,Maluku Utara
Kota Ternate,2020,70.97,Maluku Utara
Kota Ternate,2021,71.06,Maluku Utara
Kota Ternate,2022,71.38,Maluku Utara
Kota Ternate,2023,71.7,Maluku Utara
Kota Ternate,2024,71.98,Maluku Utara
Kota Tidore Kepulauan,2013,68.04,Maluku Utara
Kota Tidore Kepulauan,2014,68.33,Maluku Utara
Kota Tidore Kepulauan,2015,68.43,Maluku Utara
Kota Tidore Kepulauan,2016,68.54,Maluku Utara
Kota Tidore Kepulauan,2017,68.64,Maluku Utara
Kota Tidore Kepulauan,2018,68.87,Maluku Utara
Kota Tidore Kepulauan,2019,69.22,Maluku Utara
Kota Tidore Kepulauan,2020,69.34,Maluku Utara
Kota Tidore Kepulauan,2021,69.43,Maluku Utara
Kota Tidore Kepulauan,2022,69.75,Maluku Utara
Kota Tidore Kepulauan,2023,70.1,Maluku Utara
Kota Tidore Kepulauan,2024,70.22,Maluku Utara
Pulau Morotai,2013,65.46,Maluku Utara
Pulau Morotai,2014,65.78,Maluku Utara
Pulau Morotai,2015,65.98,Maluku Utara
Pulau Morotai,2016,66.13,Maluku Utara
Pulau Morotai,2017,66.28,Maluku Utara
Pulau Morotai,2018,66.58,Maluku Utara
Pulau Morotai,2019,66.99,Maluku Utara
Pulau Morotai,2020,67.18,Maluku Utara
Pulau Morotai,2021,67.35,Maluku Utara
Pulau Morotai,2022,67.74,Maluku Utara
Pulau Morotai,2023,68.1,Maluku Utara
Pulau Morotai,2024,68.39,Maluku Utara
Pulau Taliabu,2013,60.67,Maluku Utara
Pulau Taliabu,2014,60.98,Maluku Utara
Pulau Taliabu,2015,61.08,Maluku Utara
Pulau Taliabu,2016,61.2,Maluku Utara
Pulau Taliabu,2017,61.32,Maluku Utara
Pulau Taliabu,2018,61.58,Maluku Utara
Pulau Taliabu,2019,61.95,Maluku Utara
Pulau Taliabu,2020,62.1,Maluku Utara
Pulau Taliabu,2021,62.22,Maluku Utara
Pulau Taliabu,2022,62.53,Maluku Utara
Pulau Taliabu,2023,62.79,Maluku Utara
Pulau Taliabu,2024,63.05,Maluku Utara
Bima,2013,64.42,Nusa Tenggara Barat (NTB)
Bima,2014,64.56,Nusa Tenggara Barat (NTB)
Bima,2015,64.86,Nusa Tenggara Barat (NTB)
Bima,2016,65.13,Nusa Tenggara Barat (NTB)
Bima,2017,65.4,Nusa Tenggara Barat (NTB)
Bima,2018,65.71,Nusa Tenggara Barat (NTB)
Bima,2019,66.11,Nusa Tenggara Barat (NTB)
Bima,2020,66.33,Nusa Tenggara Barat (NTB)
Bima,2021,66.5,Nusa Tenggara Barat (NTB)
Bima,2022,66.87,Nusa Tenggara Barat (NTB)
Bima,2023,67.27,Nusa Tenggara Barat (NTB)
Bima,2024,67.52,Nusa Tenggara Barat (NTB)
Dompu,2013,64.92,Nusa Tenggara Barat (NTB)
Dompu,2014,65.06,Nusa Tenggara Barat (NTB)
Dompu,2015,65.36,Nusa Tenggara Barat (NTB)
Dompu,2016,65.62,Nusa Tenggara Barat (NTB)
Dompu,2017,65.89,Nusa Tenggara Barat (NTB)
Dompu,2018,66.2,Nusa Tenggara Barat (NTB)
Dompu,2019,66.6,Nusa Tenggara Barat (NTB)
Dompu,2020,66.82,Nusa Tenggara Barat (NTB)
Dompu,2021,66.99,Nusa Tenggara Barat (NTB)
Dompu,2022,67.36,Nusa Tenggara Barat (NTB)
Dompu,2023,67.76,Nusa Tenggara Barat (NTB)
Dompu,2024,67.99,Nusa Tenggara Barat (NTB)
Kota Bima,2013,68.88,Nusa Tenggara Barat (NTB)
Kota Bima,2014,69.03,Nusa Tenggara Barat (NTB)
Kota Bima,2015,69.12,Nusa Tenggara Barat (NTB)
Kota Bima,2016,69.35,Nusa Tenggara Barat (NTB)
Kota Bima,2017,69.58,Nusa Tenggara Barat (NTB)
Kota Bima,2018,69.84,Nusa Tenggara Barat (NTB)
Kota Bima,2019,70.2,Nusa Tenggara Barat (NTB)
Kota Bima,2020,70.38,Nusa Tenggara Barat (NTB)
Kota Bima,2021,70.5,Nusa Tenggara Barat (NTB)
Kota Bima,2022,70.83,Nusa Tenggara Barat (NTB)
Kota Bima,2023,71.19,Nusa Tenggara Barat (NTB)
Kota Bima,2024,71.41,Nusa Tenggara Barat (NTB)
Kota Mataram,2013,70.03,Nusa Tenggara Barat (NTB)
Kota Mataram,2014,70.18,Nusa Tenggara Barat (NTB)
Kota Mataram,2015,70.43,Nusa Tenggara Barat (NTB)
Kota Mataram,2016,70.7,Nusa Tenggara Barat (NTB)
Kota Mataram,2017,70.98,Nusa Tenggara Barat (NTB)
Kota Mataram,2018,71.24,Nusa Tenggara Barat (NTB)
Kota Mataram,2019,71.59,Nusa Tenggara Barat (NTB)
Kota Mataram,2020,71.76,Nusa Tenggara Barat (NTB)
Kota Mataram,2021,71.88,Nusa Tenggara Barat (NTB)
Kota Mataram,2022,72.2,Nusa Tenggara Barat (NTB)
Kota Mataram,2023,72.55,Nusa Tenggara Barat (NTB)
Kota Mataram,2024,72.75,Nusa Tenggara Barat (NTB)
Lombok Barat,2013,64.36,Nusa Tenggara Barat (NTB)
Lombok Barat,2014,64.5,Nusa Tenggara Barat (NTB)
Lombok Barat,2015,65.1,Nusa Tenggara Barat (NTB)
Lombok Barat,2016,65.44,Nusa Tenggara Barat (NTB)
Lombok Barat,2017,65.78,Nusa Tenggara Barat (NTB)
Lombok Barat,2018,66.16,Nusa Tenggara Barat (NTB)
Lombok Barat,2019,66.64,Nusa Tenggara Barat (NTB)
Lombok Barat,2020,66.94,Nusa Tenggara Barat (NTB)
Lombok Barat,2021,67.19,Nusa Tenggara Barat (NTB)
Lombok Barat,2022,67.63,Nusa Tenggara Barat (NTB)
Lombok Barat,2023,68.08,Nusa Tenggara Barat (NTB)
Lombok Barat,2024,68.35,Nusa Tenggara Barat (NTB)
Lombok Tengah,2013,64.3,Nusa Tenggara Barat (NTB)
Lombok Tengah,2014,64.45,Nusa Tenggara Barat (NTB)
Lombok Tengah,2015,64.75,Nusa Tenggara Barat (NTB)
Lombok Tengah,2016,65.01,Nusa Tenggara Barat (NTB)
Lombok Tengah,2017,65.28,Nusa Tenggara Barat (NTB)
Lombok Tengah,2018,65.59,Nusa Tenggara Barat (NTB)
Lombok Tengah,2019,65.99,Nusa Tenggara Barat (NTB)
Lombok Tengah,2020,66.21,Nusa Tenggara Barat (NTB)
Lombok Tengah,2021,66.38,Nusa Tenggara Barat (NTB)
Lombok Tengah,2022,66.75,Nusa Tenggara Barat (NTB)
Lombok Tengah,2023,67.12,Nusa Tenggara Barat (NTB)
Lombok Tengah,2024,67.32,Nusa Tenggara Barat (NTB)
Lombok Timur,2013,63.9,Nusa Tenggara Barat (NTB)
Lombok Timur,2014,64.04,Nusa Tenggara Barat (NTB)
Lombok Timur,2015,64.44,Nusa Tenggara Barat (NTB)
Lombok Timur,2016,64.73,Nusa Tenggara Barat (NTB)
Lombok Timur,2017,65.01,Nusa Tenggara Barat (NTB)
Lombok Timur,2018,65.33,Nusa Tenggara Barat (NTB)
Lombok Timur,2019,65.74,Nusa Tenggara Barat (NTB)
Lombok Timur,2020,65.97,Nusa Tenggara Barat (NTB)
Lombok Timur,2021,66.16,Nusa Tenggara Barat (NTB)
Lombok Timur,2022,66.55,Nusa Tenggara Barat (NTB)
Lombok Timur,2023,66.95,Nusa Tenggara Barat (NTB)
Lombok Timur,2024,67.2,Nusa Tenggara Barat (NTB)
Lombok Utara,2013,65.04,Nusa Tenggara Barat (NTB)
Lombok Utara,2014,65.19,Nusa Tenggara Barat (NTB)
Lombok Utara,2015,65.59,Nusa Tenggara Barat (NTB)
Lombok Utara,2016,65.88,Nusa Tenggara Barat (NTB)
Lombok Utara,2017,66.17,Nusa Tenggara Barat (NTB)
Lombok Utara,2018,66.5,Nusa Tenggara Barat (NTB)
Lombok Utara,2019,66.92,Nusa Tenggara Barat (NTB)
Lombok Utara,2020,67.17,Nusa Tenggara Barat (NTB)
Lombok Utara,2021,67.36,Nusa Tenggara Barat (NTB)
Lombok Utara,2022,67.75,Nusa Tenggara Barat (NTB)
Lombok Utara,2023,68.17,Nusa Tenggara Barat (NTB)
Lombok Utara,2024,68.43,Nusa Tenggara Barat (NTB)
Sumbawa,2013,65.58,Nusa Tenggara Barat (NTB)
Sumbawa,2014,65.72,Nusa Tenggara Barat (NTB)
Sumbawa,2015,66.02,Nusa Tenggara Barat (NTB)
Sumbawa,2016,66.3,Nusa Tenggara Barat (NTB)
Sumbawa,2017,66.58,Nusa Tenggara Barat (NTB)
Sumbawa,2018,66.9,Nusa Tenggara Barat (NTB)
Sumbawa,2019,67.31,Nusa Tenggara Barat (NTB)
Sumbawa,2020,67.54,Nusa Tenggara Barat (NTB)
Sumbawa,2021,67.73,Nusa Tenggara Barat (NTB)
Sumbawa,2022,68.12,Nusa Tenggara Barat (NTB)
Sumbawa,2023,68.54,Nusa Tenggara Barat (NTB)
Sumbawa,2024,68.81,Nusa Tenggara Barat (NTB)
Sumbawa Barat,2013,65.69,Nusa Tenggara Barat (NTB)
Sumbawa Barat,2014,65.85,Nusa Tenggara Barat (NTB)
Sumbawa Barat,2015,66.35,Nusa Tenggara Barat (NTB)
Sumbawa Barat,2016,66.66,Nusa Tenggara Barat (NTB)
Sumbawa Barat,2017,66.98,Nusa Tenggara Barat (NTB)
Sumbawa Barat,2018,67.34,Nusa Tenggara Barat (NTB)
Sumbawa Barat,2019,67.8,Nusa Tenggara Barat (NTB)
Sumbawa Barat,2020,68.07,Nusa Tenggara Barat (NTB)
Sumbawa Barat,2021,68.31,Nusa Tenggara Barat (NTB)
Sumbawa Barat,2022,68.74,Nusa Tenggara Barat (NTB)
Sumbawa Barat,2023,69.2,Nusa Tenggara Barat (NTB)
Sumbawa Barat,2024,69.54,Nusa Tenggara Barat (NTB)
Alor,2013,59.71,Nusa Tenggara Timur (NTT)
Alor,2014,59.73,Nusa Tenggara Timur (NTT)
Alor,2015,60.23,Nusa Tenggara Timur (NTT)
Alor,2016,60.35,Nusa Tenggara Timur (NTT)
Alor,2017,60.47,Nusa Tenggara Timur (NTT)
Alor,2018,60.8,Nusa Tenggara Timur (NTT)
Alor,2019,61.29,Nusa Tenggara Timur (NTT)
Alor,2020,61.48,Nusa Tenggara Timur (NTT)
Alor,2021,61.64,Nusa Tenggara Timur (NTT)
Alor,2022,61.99,Nusa Tenggara Timur (NTT)
Alor,2023,62.35,Nusa Tenggara Timur (NTT)
Alor,2024,62.62,Nusa Tenggara Timur (NTT)
Belu,2013,62.26,Nusa Tenggara Timur (NTT)
Belu,2014,62.31,Nusa Tenggara Timur (NTT)
Belu,2015,63.01,Nusa Tenggara Timur (NTT)
Belu,2016,63.21,Nusa Tenggara Timur (NTT)
Belu,2017,63.42,Nusa Tenggara Timur (NTT)
Belu,2018,63.81,Nusa Tenggara Timur (NTT)
Belu,2019,64.35,Nusa Tenggara Timur (NTT)
Belu,2020,64.61,Nusa Tenggara Timur (NTT)
Belu,2021,64.89,Nusa Tenggara Timur (NTT)
Belu,2022,65.28,Nusa Tenggara Timur (NTT)
Belu,2023,65.63,Nusa Tenggara Timur (NTT)
Belu,2024,65.93,Nusa Tenggara Timur (NTT)
Ende,2013,64.24,Nusa Tenggara Timur (NTT)
Ende,2014,64.27,Nusa Tenggara Timur (NTT)
Ende,2015,64.37,Nusa Tenggara Timur (NTT)
Ende,2016,64.42,Nusa Tenggara Timur (NTT)
Ende,2017,64.48,Nusa Tenggara Timur (NTT)
Ende,2018,64.75,Nusa Tenggara Timur (NTT)
Ende,2019,65.17,Nusa Tenggara Timur (NTT)
Ende,2020,65.29,Nusa Tenggara Timur (NTT)
Ende,2021,65.43,Nusa Tenggara Timur (NTT)
Ende,2022,65.76,Nusa Tenggara Timur (NTT)
Ende,2023,66.12,Nusa Tenggara Timur (NTT)
Ende,2024,66.3,Nusa Tenggara Timur (NTT)
Flores Timur,2013,63.88,Nusa Tenggara Timur (NTT)
Flores Timur,2014,63.88,Nusa Tenggara Timur (NTT)
Flores Timur,2015,64.28,Nusa Tenggara Timur (NTT)
Flores Timur,2016,64.36,Nusa Tenggara Timur (NTT)
Flores Timur,2017,64.45,Nusa Tenggara Timur (NTT)
Flores Timur,2018,64.7,Nusa Tenggara Timur (NTT)
Flores Timur,2019,65.1,Nusa Tenggara Timur (NTT)
Flores Timur,2020,65.2,Nusa Tenggara Timur (NTT)
Flores Timur,2021,65.31,Nusa Tenggara Timur (NTT)
Flores Timur,2022,65.62,Nusa Tenggara Timur (NTT)
Flores Timur,2023,65.96,Nusa Tenggara Timur (NTT)
Flores Timur,2024,66.21,Nusa Tenggara Timur (NTT)
Kota Kupang,2013,68.09,Nusa Tenggara Timur (NTT)
Kota Kupang,2014,68.14,Nusa Tenggara Timur (NTT)
Kota Kupang,2015,68.34,Nusa Tenggara Timur (NTT)
Kota Kupang,2016,68.46,Nusa Tenggara Timur (NTT)
Kota Kupang,2017,68.58,Nusa Tenggara Timur (NTT)
Kota Kupang,2018,68.9,Nusa Tenggara Timur (NTT)
Kota Kupang,2019,69.37,Nusa Tenggara Timur (NTT)
Kota Kupang,2020,69.55,Nusa Tenggara Timur (NTT)
Kota Kupang,2021,69.73,Nusa Tenggara Timur (NTT)
Kota Kupang,2022,70.11,Nusa Tenggara Timur (NTT)
Kota Kupang,2023,70.52,Nusa Tenggara Timur (NTT)
Kota Kupang,2024,70.84,Nusa Tenggara Timur (NTT)
Kupang,2013,62.87,Nusa Tenggara Timur (NTT)
Kupang,2014,62.97,Nusa Tenggara Timur (NTT)
Kupang,2015,63.17,Nusa Tenggara Timur (NTT)
Kupang,2016,63.33,Nusa Tenggara Timur (NTT)
Kupang,2017,63.49,Nusa Tenggara Timur (NTT)
Kupang,2018,63.86,Nusa Tenggara Timur (NTT)
Kupang,2019,64.39,Nusa Tenggara Timur (NTT)
Kupang,2020,64.63,Nusa Tenggara Timur (NTT)
Kupang,2021,64.91,Nusa Tenggara Timur (NTT)
Kupang,2022,65.28,Nusa Tenggara Timur (NTT)
Kupang,2023,65.64,Nusa Tenggara Timur (NTT)
Kupang,2024,65.95,Nusa Tenggara Timur (NTT)
Lembata,2013,65.3,Nusa Tenggara Timur (NTT)
Lembata,2014,65.35,Nusa Tenggara Timur (NTT)
Lembata,2015,65.85,Nusa Tenggara Timur (NTT)
Lembata,2016,66.02,Nusa Tenggara Timur (NTT)
Lembata,2017,66.19,Nusa Tenggara Timur (NTT)
Lembata,2018,66.57,Nusa Tenggara Timur (NTT)
Lembata,2019,66.97,Nusa Tenggara Timur (NTT)
Lembata,2020,67.07,Nusa Tenggara Timur (NTT)
Lembata,2021,67.2,Nusa Tenggara Timur (NTT)
Lembata,2022,67.52,Nusa Tenggara Timur (NTT)
Lembata,2023,67.87,Nusa Tenggara Timur (NTT)
Lembata,2024,68.12,Nusa Tenggara Timur (NTT)
Malaka,2013,64.11,Nusa Tenggara Timur (NTT)
Malaka,2014,64.15,Nusa Tenggara Timur (NTT)
Malaka,2015,64.15,Nusa Tenggara Timur (NTT)
Malaka,2016,64.27,Nusa Tenggara Timur (NTT)
Malaka,2017,64.29,Nusa Tenggara Timur (NTT)
Malaka,2018,64.52,Nusa Tenggara Timur (NTT)
Malaka,2019,64.89,Nusa Tenggara Timur (NTT)
Malaka,2020,64.97,Nusa Tenggara Timur (NTT)
Malaka,2021,65.01,Nusa Tenggara Timur (NTT)
Malaka,2022,65.34,Nusa Tenggara Timur (NTT)
Malaka,2023,65.67,Nusa Tenggara Timur (NTT)
Malaka,2024,65.99,Nusa Tenggara Timur (NTT)
Manggarai,2013,64.75,Nusa Tenggara Timur (NTT)
Manggarai,2014,64.78,Nusa Tenggara Timur (NTT)
Manggarai,2015,65.48,Nusa Tenggara Timur (NTT)
Manggarai,2016,65.66,Nusa Tenggara Timur (NTT)
Manggarai,2017,65.84,Nusa Tenggara Timur (NTT)
Manggarai,2018,66.23,Nusa Tenggara Timur (NTT)
Manggarai,2019,66.77,Nusa Tenggara Timur (NTT)
Manggarai,2020,67.03,Nusa Tenggara Timur (NTT)
Manggarai,2021,67.11,Nusa Tenggara Timur (NTT)
Manggarai,2022,67.38,Nusa Tenggara Timur (NTT)
Manggarai,2023,67.63,Nusa Tenggara Timur (NTT)
Manggarai,2024,67.89,Nusa Tenggara Timur (NTT)
Manggarai Barat,2013,65.92,Nusa Tenggara Timur (NTT)
Manggarai Barat,2014,65.98,Nusa Tenggara Timur (NTT)
Manggarai Barat,2015,65.98,Nusa Tenggara Timur (NTT)
Manggarai Barat,2016,66.19,Nusa Tenggara Timur (NTT)
Manggarai Barat,2017,66.19,Nusa Tenggara Timur (NTT)
Manggarai Barat,2018,66.58,Nusa Tenggara Timur (NTT)
Manggarai Barat,2019,67.12,Nusa Tenggara Timur (NTT)
Manggarai Barat,2020,67.38,Nusa Tenggara Timur (NTT)
Manggarai Barat,2021,67.46,Nusa Tenggara Timur (NTT)
Manggarai Barat,2022,67.73,Nusa Tenggara Timur (NTT)
Manggarai Barat,2023,68,Nusa Tenggara Timur (NTT)
Manggarai Barat,2024,68.3,Nusa Tenggara Timur (NTT)
Manggarai Timur,2013,67.26,Nusa Tenggara Timur (NTT)
Manggarai Timur,2014,67.27,Nusa Tenggara Timur (NTT)
Manggarai Timur,2015,67.27,Nusa Tenggara Timur (NTT)
Manggarai Timur,2016,67.39,Nusa Tenggara Timur (NTT)
Manggarai Timur,2017,67.4,Nusa Tenggara Timur (NTT)
Manggarai Timur,2018,67.62,Nusa Tenggara Timur (NTT)
Manggarai Timur,2019,67.98,Nusa Tenggara Timur (NTT)
Manggarai Timur,2020,68.04,Nusa Tenggara Timur (NTT)
Manggarai Timur,2021,68.07,Nusa Tenggara Timur (NTT)
Manggarai Timur,2022,68.29,Nusa Tenggara Timur (NTT)
Manggarai Timur,2023,68.49,Nusa Tenggara Timur (NTT)
Manggarai Timur,2024,68.69,Nusa Tenggara Timur (NTT)
Nagekeo,2013,66.04,Nusa Tenggara Timur (NTT)
Nagekeo,2014,66.05,Nusa Tenggara Timur (NTT)
Nagekeo,2015,66.25,Nusa Tenggara Timur (NTT)
Nagekeo,2016,66.31,Nusa Tenggara Timur (NTT)
Nagekeo,2017,66.36,Nusa Tenggara Timur (NTT)
Nagekeo,2018,66.62,Nusa Tenggara Timur (NTT)
Nagekeo,2019,67.03,Nusa Tenggara Timur (NTT)
Nagekeo,2020,67.13,Nusa Tenggara Timur (NTT)
Nagekeo,2021,67.25,Nusa Tenggara Timur (NTT)
Nagekeo,2022,67.56,Nusa Tenggara Timur (NTT)
Nagekeo,2023,67.91,Nusa Tenggara Timur (NTT)
Nagekeo,2024,68.17,Nusa Tenggara Timur (NTT)
Ngada,2013,67.3,Nusa Tenggara Timur (NTT)
Ngada,2014,67.32,Nusa Tenggara Timur (NTT)
Ngada,2015,67.32,Nusa Tenggara Timur (NTT)
Ngada,2016,67.34,Nusa Tenggara Timur (NTT)
Ngada,2017,67.36,Nusa Tenggara Timur (NTT)
Ngada,2018,67.59,Nusa Tenggara Timur (NTT)
Ngada,2019,67.96,Nusa Tenggara Timur (NTT)
Ngada,2020,68.04,Nusa Tenggara Timur (NTT)
Ngada,2021,68.12,Nusa Tenggara Timur (NTT)
Ngada,2022,68.4,Nusa Tenggara Timur (NTT)
Ngada,2023,68.71,Nusa Tenggara Timur (NTT)
Ngada,2024,68.92,Nusa Tenggara Timur (NTT)
Rote Ndao,2013,62.67,Nusa Tenggara Timur (NTT)
Rote Ndao,2014,62.86,Nusa Tenggara Timur (NTT)
Rote Ndao,2015,62.86,Nusa Tenggara Timur (NTT)
Rote Ndao,2016,63.13,Nusa Tenggara Timur (NTT)
Rote Ndao,2017,63.41,Nusa Tenggara Timur (NTT)
Rote Ndao,2018,63.8,Nusa Tenggara Timur (NTT)
Rote Ndao,2019,64.34,Nusa Tenggara Timur (NTT)
Rote Ndao,2020,64.6,Nusa Tenggara Timur (NTT)
Rote Ndao,2021,64.88,Nusa Tenggara Timur (NTT)
Rote Ndao,2022,65.26,Nusa Tenggara Timur (NTT)
Rote Ndao,2023,65.6,Nusa Tenggara Timur (NTT)
Rote Ndao,2024,65.85,Nusa Tenggara Timur (NTT)
Sabu Raijua,2013,57.83,Nusa Tenggara Timur (NTT)
Sabu Raijua,2014,57.98,Nusa Tenggara Timur (NTT)
Sabu Raijua,2015,58.38,Nusa Tenggara Timur (NTT)
Sabu Raijua,2016,58.69,Nusa Tenggara Timur (NTT)
Sabu Raijua,2017,59,Nusa Tenggara Timur (NTT)
Sabu Raijua,2018,59.53,Nusa Tenggara Timur (NTT)
Sabu Raijua,2019,60.23,Nusa Tenggara Timur (NTT)
Sabu Raijua,2020,60.64,Nusa Tenggara Timur (NTT)
Sabu Raijua,2021,60.66,Nusa Tenggara Timur (NTT)
Sabu Raijua,2022,60.87,Nusa Tenggara Timur (NTT)
Sabu Raijua,2023,61.06,Nusa Tenggara Timur (NTT)
Sabu Raijua,2024,61.27,Nusa Tenggara Timur (NTT)
Sikka,2013,65.68,Nusa Tenggara Timur (NTT)
Sikka,2014,65.7,Nusa Tenggara Timur (NTT)
Sikka,2015,66.1,Nusa Tenggara Timur (NTT)
Sikka,2016,66.2,Nusa Tenggara Timur (NTT)
Sikka,2017,66.3,Nusa Tenggara Timur (NTT)
Sikka,2018,66.61,Nusa Tenggara Timur (NTT)
Sikka,2019,67.07,Nusa Tenggara Timur (NTT)
Sikka,2020,67.24,Nusa Tenggara Timur (NTT)
Sikka,2021,67.45,Nusa Tenggara Timur (NTT)
Sikka,2022,67.86,Nusa Tenggara Timur (NTT)
Sikka,2023,68.3,Nusa Tenggara Timur (NTT)
Sikka,2024,68.52,Nusa Tenggara Timur (NTT)
Sumba Barat,2013,66.07,Nusa Tenggara Timur (NTT)
Sumba Barat,2014,66.11,Nusa Tenggara Timur (NTT)
Sumba Barat,2015,66.11,Nusa Tenggara Timur (NTT)
Sumba Barat,2016,66.15,Nusa Tenggara Timur (NTT)
Sumba Barat,2017,66.2,Nusa Tenggara Timur (NTT)
Sumba Barat,2018,66.58,Nusa Tenggara Timur (NTT)
Sumba Barat,2019,66.98,Nusa Tenggara Timur (NTT)
Sumba Barat,2020,67.08,Nusa Tenggara Timur (NTT)
Sumba Barat,2021,67.12,Nusa Tenggara Timur (NTT)
Sumba Barat,2022,67.35,Nusa Tenggara Timur (NTT)
Sumba Barat,2023,67.57,Nusa Tenggara Timur (NTT)
Sumba Barat,2024,67.72,Nusa Tenggara Timur (NTT)
Sumba Barat Daya,2013,67.05,Nusa Tenggara Timur (NTT)
Sumba Barat Daya,2014,67.08,Nusa Tenggara Timur (NTT)
Sumba Barat Daya,2015,67.08,Nusa Tenggara Timur (NTT)
Sumba Barat Daya,2016,67.71,Nusa Tenggara Timur (NTT)
Sumba Barat Daya,2017,67.76,Nusa Tenggara Timur (NTT)
Sumba Barat Daya,2018,68.02,Nusa Tenggara Timur (NTT)
Sumba Barat Daya,2019,68.43,Nusa Tenggara Timur (NTT)
Sumba Barat Daya,2020,68.53,Nusa Tenggara Timur (NTT)
Sumba Barat Daya,2021,68.57,Nusa Tenggara Timur (NTT)
Sumba Barat Daya,2022,68.79,Nusa Tenggara Timur (NTT)
Sumba Barat Daya,2023,68.99,Nusa Tenggara Timur (NTT)
Sumba Barat Daya,2024,69.2,Nusa Tenggara Timur (NTT)
Sumba Tengah,2013,67.61,Nusa Tenggara Timur (NTT)
Sumba Tengah,2014,67.65,Nusa Tenggara Timur (NTT)
Sumba Tengah,2015,67.65,Nusa Tenggara Timur (NTT)
Sumba Tengah,2016,67.73,Nusa Tenggara Timur (NTT)
Sumba Tengah,2017,67.74,Nusa Tenggara Timur (NTT)
Sumba Tengah,2018,67.96,Nusa Tenggara Timur (NTT)
Sumba Tengah,2019,68.32,Nusa Tenggara Timur (NTT)
Sumba Tengah,2020,68.38,Nusa Tenggara Timur (NTT)
Sumba Tengah,2021,68.42,Nusa Tenggara Timur (NTT)
Sumba Tengah,2022,68.65,Nusa Tenggara Timur (NTT)
Sumba Tengah,2023,68.87,Nusa Tenggara Timur (NTT)
Sumba Tengah,2024,69.1,Nusa Tenggara Timur (NTT)
Sumba Timur,2013,63.45,Nusa Tenggara Timur (NTT)
Sumba Timur,2014,63.48,Nusa Tenggara Timur (NTT)
Sumba Timur,2015,63.88,Nusa Tenggara Timur (NTT)
Sumba Timur,2016,64,Nusa Tenggara Timur (NTT)
Sumba Timur,2017,64.12,Nusa Tenggara Timur (NTT)
Sumba Timur,2018,64.45,Nusa Tenggara Timur (NTT)
Sumba Timur,2019,64.94,Nusa Tenggara Timur (NTT)
Sumba Timur,2020,65.13,Nusa Tenggara Timur (NTT)
Sumba Timur,2021,65.16,Nusa Tenggara Timur (NTT)
Sumba Timur,2022,65.38,Nusa Tenggara Timur (NTT)
Sumba Timur,2023,65.82,Nusa Tenggara Timur (NTT)
Sumba Timur,2024,66.05,Nusa Tenggara Timur (NTT)
Timor Tengah Selatan,2013,65.42,Nusa Tenggara Timur (NTT)
Timor Tengah Selatan,2014,65.45,Nusa Tenggara Timur (NTT)
Timor Tengah Selatan,2015,65.55,Nusa Tenggara Timur (NTT)
Timor Tengah Selatan,2016,65.6,Nusa Tenggara Timur (NTT)
Timor Tengah Selatan,2017,65.65,Nusa Tenggara Timur (NTT)
Timor Tengah Selatan,2018,65.91,Nusa Tenggara Timur (NTT)
Timor Tengah Selatan,2019,66.32,Nusa Tenggara Timur (NTT)
Timor Tengah Selatan,2020,66.42,Nusa Tenggara Timur (NTT)
Timor Tengah Selatan,2021,66.46,Nusa Tenggara Timur (NTT)
Timor Tengah Selatan,2022,66.68,Nusa Tenggara Timur (NTT)
Timor Tengah Selatan,2023,66.89,Nusa Tenggara Timur (NTT)
Timor Tengah Selatan,2024,67.03,Nusa Tenggara Timur (NTT)
Timor Tengah Utara,2013,65.89,Nusa Tenggara Timur (NTT)
Timor Tengah Utara,2014,65.89,Nusa Tenggara Timur (NTT)
Timor Tengah Utara,2015,66.09,Nusa Tenggara Timur (NTT)
Timor Tengah Utara,2016,66.14,Nusa Tenggara Timur (NTT)
Timor Tengah Utara,2017,66.19,Nusa Tenggara Timur (NTT)
Timor Tengah Utara,2018,66.45,Nusa Tenggara Timur (NTT)
Timor Tengah Utara,2019,66.86,Nusa Tenggara Timur (NTT)
Timor Tengah Utara,2020,66.96,Nusa Tenggara Timur (NTT)
Timor Tengah Utara,2021,67.09,Nusa Tenggara Timur (NTT)
Timor Tengah Utara,2022,67.35,Nusa Tenggara Timur (NTT)
Timor Tengah Utara,2023,67.61,Nusa Tenggara Timur (NTT)
Timor Tengah Utara,2024,67.82,Nusa Tenggara Timur (NTT)
Biak Numfor,2013,67.84,Papua
Biak Numfor,2014,67.85,Papua
Biak Numfor,2015,67.86,Papua
Biak Numfor,2016,67.86,Papua
Biak Numfor,2017,67.87,Papua
Biak Numfor,2018,68,Papua
Biak Numfor,2019,68.2,Papua
Biak Numfor,2020,68.25,Papua
Biak Numfor,2021,68.29,Papua
Biak Numfor,2022,68.5,Papua
Biak Numfor,2023,68.74,Papua
Biak Numfor,2024,68.97,Papua
Jayapura,2013,66.01,Papua
Jayapura,2014,66.02,Papua
Jayapura,2015,66.32,Papua
Jayapura,2016,66.4,Papua
Jayapura,2017,66.47,Papua
Jayapura,2018,66.66,Papua
Jayapura,2019,66.93,Papua
Jayapura,2020,67.05,Papua
Jayapura,2021,67.16,Papua
Jayapura,2022,67.45,Papua
Jayapura,2023,67.78,Papua
Jayapura,2024,68.08,Papua
Keerom,2013,65.97,Papua
Keerom,2014,65.99,Papua
Keerom,2015,66.09,Papua
Keerom,2016,66.13,Papua
Keerom,2017,66.18,Papua
Keerom,2018,66.35,Papua
Keerom,2019,66.6,Papua
Keerom,2020,66.69,Papua
Keerom,2021,66.78,Papua
Keerom,2022,67.04,Papua
Keerom,2023,67.24,Papua
Keerom,2024,67.44,Papua
Kepulauan Yapen,2013,68.63,Papua
Kepulauan Yapen,2014,68.63,Papua
Kepulauan Yapen,2015,68.67,Papua
Kepulauan Yapen,2016,68.69,Papua
Kepulauan Yapen,2017,68.71,Papua
Kepulauan Yapen,2018,68.85,Papua
Kepulauan Yapen,2019,69.06,Papua
Kepulauan Yapen,2020,69.12,Papua
Kepulauan Yapen,2021,69.17,Papua
Kepulauan Yapen,2022,69.39,Papua
Kepulauan Yapen,2023,69.63,Papua
Kepulauan Yapen,2024,69.83,Papua
Kota Jayapura,2013,69.95,Papua
Kota Jayapura,2014,69.95,Papua
Kota Jayapura,2015,69.97,Papua
Kota Jayapura,2016,69.99,Papua
Kota Jayapura,2017,70,Papua
Kota Jayapura,2018,70.15,Papua
Kota Jayapura,2019,70.38,Papua
Kota Jayapura,2020,70.45,Papua
Kota Jayapura,2021,70.52,Papua
Kota Jayapura,2022,70.76,Papua
Kota Jayapura,2023,71.07,Papua
Kota Jayapura,2024,71.41,Papua
Mamberamo Raya,2013,56.37,Papua
Mamberamo Raya,2014,56.37,Papua
Mamberamo Raya,2015,56.57,Papua
Mamberamo Raya,2016,56.74,Papua
Mamberamo Raya,2017,56.9,Papua
Mamberamo Raya,2018,57.18,Papua
Mamberamo Raya,2019,57.55,Papua
Mamberamo Raya,2020,57.77,Papua
Mamberamo Raya,2021,58,Papua
Mamberamo Raya,2022,58.29,Papua
Mamberamo Raya,2023,58.54,Papua
Mamberamo Raya,2024,58.71,Papua
Sarmi,2013,65.46,Papua
Sarmi,2014,65.49,Papua
Sarmi,2015,65.69,Papua
Sarmi,2016,65.76,Papua
Sarmi,2017,65.82,Papua
Sarmi,2018,66,Papua
Sarmi,2019,66.26,Papua
Sarmi,2020,66.36,Papua
Sarmi,2021,66.46,Papua
Sarmi,2022,66.74,Papua
Sarmi,2023,67.07,Papua
Sarmi,2024,67.38,Papua
Supiori,2013,65.15,Papua
Supiori,2014,65.15,Papua
Supiori,2015,65.25,Papua
Supiori,2016,65.29,Papua
Supiori,2017,65.33,Papua
Supiori,2018,65.53,Papua
Supiori,2019,65.81,Papua
Supiori,2020,65.94,Papua
Supiori,2021,66.06,Papua
Supiori,2022,66.36,Papua
Supiori,2023,66.66,Papua
Supiori,2024,66.93,Papua
Waropen,2013,65.71,Papua
Waropen,2014,65.72,Papua
Waropen,2015,65.73,Papua
Waropen,2016,65.77,Papua
Waropen,2017,65.82,Papua
Waropen,2018,65.99,Papua
Waropen,2019,66.24,Papua
Waropen,2020,66.33,Papua
Waropen,2021,66.42,Papua
Waropen,2022,66.68,Papua
Waropen,2023,66.92,Papua
Waropen,2024,67.11,Papua
Fak Fak,2013,67.4,Papua Barat
Fak Fak,2014,67.62,Papua Barat
Fak Fak,2015,67.72,Papua Barat
Fak Fak,2016,67.84,Papua Barat
Fak Fak,2017,67.95,Papua Barat
Fak Fak,2018,68.12,Papua Barat
Fak Fak,2019,68.41,Papua Barat
Fak Fak,2020,68.47,Papua Barat
Fak Fak,2021,68.5,Papua Barat
Fak Fak,2022,68.75,Papua Barat
Fak Fak,2023,69.02,Papua Barat
Fak Fak,2024,69.16,Papua Barat
Kaimana,2013,63.21,Papua Barat
Kaimana,2014,63.57,Papua Barat
Kaimana,2015,63.59,Papua Barat
Kaimana,2016,63.79,Papua Barat
Kaimana,2017,63.99,Papua Barat
Kaimana,2018,64.25,Papua Barat
Kaimana,2019,64.64,Papua Barat
Kaimana,2020,64.81,Papua Barat
Kaimana,2021,64.93,Papua Barat
Kaimana,2022,65.27,Papua Barat
Kaimana,2023,65.62,Papua Barat
Kaimana,2024,65.86,Papua Barat
Manokwari,2013,67.34,Papua Barat
Manokwari,2014,67.6,Papua Barat
Manokwari,2015,67.69,Papua Barat
Manokwari,2016,67.84,Papua Barat
Manokwari,2017,68,Papua Barat
Manokwari,2018,68.22,Papua Barat
Manokwari,2019,68.56,Papua Barat
Manokwari,2020,68.68,Papua Barat
Manokwari,2021,68.82,Papua Barat
Manokwari,2022,69.18,Papua Barat
Manokwari,2023,69.55,Papua Barat
Manokwari,2024,69.8,Papua Barat
Manokwari Selatan,2013,66.4,Papua Barat
Manokwari Selatan,2014,66.67,Papua Barat
Manokwari Selatan,2015,66.68,Papua Barat
Manokwari Selatan,2016,66.82,Papua Barat
Manokwari Selatan,2017,66.96,Papua Barat
Manokwari Selatan,2018,67.16,Papua Barat
Manokwari Selatan,2019,67.48,Papua Barat
Manokwari Selatan,2020,67.58,Papua Barat
Manokwari Selatan,2021,67.6,Papua Barat
Manokwari Selatan,2022,67.84,Papua Barat
Manokwari Selatan,2023,68.09,Papua Barat
Manokwari Selatan,2024,68.26,Papua Barat
Pegunungan Arfak,2013,66.25,Papua Barat
Pegunungan Arfak,2014,66.49,Papua Barat
Pegunungan Arfak,2015,66.49,Papua Barat
Pegunungan Arfak,2016,66.61,Papua Barat
Pegunungan Arfak,2017,66.72,Papua Barat
Pegunungan Arfak,2018,66.89,Papua Barat
Pegunungan Arfak,2019,67.18,Papua Barat
Pegunungan Arfak,2020,67.24,Papua Barat
Pegunungan Arfak,2021,67.26,Papua Barat
Pegunungan Arfak,2022,67.5,Papua Barat
Pegunungan Arfak,2023,67.71,Papua Barat
Pegunungan Arfak,2024,67.84,Papua Barat
Teluk Bintuni,2013,58.13,Papua Barat
Teluk Bintuni,2014,58.42,Papua Barat
Teluk Bintuni,2015,59.12,Papua Barat
Teluk Bintuni,2016,59.48,Papua Barat
Teluk Bintuni,2017,59.83,Papua Barat
Teluk Bintuni,2018,60.15,Papua Barat
Teluk Bintuni,2019,60.6,Papua Barat
Teluk Bintuni,2020,60.83,Papua Barat
Teluk Bintuni,2021,60.99,Papua Barat
Teluk Bintuni,2022,61.37,Papua Barat
Teluk Bintuni,2023,61.76,Papua Barat
Teluk Bintuni,2024,62.04,Papua Barat
Teluk Wondama,2013,58.04,Papua Barat
Teluk Wondama,2014,58.36,Papua Barat
Teluk Wondama,2015,58.66,Papua Barat
Teluk Wondama,2016,58.96,Papua Barat
Teluk Wondama,2017,59.26,Papua Barat
Teluk Wondama,2018,59.53,Papua Barat
Teluk Wondama,2019,59.93,Papua Barat
Teluk Wondama,2020,60.1,Papua Barat
Teluk Wondama,2021,60.24,Papua Barat
Teluk Wondama,2022,60.57,Papua Barat
Teluk Wondama,2023,60.86,Papua Barat
Teluk Wondama,2024,61.08,Papua Barat
Kota Sorong,2013,67.96,Papua Barat Daya
Kota Sorong,2014,69.02,Papua Barat Daya
Kota Sorong,2015,69.04,Papua Barat Daya
Kota Sorong,2016,69.36,Papua Barat Daya
Kota Sorong,2017,69.67,Papua Barat Daya
Kota Sorong,2018,70,Papua Barat Daya
Kota Sorong,2019,70.46,Papua Barat Daya
Kota Sorong,2020,70.7,Papua Barat Daya
Kota Sorong,2021,70.93,Papua Barat Daya
Kota Sorong,2022,71.4,Papua Barat Daya
Kota Sorong,2023,71.92,Papua Barat Daya
Kota Sorong,2024,71.97,Papua Barat Daya
Maybrat,2013,64.43,Papua Barat Daya
Maybrat,2014,64.65,Papua Barat Daya
Maybrat,2015,64.65,Papua Barat Daya
Maybrat,2016,64.73,Papua Barat Daya
Maybrat,2017,64.8,Papua Barat Daya
Maybrat,2018,64.93,Papua Barat Daya
Maybrat,2019,65.17,Papua Barat Daya
Maybrat,2020,65.19,Papua Barat Daya
Maybrat,2021,65.25,Papua Barat Daya
Maybrat,2022,65.53,Papua Barat Daya
Maybrat,2023,65.82,Papua Barat Daya
Maybrat,2024,65.97,Papua Barat Daya
Raja Ampat,2013,63.84,Papua Barat Daya
Raja Ampat,2014,64.05,Papua Barat Daya
Raja Ampat,2015,64.06,Papua Barat Daya
Raja Ampat,2016,64.16,Papua Barat Daya
Raja Ampat,2017,64.26,Papua Barat Daya
Raja Ampat,2018,64.42,Papua Barat Daya
Raja Ampat,2019,64.7,Papua Barat Daya
Raja Ampat,2020,64.74,Papua Barat Daya
Raja Ampat,2021,64.83,Papua Barat Daya
Raja Ampat,2022,65.12,Papua Barat Daya
Raja Ampat,2023,65.41,Papua Barat Daya
Raja Ampat,2024,65.56,Papua Barat Daya
Sorong,2013,64.99,Papua Barat Daya
Sorong,2014,65.23,Papua Barat Daya
Sorong,2015,65.25,Papua Barat Daya
Sorong,2016,65.39,Papua Barat Daya
Sorong,2017,65.52,Papua Barat Daya
Sorong,2018,65.71,Papua Barat Daya
Sorong,2019,66.02,Papua Barat Daya
Sorong,2020,66.1,Papua Barat Daya
Sorong,2021,66.22,Papua Barat Daya
Sorong,2022,66.55,Papua Barat Daya
Sorong,2023,66.89,Papua Barat Daya
Sorong,2024,67.12,Papua Barat Daya
Sorong Selatan,2013,65.08,Papua Barat Daya
Sorong Selatan,2014,65.34,Papua Barat Daya
Sorong Selatan,2015,65.35,Papua Barat Daya
Sorong Selatan,2016,65.49,Papua Barat Daya
Sorong Selatan,2017,65.63,Papua Barat Daya
Sorong Selatan,2018,65.83,Papua Barat Daya
Sorong Selatan,2019,66.15,Papua Barat Daya
Sorong Selatan,2020,66.25,Papua Barat Daya
Sorong Selatan,2021,66.39,Papua Barat Daya
Sorong Selatan,2022,66.72,Papua Barat Daya
Sorong Selatan,2023,67.01,Papua Barat Daya
Sorong Selatan,2024,67.14,Papua Barat Daya
Tambrauw,2013,58.48,Papua Barat Daya
Tambrauw,2014,58.72,Papua Barat Daya
Tambrauw,2015,59.02,Papua Barat Daya
Tambrauw,2016,59.16,Papua Barat Daya
Tambrauw,2017,59.29,Papua Barat Daya
Tambrauw,2018,59.56,Papua Barat Daya
Tambrauw,2019,59.96,Papua Barat Daya
Tambrauw,2020,60.13,Papua Barat Daya
Tambrauw,2021,60.2,Papua Barat Daya
Tambrauw,2022,60.68,Papua Barat Daya
Tambrauw,2023,61.14,Papua Barat Daya
Tambrauw,2024,61.35,Papua Barat Daya
Jayawijaya,2013,57.71,Papua Pegunungan
Jayawijaya,2014,57.79,Papua Pegunungan
Jayawijaya,2015,58.29,Papua Pegunungan
Jayawijaya,2016,58.48,Papua Pegunungan
Jayawijaya,2017,58.67,Papua Pegunungan
Jayawijaya,2018,58.99,Papua Pegunungan
Jayawijaya,2019,59.39,Papua Pegunungan
Jayawijaya,2020,59.64,Papua Pegunungan
Jayawijaya,2021,59.9,Papua Pegunungan
Jayawijaya,2022,60.26,Papua Pegunungan
Jayawijaya,2023,60.5,Papua Pegunungan
Jayawijaya,2024,60.65,Papua Pegunungan
Lanny Jaya,2013,64.82,Papua Pegunungan
Lanny Jaya,2014,64.85,Papua Pegunungan
Lanny Jaya,2015,64.86,Papua Pegunungan
Lanny Jaya,2016,65.63,Papua Pegunungan
Lanny Jaya,2017,65.65,Papua Pegunungan
Lanny Jaya,2018,65.79,Papua Pegunungan
Lanny Jaya,2019,66,Papua Pegunungan
Lanny Jaya,2020,66.06,Papua Pegunungan
Lanny Jaya,2021,66.11,Papua Pegunungan
Lanny Jaya,2022,66.31,Papua Pegunungan
Lanny Jaya,2023,66.51,Papua Pegunungan
Lanny Jaya,2024,66.62,Papua Pegunungan
Mamberamo Tengah,2013,62.59,Papua Pegunungan
Mamberamo Tengah,2014,62.62,Papua Pegunungan
Mamberamo Tengah,2015,62.72,Papua Pegunungan
Mamberamo Tengah,2016,62.82,Papua Pegunungan
Mamberamo Tengah,2017,62.92,Papua Pegunungan
Mamberamo Tengah,2018,63.14,Papua Pegunungan
Mamberamo Tengah,2019,63.44,Papua Pegunungan
Mamberamo Tengah,2020,63.59,Papua Pegunungan
Mamberamo Tengah,2021,63.75,Papua Pegunungan
Mamberamo Tengah,2022,64.05,Papua Pegunungan
Mamberamo Tengah,2023,64.14,Papua Pegunungan
Mamberamo Tengah,2024,64.18,Papua Pegunungan
Nduga,2013,53.54,Papua Pegunungan
Nduga,2014,53.6,Papua Pegunungan
Nduga,2015,53.6,Papua Pegunungan
Nduga,2016,54.5,Papua Pegunungan
Nduga,2017,54.6,Papua Pegunungan
Nduga,2018,54.82,Papua Pegunungan
Nduga,2019,55.12,Papua Pegunungan
Nduga,2020,55.27,Papua Pegunungan
Nduga,2021,55.43,Papua Pegunungan
Nduga,2022,55.7,Papua Pegunungan
Nduga,2023,55.72,Papua Pegunungan
Nduga,2024,55.74,Papua Pegunungan
Pegunungan Bintang,2013,63.56,Papua Pegunungan
Pegunungan Bintang,2014,63.58,Papua Pegunungan
Pegunungan Bintang,2015,63.78,Papua Pegunungan
Pegunungan Bintang,2016,63.84,Papua Pegunungan
Pegunungan Bintang,2017,63.9,Papua Pegunungan
Pegunungan Bintang,2018,64.08,Papua Pegunungan
Pegunungan Bintang,2019,64.34,Papua Pegunungan
Pegunungan Bintang,2020,64.44,Papua Pegunungan
Pegunungan Bintang,2021,64.54,Papua Pegunungan
Pegunungan Bintang,2022,64.79,Papua Pegunungan
Pegunungan Bintang,2023,64.99,Papua Pegunungan
Pegunungan Bintang,2024,65.17,Papua Pegunungan
Tolikara,2013,64.64,Papua Pegunungan
Tolikara,2014,64.66,Papua Pegunungan
Tolikara,2015,64.86,Papua Pegunungan
Tolikara,2016,64.98,Papua Pegunungan
Tolikara,2017,65.1,Papua Pegunungan
Tolikara,2018,65.3,Papua Pegunungan
Tolikara,2019,65.58,Papua Pegunungan
Tolikara,2020,65.71,Papua Pegunungan
Tolikara,2021,65.83,Papua Pegunungan
Tolikara,2022,66.08,Papua Pegunungan
Tolikara,2023,66.33,Papua Pegunungan
Tolikara,2024,66.53,Papua Pegunungan
Yahukimo,2013,64.54,Papua Pegunungan
Yahukimo,2014,64.56,Papua Pegunungan
Yahukimo,2015,65.06,Papua Pegunungan
Yahukimo,2016,65.19,Papua Pegunungan
Yahukimo,2017,65.32,Papua Pegunungan
Yahukimo,2018,65.52,Papua Pegunungan
Yahukimo,2019,65.8,Papua Pegunungan
Yahukimo,2020,65.93,Papua Pegunungan
Yahukimo,2021,66.05,Papua Pegunungan
Yahukimo,2022,66.31,Papua Pegunungan
Yahukimo,2023,66.42,Papua Pegunungan
Yahukimo,2024,66.55,Papua Pegunungan
Yalimo,2013,64.83,Papua Pegunungan
Yalimo,2014,64.85,Papua Pegunungan
Yalimo,2015,64.86,Papua Pegunungan
Yalimo,2016,64.9,Papua Pegunungan
Yalimo,2017,64.94,Papua Pegunungan
Yalimo,2018,65.1,Papua Pegunungan
Yalimo,2019,65.34,Papua Pegunungan
Yalimo,2020,65.42,Papua Pegunungan
Yalimo,2021,65.49,Papua Pegunungan
Yalimo,2022,65.72,Papua Pegunungan
Yalimo,2023,65.95,Papua Pegunungan
Yalimo,2024,66.12,Papua Pegunungan
Asmat,2013,54.91,Papua Selatan
Asmat,2014,55,Papua Selatan
Asmat,2015,55.5,Papua Selatan
Asmat,2016,55.9,Papua Selatan
Asmat,2017,56.32,Papua Selatan
Asmat,2018,56.88,Papua Selatan
Asmat,2019,57.53,Papua Selatan
Asmat,2020,58.05,Papua Selatan
Asmat,2021,58.59,Papua Selatan
Asmat,2022,58.9,Papua Selatan
Asmat,2023,59.19,Papua Selatan
Asmat,2024,59.36,Papua Selatan
Boven Digoel,2013,57.6,Papua Selatan
Boven Digoel,2014,57.64,Papua Selatan
Boven Digoel,2015,58.24,Papua Selatan
Boven Digoel,2016,58.51,Papua Selatan
Boven Digoel,2017,58.77,Papua Selatan
Boven Digoel,2018,59.16,Papua Selatan
Boven Digoel,2019,59.64,Papua Selatan
Boven Digoel,2020,59.97,Papua Selatan
Boven Digoel,2021,60.32,Papua Selatan
Boven Digoel,2022,60.64,Papua Selatan
Boven Digoel,2023,60.97,Papua Selatan
Boven Digoel,2024,61.21,Papua Selatan
Mappi,2013,63.51,Papua Selatan
Mappi,2014,63.52,Papua Selatan
Mappi,2015,64.02,Papua Selatan
Mappi,2016,64.16,Papua Selatan
Mappi,2017,64.3,Papua Selatan
Mappi,2018,64.56,Papua Selatan
Mappi,2019,64.91,Papua Selatan
Mappi,2020,65.11,Papua Selatan
Mappi,2021,65.31,Papua Selatan
Mappi,2022,65.66,Papua Selatan
Mappi,2023,65.9,Papua Selatan
Mappi,2024,66.01,Papua Selatan
Merauke,2013,66.48,Papua Selatan
Merauke,2014,66.49,Papua Selatan
Merauke,2015,66.5,Papua Selatan
Merauke,2016,66.53,Papua Selatan
Merauke,2017,66.56,Papua Selatan
Merauke,2018,66.71,Papua Selatan
Merauke,2019,66.93,Papua Selatan
Merauke,2020,67,Papua Selatan
Merauke,2021,67.07,Papua Selatan
Merauke,2022,67.31,Papua Selatan
Merauke,2023,67.6,Papua Selatan
Merauke,2024,67.77,Papua Selatan
Deiyai,2013,64.25,Papua Tengah
Deiyai,2014,64.27,Papua Tengah
Deiyai,2015,64.47,Papua Tengah
Deiyai,2016,64.55,Papua Tengah
Deiyai,2017,64.63,Papua Tengah
Deiyai,2018,64.83,Papua Tengah
Deiyai,2019,65.11,Papua Tengah
Deiyai,2020,65.24,Papua Tengah
Deiyai,2021,65.36,Papua Tengah
Deiyai,2022,65.66,Papua Tengah
Deiyai,2023,65.93,Papua Tengah
Deiyai,2024,66.07,Papua Tengah
Dogiyai,2013,64.34,Papua Tengah
Dogiyai,2014,64.36,Papua Tengah
Dogiyai,2015,64.86,Papua Tengah
Dogiyai,2016,64.99,Papua Tengah
Dogiyai,2017,65.12,Papua Tengah
Dogiyai,2018,65.32,Papua Tengah
Dogiyai,2019,65.6,Papua Tengah
Dogiyai,2020,65.73,Papua Tengah
Dogiyai,2021,65.85,Papua Tengah
Dogiyai,2022,66.13,Papua Tengah
Dogiyai,2023,66.39,Papua Tengah
Dogiyai,2024,66.5,Papua Tengah
Intan Jaya,2013,64.87,Papua Tengah
Intan Jaya,2014,64.88,Papua Tengah
Intan Jaya,2015,64.98,Papua Tengah
Intan Jaya,2016,65.04,Papua Tengah
Intan Jaya,2017,65.09,Papua Tengah
Intan Jaya,2018,65.26,Papua Tengah
Intan Jaya,2019,65.51,Papua Tengah
Intan Jaya,2020,65.6,Papua Tengah
Intan Jaya,2021,65.69,Papua Tengah
Intan Jaya,2022,65.93,Papua Tengah
Intan Jaya,2023,66.12,Papua Tengah
Intan Jaya,2024,66.18,Papua Tengah
Mimika,2013,71.85,Papua Tengah
Mimika,2014,71.87,Papua Tengah
Mimika,2015,71.89,Papua Tengah
Mimika,2016,71.9,Papua Tengah
Mimika,2017,71.93,Papua Tengah
Mimika,2018,72.06,Papua Tengah
Mimika,2019,72.27,Papua Tengah
Mimika,2020,72.32,Papua Tengah
Mimika,2021,72.36,Papua Tengah
Mimika,2022,72.57,Papua Tengah
Mimika,2023,72.83,Papua Tengah
Mimika,2024,73.06,Papua Tengah
Nabire,2013,67.23,Papua Tengah
Nabire,2014,67.24,Papua Tengah
Nabire,2015,67.44,Papua Tengah
Nabire,2016,67.5,Papua Tengah
Nabire,2017,67.55,Papua Tengah
Nabire,2018,67.72,Papua Tengah
Nabire,2019,67.97,Papua Tengah
Nabire,2020,68.06,Papua Tengah
Nabire,2021,68.15,Papua Tengah
Nabire,2022,68.41,Papua Tengah
Nabire,2023,68.73,Papua Tengah
Nabire,2024,69.02,Papua Tengah
Paniai,2013,65.13,Papua Tengah
Paniai,2014,65.15,Papua Tengah
Paniai,2015,65.45,Papua Tengah
Paniai,2016,65.58,Papua Tengah
Paniai,2017,65.7,Papua Tengah
Paniai,2018,65.94,Papua Tengah
Paniai,2019,66.27,Papua Tengah
Paniai,2020,66.44,Papua Tengah
Paniai,2021,66.62,Papua Tengah
Paniai,2022,66.94,Papua Tengah
Paniai,2023,67.22,Papua Tengah
Paniai,2024,67.38,Papua Tengah
Puncak,2013,64.98,Papua Tengah
Puncak,2014,64.98,Papua Tengah
Puncak,2015,65.08,Papua Tengah
Puncak,2016,65.1,Papua Tengah
Puncak,2017,65.13,Papua Tengah
Puncak,2018,65.33,Papua Tengah
Puncak,2019,65.61,Papua Tengah
Puncak,2020,65.74,Papua Tengah
Puncak,2021,65.86,Papua Tengah
Puncak,2022,66.13,Papua Tengah
Puncak,2023,66.4,Papua Tengah
Puncak,2024,66.53,Papua Tengah
Puncak Jaya,2013,63.74,Papua Tengah
Puncak Jaya,2014,63.77,Papua Tengah
Puncak Jaya,2015,64.17,Papua Tengah
Puncak Jaya,2016,64.29,Papua Tengah
Puncak Jaya,2017,64.41,Papua Tengah
Puncak Jaya,2018,64.65,Papua Tengah
Puncak Jaya,2019,64.98,Papua Tengah
Puncak Jaya,2020,65.15,Papua Tengah
Puncak Jaya,2021,65.33,Papua Tengah
Puncak Jaya,2022,65.66,Papua Tengah
Puncak Jaya,2023,65.9,Papua Tengah
Puncak Jaya,2024,66.04,Papua Tengah
Bengkalis,2013,70.38,Riau
Bengkalis,2014,70.38,Riau
Bengkalis,2015,70.58,Riau
Bengkalis,2016,70.63,Riau
Bengkalis,2017,70.69,Riau
Bengkalis,2018,70.85,Riau
Bengkalis,2019,71.11,Riau
Bengkalis,2020,71.2,Riau
Bengkalis,2021,71.24,Riau
Bengkalis,2022,71.5,Riau
Bengkalis,2023,71.79,Riau
Bengkalis,2024,71.92,Riau
Indragiri Hilir,2013,66.5,Riau
Indragiri Hilir,2014,66.54,Riau
Indragiri Hilir,2015,66.84,Riau
Indragiri Hilir,2016,66.95,Riau
Indragiri Hilir,2017,67.07,Riau
Indragiri Hilir,2018,67.32,Riau
Indragiri Hilir,2019,67.66,Riau
Indragiri Hilir,2020,67.85,Riau
Indragiri Hilir,2021,67.98,Riau
Indragiri Hilir,2022,68.31,Riau
Indragiri Hilir,2023,68.62,Riau
Indragiri Hilir,2024,68.7,Riau
Indragiri Hulu,2013,69.63,Riau
Indragiri Hulu,2014,69.64,Riau
Indragiri Hulu,2015,69.74,Riau
Indragiri Hulu,2016,69.79,Riau
Indragiri Hulu,2017,69.83,Riau
Indragiri Hulu,2018,69.97,Riau
Indragiri Hulu,2019,70.2,Riau
Indragiri Hulu,2020,70.25,Riau
Indragiri Hulu,2021,70.26,Riau
Indragiri Hulu,2022,70.48,Riau
Indragiri Hulu,2023,70.69,Riau
Indragiri Hulu,2024,70.86,Riau
Kampar,2013,69.77,Riau
Kampar,2014,69.8,Riau
Kampar,2015,70,Riau
Kampar,2016,70.08,Riau
Kampar,2017,70.16,Riau
Kampar,2018,70.35,Riau
Kampar,2019,70.64,Riau
Kampar,2020,70.76,Riau
Kampar,2021,70.83,Riau
Kampar,2022,71.12,Riau
Kampar,2023,71.42,Riau
Kampar,2024,71.56,Riau
Kepulauan Meranti,2013,66.38,Riau
Kepulauan Meranti,2014,66.42,Riau
Kepulauan Meranti,2015,66.72,Riau
Kepulauan Meranti,2016,66.85,Riau
Kepulauan Meranti,2017,66.99,Riau
Kepulauan Meranti,2018,67.21,Riau
Kepulauan Meranti,2019,67.53,Riau
Kepulauan Meranti,2020,67.68,Riau
Kepulauan Meranti,2021,67.78,Riau
Kepulauan Meranti,2022,68.09,Riau
Kepulauan Meranti,2023,68.41,Riau
Kepulauan Meranti,2024,68.48,Riau
Kota Dumai,2013,70.04,Riau
Kota Dumai,2014,70.05,Riau
Kota Dumai,2015,70.25,Riau
Kota Dumai,2016,70.31,Riau
Kota Dumai,2017,70.37,Riau
Kota Dumai,2018,70.55,Riau
Kota Dumai,2019,70.82,Riau
Kota Dumai,2020,70.93,Riau
Kota Dumai,2021,70.98,Riau
Kota Dumai,2022,71.25,Riau
Kota Dumai,2023,71.67,Riau
Kota Dumai,2024,71.78,Riau
Kota Pekanbaru,2013,71.54,Riau
Kota Pekanbaru,2014,71.55,Riau
Kota Pekanbaru,2015,71.65,Riau
Kota Pekanbaru,2016,71.7,Riau
Kota Pekanbaru,2017,71.75,Riau
Kota Pekanbaru,2018,71.94,Riau
Kota Pekanbaru,2019,72.22,Riau
Kota Pekanbaru,2020,72.34,Riau
Kota Pekanbaru,2021,72.41,Riau
Kota Pekanbaru,2022,72.7,Riau
Kota Pekanbaru,2023,73.02,Riau
Kota Pekanbaru,2024,73.21,Riau
Kuantan Singingi,2013,67.64,Riau
Kuantan Singingi,2014,67.66,Riau
Kuantan Singingi,2015,67.86,Riau
Kuantan Singingi,2016,67.92,Riau
Kuantan Singingi,2017,67.99,Riau
Kuantan Singingi,2018,68.17,Riau
Kuantan Singingi,2019,68.44,Riau
Kuantan Singingi,2020,68.55,Riau
Kuantan Singingi,2021,68.6,Riau
Kuantan Singingi,2022,68.87,Riau
Kuantan Singingi,2023,69.13,Riau
Kuantan Singingi,2024,69.44,Riau
Pelalawan,2013,70.04,Riau
Pelalawan,2014,70.13,Riau
Pelalawan,2015,70.23,Riau
Pelalawan,2016,70.39,Riau
Pelalawan,2017,70.54,Riau
Pelalawan,2018,70.74,Riau
Pelalawan,2019,71.03,Riau
Pelalawan,2020,71.16,Riau
Pelalawan,2021,71.24,Riau
Pelalawan,2022,71.53,Riau
Pelalawan,2023,72,Riau
Pelalawan,2024,72.13,Riau
Rokan Hilir,2013,69.23,Riau
Rokan Hilir,2014,69.27,Riau
Rokan Hilir,2015,69.47,Riau
Rokan Hilir,2016,69.57,Riau
Rokan Hilir,2017,69.66,Riau
Rokan Hilir,2018,69.87,Riau
Rokan Hilir,2019,70.17,Riau
Rokan Hilir,2020,70.3,Riau
Rokan Hilir,2021,70.39,Riau
Rokan Hilir,2022,70.69,Riau
Rokan Hilir,2023,70.99,Riau
Rokan Hilir,2024,71.11,Riau
Rokan Hulu,2013,68.85,Riau
Rokan Hulu,2014,68.93,Riau
Rokan Hulu,2015,69.03,Riau
Rokan Hulu,2016,69.17,Riau
Rokan Hulu,2017,69.31,Riau
Rokan Hulu,2018,69.55,Riau
Rokan Hulu,2019,69.89,Riau
Rokan Hulu,2020,70.06,Riau
Rokan Hulu,2021,70.18,Riau
Rokan Hulu,2022,70.51,Riau
Rokan Hulu,2023,70.84,Riau
Rokan Hulu,2024,70.95,Riau
Siak,2013,70.51,Riau
Siak,2014,70.54,Riau
Siak,2015,70.54,Riau
Siak,2016,70.59,Riau
Siak,2017,70.64,Riau
Siak,2018,70.79,Riau
Siak,2019,71.03,Riau
Siak,2020,71.11,Riau
Siak,2021,71.13,Riau
Siak,2022,71.37,Riau
Siak,2023,71.64,Riau
Siak,2024,71.75,Riau
Majene,2013,60.15,Sulawesi Barat
Majene,2014,60.21,Sulawesi Barat
Majene,2015,60.51,Sulawesi Barat
Majene,2016,60.64,Sulawesi Barat
Majene,2017,60.79,Sulawesi Barat
Majene,2018,61.05,Sulawesi Barat
Majene,2019,61.3,Sulawesi Barat
Majene,2020,61.56,Sulawesi Barat
Majene,2021,61.77,Sulawesi Barat
Majene,2022,62.16,Sulawesi Barat
Majene,2023,62.56,Sulawesi Barat
Majene,2024,62.89,Sulawesi Barat
Mamasa,2013,70.25,Sulawesi Barat
Mamasa,2014,70.28,Sulawesi Barat
Mamasa,2015,70.38,Sulawesi Barat
Mamasa,2016,70.43,Sulawesi Barat
Mamasa,2017,70.48,Sulawesi Barat
Mamasa,2018,70.62,Sulawesi Barat
Mamasa,2019,70.75,Sulawesi Barat
Mamasa,2020,70.87,Sulawesi Barat
Mamasa,2021,70.94,Sulawesi Barat
Mamasa,2022,71.2,Sulawesi Barat
Mamasa,2023,71.45,Sulawesi Barat
Mamasa,2024,71.58,Sulawesi Barat
Mamuju,2013,66.28,Sulawesi Barat
Mamuju,2014,66.37,Sulawesi Barat
Mamuju,2015,66.38,Sulawesi Barat
Mamuju,2016,66.51,Sulawesi Barat
Mamuju,2017,66.65,Sulawesi Barat
Mamuju,2018,66.94,Sulawesi Barat
Mamuju,2019,67.23,Sulawesi Barat
Mamuju,2020,67.52,Sulawesi Barat
Mamuju,2021,67.77,Sulawesi Barat
Mamuju,2022,68.21,Sulawesi Barat
Mamuju,2023,68.66,Sulawesi Barat
Mamuju,2024,69.02,Sulawesi Barat
Mamuju Tengah,2013,66.93,Sulawesi Barat
Mamuju Tengah,2014,67,Sulawesi Barat
Mamuju Tengah,2015,67.2,Sulawesi Barat
Mamuju Tengah,2016,67.36,Sulawesi Barat
Mamuju Tengah,2017,67.52,Sulawesi Barat
Mamuju Tengah,2018,67.79,Sulawesi Barat
Mamuju Tengah,2019,68.06,Sulawesi Barat
Mamuju Tengah,2020,68.33,Sulawesi Barat
Mamuju Tengah,2021,68.55,Sulawesi Barat
Mamuju Tengah,2022,68.97,Sulawesi Barat
Mamuju Tengah,2023,69.37,Sulawesi Barat
Mamuju Tengah,2024,69.68,Sulawesi Barat
Pasangkayu (Mamuju Utara),2013,64.7,Sulawesi Barat
Pasangkayu (Mamuju Utara),2014,64.83,Sulawesi Barat
Pasangkayu (Mamuju Utara),2015,64.93,Sulawesi Barat
Pasangkayu (Mamuju Utara),2016,65.13,Sulawesi Barat
Pasangkayu (Mamuju Utara),2017,65.33,Sulawesi Barat
Pasangkayu (Mamuju Utara),2018,65.62,Sulawesi Barat
Pasangkayu (Mamuju Utara),2019,65.91,Sulawesi Barat
Pasangkayu (Mamuju Utara),2020,66.2,Sulawesi Barat
Pasangkayu (Mamuju Utara),2021,66.45,Sulawesi Barat
Pasangkayu (Mamuju Utara),2022,66.9,Sulawesi Barat
Pasangkayu (Mamuju Utara),2023,67.33,Sulawesi Barat
Pasangkayu (Mamuju Utara),2024,67.66,Sulawesi Barat
Polewali Mandar,2013,61.12,Sulawesi Barat
Polewali Mandar,2014,61.14,Sulawesi Barat
Polewali Mandar,2015,61.54,Sulawesi Barat
Polewali Mandar,2016,61.65,Sulawesi Barat
Polewali Mandar,2017,61.76,Sulawesi Barat
Polewali Mandar,2018,61.97,Sulawesi Barat
Polewali Mandar,2019,62.18,Sulawesi Barat
Polewali Mandar,2020,62.38,Sulawesi Barat
Polewali Mandar,2021,62.53,Sulawesi Barat
Polewali Mandar,2022,62.86,Sulawesi Barat
Polewali Mandar,2023,63.2,Sulawesi Barat
Polewali Mandar,2024,63.46,Sulawesi Barat
Bantaeng,2013,69.65,Sulawesi Selatan
Bantaeng,2014,69.68,Sulawesi Selatan
Bantaeng,2015,69.77,Sulawesi Selatan
Bantaeng,2016,69.84,Sulawesi Selatan
Bantaeng,2017,69.9,Sulawesi Selatan
Bantaeng,2018,70.11,Sulawesi Selatan
Bantaeng,2019,70.42,Sulawesi Selatan
Bantaeng,2020,70.54,Sulawesi Selatan
Bantaeng,2021,70.6,Sulawesi Selatan
Bantaeng,2022,70.88,Sulawesi Selatan
Bantaeng,2023,71.11,Sulawesi Selatan
Bantaeng,2024,71.3,Sulawesi Selatan
Barru,2013,67.69,Sulawesi Selatan
Barru,2014,67.73,Sulawesi Selatan
Barru,2015,68.03,Sulawesi Selatan
Barru,2016,68.16,Sulawesi Selatan
Barru,2017,68.3,Sulawesi Selatan
Barru,2018,68.6,Sulawesi Selatan
Barru,2019,68.91,Sulawesi Selatan
Barru,2020,69.02,Sulawesi Selatan
Barru,2021,69.07,Sulawesi Selatan
Barru,2022,69.35,Sulawesi Selatan
Barru,2023,69.55,Sulawesi Selatan
Barru,2024,69.73,Sulawesi Selatan
Bone,2013,65.76,Sulawesi Selatan
Bone,2014,65.81,Sulawesi Selatan
Bone,2015,66.01,Sulawesi Selatan
Bone,2016,66.12,Sulawesi Selatan
Bone,2017,66.22,Sulawesi Selatan
Bone,2018,66.5,Sulawesi Selatan
Bone,2019,66.88,Sulawesi Selatan
Bone,2020,67.07,Sulawesi Selatan
Bone,2021,67.21,Sulawesi Selatan
Bone,2022,67.57,Sulawesi Selatan
Bone,2023,67.85,Sulawesi Selatan
Bone,2024,68.1,Sulawesi Selatan
Bulukumba,2013,66.39,Sulawesi Selatan
Bulukumba,2014,66.43,Sulawesi Selatan
Bulukumba,2015,66.73,Sulawesi Selatan
Bulukumba,2016,66.84,Sulawesi Selatan
Bulukumba,2017,66.96,Sulawesi Selatan
Bulukumba,2018,67.27,Sulawesi Selatan
Bulukumba,2019,67.69,Sulawesi Selatan
Bulukumba,2020,67.92,Sulawesi Selatan
Bulukumba,2021,68.1,Sulawesi Selatan
Bulukumba,2022,68.51,Sulawesi Selatan
Bulukumba,2023,68.84,Sulawesi Selatan
Bulukumba,2024,69,Sulawesi Selatan
Enrekang,2013,70.2,Sulawesi Selatan
Enrekang,2014,70.21,Sulawesi Selatan
Enrekang,2015,70.31,Sulawesi Selatan
Enrekang,2016,70.34,Sulawesi Selatan
Enrekang,2017,70.38,Sulawesi Selatan
Enrekang,2018,70.55,Sulawesi Selatan
Enrekang,2019,70.83,Sulawesi Selatan
Enrekang,2020,70.91,Sulawesi Selatan
Enrekang,2021,70.93,Sulawesi Selatan
Enrekang,2022,71.17,Sulawesi Selatan
Enrekang,2023,71.34,Sulawesi Selatan
Enrekang,2024,71.51,Sulawesi Selatan
Gowa,2013,69.78,Sulawesi Selatan
Gowa,2014,69.78,Sulawesi Selatan
Gowa,2015,69.88,Sulawesi Selatan
Gowa,2016,69.92,Sulawesi Selatan
Gowa,2017,69.95,Sulawesi Selatan
Gowa,2018,70.11,Sulawesi Selatan
Gowa,2019,70.37,Sulawesi Selatan
Gowa,2020,70.43,Sulawesi Selatan
Gowa,2021,70.45,Sulawesi Selatan
Gowa,2022,70.7,Sulawesi Selatan
Gowa,2023,70.89,Sulawesi Selatan
Gowa,2024,71.06,Sulawesi Selatan
Jeneponto,2013,65.35,Sulawesi Selatan
Jeneponto,2014,65.39,Sulawesi Selatan
Jeneponto,2015,65.49,Sulawesi Selatan
Jeneponto,2016,65.57,Sulawesi Selatan
Jeneponto,2017,65.65,Sulawesi Selatan
Jeneponto,2018,65.89,Sulawesi Selatan
Jeneponto,2019,66.24,Sulawesi Selatan
Jeneponto,2020,66.39,Sulawesi Selatan
Jeneponto,2021,66.49,Sulawesi Selatan
Jeneponto,2022,66.81,Sulawesi Selatan
Jeneponto,2023,66.99,Sulawesi Selatan
Jeneponto,2024,67.16,Sulawesi Selatan
Kepulauan Selayar,2013,67.49,Sulawesi Selatan
Kepulauan Selayar,2014,67.5,Sulawesi Selatan
Kepulauan Selayar,2015,67.7,Sulawesi Selatan
Kepulauan Selayar,2016,67.76,Sulawesi Selatan
Kepulauan Selayar,2017,67.82,Sulawesi Selatan
Kepulauan Selayar,2018,68.03,Sulawesi Selatan
Kepulauan Selayar,2019,68.34,Sulawesi Selatan
Kepulauan Selayar,2020,68.46,Sulawesi Selatan
Kepulauan Selayar,2021,68.52,Sulawesi Selatan
Kepulauan Selayar,2022,68.81,Sulawesi Selatan
Kepulauan Selayar,2023,69.04,Sulawesi Selatan
Kepulauan Selayar,2024,69.26,Sulawesi Selatan
Kota Makassar,2013,71.38,Sulawesi Selatan
Kota Makassar,2014,71.38,Sulawesi Selatan
Kota Makassar,2015,71.47,Sulawesi Selatan
Kota Makassar,2016,71.49,Sulawesi Selatan
Kota Makassar,2017,71.51,Sulawesi Selatan
Kota Makassar,2018,71.7,Sulawesi Selatan
Kota Makassar,2019,72,Sulawesi Selatan
Kota Makassar,2020,72.09,Sulawesi Selatan
Kota Makassar,2021,72.13,Sulawesi Selatan
Kota Makassar,2022,72.4,Sulawesi Selatan
Kota Makassar,2023,72.6,Sulawesi Selatan
Kota Makassar,2024,72.78,Sulawesi Selatan
Kota Palopo,2013,70.1,Sulawesi Selatan
Kota Palopo,2014,70.12,Sulawesi Selatan
Kota Palopo,2015,70.2,Sulawesi Selatan
Kota Palopo,2016,70.25,Sulawesi Selatan
Kota Palopo,2017,70.3,Sulawesi Selatan
Kota Palopo,2018,70.49,Sulawesi Selatan
Kota Palopo,2019,70.79,Sulawesi Selatan
Kota Palopo,2020,70.88,Sulawesi Selatan
Kota Palopo,2021,70.92,Sulawesi Selatan
Kota Palopo,2022,71.18,Sulawesi Selatan
Kota Palopo,2023,71.39,Sulawesi Selatan
Kota Palopo,2024,71.6,Sulawesi Selatan
Kota Pare Pare,2013,70.38,Sulawesi Selatan
Kota Pare Pare,2014,70.39,Sulawesi Selatan
Kota Pare Pare,2015,70.59,Sulawesi Selatan
Kota Pare Pare,2016,70.64,Sulawesi Selatan
Kota Pare Pare,2017,70.69,Sulawesi Selatan
Kota Pare Pare,2018,70.88,Sulawesi Selatan
Kota Pare Pare,2019,71.18,Sulawesi Selatan
Kota Pare Pare,2020,71.27,Sulawesi Selatan
Kota Pare Pare,2021,71.31,Sulawesi Selatan
Kota Pare Pare,2022,71.57,Sulawesi Selatan
Kota Pare Pare,2023,71.78,Sulawesi Selatan
Kota Pare Pare,2024,71.98,Sulawesi Selatan
Luwu,2013,69.13,Sulawesi Selatan
Luwu,2014,69.14,Sulawesi Selatan
Luwu,2015,69.44,Sulawesi Selatan
Luwu,2016,69.52,Sulawesi Selatan
Luwu,2017,69.6,Sulawesi Selatan
Luwu,2018,69.84,Sulawesi Selatan
Luwu,2019,70.19,Sulawesi Selatan
Luwu,2020,70.34,Sulawesi Selatan
Luwu,2021,70.44,Sulawesi Selatan
Luwu,2022,70.75,Sulawesi Selatan
Luwu,2023,71,Sulawesi Selatan
Luwu,2024,71.23,Sulawesi Selatan
Luwu Timur,2013,69.42,Sulawesi Selatan
Luwu Timur,2014,69.44,Sulawesi Selatan
Luwu Timur,2015,69.64,Sulawesi Selatan
Luwu Timur,2016,69.71,Sulawesi Selatan
Luwu Timur,2017,69.79,Sulawesi Selatan
Luwu Timur,2018,70.03,Sulawesi Selatan
Luwu Timur,2019,70.38,Sulawesi Selatan
Luwu Timur,2020,70.53,Sulawesi Selatan
Luwu Timur,2021,70.63,Sulawesi Selatan
Luwu Timur,2022,70.94,Sulawesi Selatan
Luwu Timur,2023,71.19,Sulawesi Selatan
Luwu Timur,2024,71.42,Sulawesi Selatan
Luwu Utara,2013,66.98,Sulawesi Selatan
Luwu Utara,2014,67,Sulawesi Selatan
Luwu Utara,2015,67.4,Sulawesi Selatan
Luwu Utara,2016,67.5,Sulawesi Selatan
Luwu Utara,2017,67.61,Sulawesi Selatan
Luwu Utara,2018,67.9,Sulawesi Selatan
Luwu Utara,2019,68.31,Sulawesi Selatan
Luwu Utara,2020,68.51,Sulawesi Selatan
Luwu Utara,2021,68.67,Sulawesi Selatan
Luwu Utara,2022,69.03,Sulawesi Selatan
Luwu Utara,2023,69.36,Sulawesi Selatan
Luwu Utara,2024,69.67,Sulawesi Selatan
Maros,2013,68.49,Sulawesi Selatan
Maros,2014,68.5,Sulawesi Selatan
Maros,2015,68.55,Sulawesi Selatan
Maros,2016,68.58,Sulawesi Selatan
Maros,2017,68.6,Sulawesi Selatan
Maros,2018,68.74,Sulawesi Selatan
Maros,2019,68.98,Sulawesi Selatan
Maros,2020,69.02,Sulawesi Selatan
Maros,2021,69.04,Sulawesi Selatan
Maros,2022,69.28,Sulawesi Selatan
Maros,2023,69.45,Sulawesi Selatan
Maros,2024,69.68,Sulawesi Selatan
Pangkajene Kepulauan,2013,65.35,Sulawesi Selatan
Pangkajene Kepulauan,2014,65.37,Sulawesi Selatan
Pangkajene Kepulauan,2015,65.67,Sulawesi Selatan
Pangkajene Kepulauan,2016,65.77,Sulawesi Selatan
Pangkajene Kepulauan,2017,65.86,Sulawesi Selatan
Pangkajene Kepulauan,2018,66.12,Sulawesi Selatan
Pangkajene Kepulauan,2019,66.49,Sulawesi Selatan
Pangkajene Kepulauan,2020,66.66,Sulawesi Selatan
Pangkajene Kepulauan,2021,66.78,Sulawesi Selatan
Pangkajene Kepulauan,2022,67.12,Sulawesi Selatan
Pangkajene Kepulauan,2023,67.36,Sulawesi Selatan
Pangkajene Kepulauan,2024,67.59,Sulawesi Selatan
Pinrang,2013,68,Sulawesi Selatan
Pinrang,2014,68.03,Sulawesi Selatan
Pinrang,2015,68.43,Sulawesi Selatan
Pinrang,2016,68.55,Sulawesi Selatan
Pinrang,2017,68.68,Sulawesi Selatan
Pinrang,2018,68.98,Sulawesi Selatan
Pinrang,2019,69.39,Sulawesi Selatan
Pinrang,2020,69.61,Sulawesi Selatan
Pinrang,2021,69.77,Sulawesi Selatan
Pinrang,2022,70.15,Sulawesi Selatan
Pinrang,2023,70.49,Sulawesi Selatan
Pinrang,2024,70.65,Sulawesi Selatan
Sidenreng Rappang,2013,68.05,Sulawesi Selatan
Sidenreng Rappang,2014,68.07,Sulawesi Selatan
Sidenreng Rappang,2015,68.57,Sulawesi Selatan
Sidenreng Rappang,2016,68.69,Sulawesi Selatan
Sidenreng Rappang,2017,68.82,Sulawesi Selatan
Sidenreng Rappang,2018,69.15,Sulawesi Selatan
Sidenreng Rappang,2019,69.59,Sulawesi Selatan
Sidenreng Rappang,2020,69.83,Sulawesi Selatan
Sidenreng Rappang,2021,70.01,Sulawesi Selatan
Sidenreng Rappang,2022,70.41,Sulawesi Selatan
Sidenreng Rappang,2023,70.74,Sulawesi Selatan
Sidenreng Rappang,2024,71.03,Sulawesi Selatan
Sinjai,2013,66.33,Sulawesi Selatan
Sinjai,2014,66.36,Sulawesi Selatan
Sinjai,2015,66.46,Sulawesi Selatan
Sinjai,2016,66.54,Sulawesi Selatan
Sinjai,2017,66.61,Sulawesi Selatan
Sinjai,2018,66.83,Sulawesi Selatan
Sinjai,2019,67.17,Sulawesi Selatan
Sinjai,2020,67.3,Sulawesi Selatan
Sinjai,2021,67.38,Sulawesi Selatan
Sinjai,2022,67.68,Sulawesi Selatan
Sinjai,2023,67.92,Sulawesi Selatan
Sinjai,2024,68.13,Sulawesi Selatan
Soppeng,2013,68.37,Sulawesi Selatan
Soppeng,2014,68.42,Sulawesi Selatan
Soppeng,2015,68.52,Sulawesi Selatan
Soppeng,2016,68.62,Sulawesi Selatan
Soppeng,2017,68.72,Sulawesi Selatan
Soppeng,2018,69.02,Sulawesi Selatan
Soppeng,2019,69.43,Sulawesi Selatan
Soppeng,2020,69.65,Sulawesi Selatan
Soppeng,2021,69.81,Sulawesi Selatan
Soppeng,2022,70.2,Sulawesi Selatan
Soppeng,2023,70.5,Sulawesi Selatan
Soppeng,2024,70.79,Sulawesi Selatan
Takalar,2013,65.88,Sulawesi Selatan
Takalar,2014,65.9,Sulawesi Selatan
Takalar,2015,66.2,Sulawesi Selatan
Takalar,2016,66.29,Sulawesi Selatan
Takalar,2017,66.38,Sulawesi Selatan
Takalar,2018,66.64,Sulawesi Selatan
Takalar,2019,67.01,Sulawesi Selatan
Takalar,2020,67.18,Sulawesi Selatan
Takalar,2021,67.3,Sulawesi Selatan
Takalar,2022,67.64,Sulawesi Selatan
Takalar,2023,67.9,Sulawesi Selatan
Takalar,2024,68.11,Sulawesi Selatan
Tana Toraja,2013,72.1,Sulawesi Selatan
Tana Toraja,2014,72.11,Sulawesi Selatan
Tana Toraja,2015,72.41,Sulawesi Selatan
Tana Toraja,2016,72.48,Sulawesi Selatan
Tana Toraja,2017,72.56,Sulawesi Selatan
Tana Toraja,2018,72.8,Sulawesi Selatan
Tana Toraja,2019,73.15,Sulawesi Selatan
Tana Toraja,2020,73.3,Sulawesi Selatan
Tana Toraja,2021,73.4,Sulawesi Selatan
Tana Toraja,2022,73.72,Sulawesi Selatan
Tana Toraja,2023,73.99,Sulawesi Selatan
Tana Toraja,2024,74.23,Sulawesi Selatan
Toraja Utara,2013,72.49,Sulawesi Selatan
Toraja Utara,2014,72.5,Sulawesi Selatan
Toraja Utara,2015,72.8,Sulawesi Selatan
Toraja Utara,2016,72.87,Sulawesi Selatan
Toraja Utara,2017,72.94,Sulawesi Selatan
Toraja Utara,2018,73.09,Sulawesi Selatan
Toraja Utara,2019,73.35,Sulawesi Selatan
Toraja Utara,2020,73.39,Sulawesi Selatan
Toraja Utara,2021,73.41,Sulawesi Selatan
Toraja Utara,2022,73.65,Sulawesi Selatan
Toraja Utara,2023,73.83,Sulawesi Selatan
Toraja Utara,2024,74,Sulawesi Selatan
Wajo,2013,65.87,Sulawesi Selatan
Wajo,2014,65.93,Sulawesi Selatan
Wajo,2015,66.23,Sulawesi Selatan
Wajo,2016,66.38,Sulawesi Selatan
Wajo,2017,66.52,Sulawesi Selatan
Wajo,2018,66.79,Sulawesi Selatan
Wajo,2019,67.17,Sulawesi Selatan
Wajo,2020,67.35,Sulawesi Selatan
Wajo,2021,67.48,Sulawesi Selatan
Wajo,2022,67.82,Sulawesi Selatan
Wajo,2023,68.1,Sulawesi Selatan
Wajo,2024,68.32,Sulawesi Selatan
Banggai,2013,69.72,Sulawesi Tengah
Banggai,2014,69.73,Sulawesi Tengah
Banggai,2015,69.93,Sulawesi Tengah
Banggai,2016,69.97,Sulawesi Tengah
Banggai,2017,70.02,Sulawesi Tengah
Banggai,2018,70.32,Sulawesi Tengah
Banggai,2019,70.61,Sulawesi Tengah
Banggai,2020,70.88,Sulawesi Tengah
Banggai,2021,70.88,Sulawesi Tengah
Banggai,2022,70.88,Sulawesi Tengah
Banggai,2023,71.02,Sulawesi Tengah
Banggai,2024,71.09,Sulawesi Tengah
Banggai Kepulauan,2013,64.2,Sulawesi Tengah
Banggai Kepulauan,2014,64.25,Sulawesi Tengah
Banggai Kepulauan,2015,64.35,Sulawesi Tengah
Banggai Kepulauan,2016,64.44,Sulawesi Tengah
Banggai Kepulauan,2017,64.53,Sulawesi Tengah
Banggai Kepulauan,2018,65.12,Sulawesi Tengah
Banggai Kepulauan,2019,65.71,Sulawesi Tengah
Banggai Kepulauan,2020,66.31,Sulawesi Tengah
Banggai Kepulauan,2021,66.59,Sulawesi Tengah
Banggai Kepulauan,2022,66.73,Sulawesi Tengah
Banggai Kepulauan,2023,66.87,Sulawesi Tengah
Banggai Kepulauan,2024,67.08,Sulawesi Tengah
Banggai Laut,2013,63.26,Sulawesi Tengah
Banggai Laut,2014,63.28,Sulawesi Tengah
Banggai Laut,2015,63.48,Sulawesi Tengah
Banggai Laut,2016,63.55,Sulawesi Tengah
Banggai Laut,2017,63.62,Sulawesi Tengah
Banggai Laut,2018,64.21,Sulawesi Tengah
Banggai Laut,2019,64.79,Sulawesi Tengah
Banggai Laut,2020,65.38,Sulawesi Tengah
Banggai Laut,2021,65.67,Sulawesi Tengah
Banggai Laut,2022,65.81,Sulawesi Tengah
Banggai Laut,2023,66.08,Sulawesi Tengah
Banggai Laut,2024,66.31,Sulawesi Tengah
Buol,2013,66.64,Sulawesi Tengah
Buol,2014,66.66,Sulawesi Tengah
Buol,2015,66.86,Sulawesi Tengah
Buol,2016,66.93,Sulawesi Tengah
Buol,2017,67,Sulawesi Tengah
Buol,2018,67.59,Sulawesi Tengah
Buol,2019,68.17,Sulawesi Tengah
Buol,2020,68.76,Sulawesi Tengah
Buol,2021,69.05,Sulawesi Tengah
Buol,2022,69.32,Sulawesi Tengah
Buol,2023,69.73,Sulawesi Tengah
Buol,2024,69.99,Sulawesi Tengah
Donggala,2013,65.76,Sulawesi Tengah
Donggala,2014,65.79,Sulawesi Tengah
Donggala,2015,65.79,Sulawesi Tengah
Donggala,2016,65.84,Sulawesi Tengah
Donggala,2017,65.89,Sulawesi Tengah
Donggala,2018,66.37,Sulawesi Tengah
Donggala,2019,66.85,Sulawesi Tengah
Donggala,2020,67.33,Sulawesi Tengah
Donggala,2021,67.5,Sulawesi Tengah
Donggala,2022,67.61,Sulawesi Tengah
Donggala,2023,67.86,Sulawesi Tengah
Donggala,2024,68.01,Sulawesi Tengah
Kota Palu,2013,69.93,Sulawesi Tengah
Kota Palu,2014,69.93,Sulawesi Tengah
Kota Palu,2015,69.93,Sulawesi Tengah
Kota Palu,2016,69.93,Sulawesi Tengah
Kota Palu,2017,69.93,Sulawesi Tengah
Kota Palu,2018,70.31,Sulawesi Tengah
Kota Palu,2019,70.68,Sulawesi Tengah
Kota Palu,2020,71.04,Sulawesi Tengah
Kota Palu,2021,71.09,Sulawesi Tengah
Kota Palu,2022,71.2,Sulawesi Tengah
Kota Palu,2023,71.45,Sulawesi Tengah
Kota Palu,2024,71.56,Sulawesi Tengah
Morowali,2013,68.05,Sulawesi Tengah
Morowali,2014,68.06,Sulawesi Tengah
Morowali,2015,68.06,Sulawesi Tengah
Morowali,2016,68.06,Sulawesi Tengah
Morowali,2017,68.07,Sulawesi Tengah
Morowali,2018,68.45,Sulawesi Tengah
Morowali,2019,68.82,Sulawesi Tengah
Morowali,2020,69.18,Sulawesi Tengah
Morowali,2021,69.23,Sulawesi Tengah
Morowali,2022,69.23,Sulawesi Tengah
Morowali,2023,69.37,Sulawesi Tengah
Morowali,2024,69.41,Sulawesi Tengah
Morowali Utara,2013,68.28,Sulawesi Tengah
Morowali Utara,2014,68.29,Sulawesi Tengah
Morowali Utara,2015,68.29,Sulawesi Tengah
Morowali Utara,2016,68.32,Sulawesi Tengah
Morowali Utara,2017,68.34,Sulawesi Tengah
Morowali Utara,2018,68.77,Sulawesi Tengah
Morowali Utara,2019,69.19,Sulawesi Tengah
Morowali Utara,2020,69.61,Sulawesi Tengah
Morowali Utara,2021,69.71,Sulawesi Tengah
Morowali Utara,2022,69.77,Sulawesi Tengah
Morowali Utara,2023,69.97,Sulawesi Tengah
Morowali Utara,2024,70.06,Sulawesi Tengah
Parigi Moutong,2013,63.16,Sulawesi Tengah
Parigi Moutong,2014,63.17,Sulawesi Tengah
Parigi Moutong,2015,63.17,Sulawesi Tengah
Parigi Moutong,2016,63.18,Sulawesi Tengah
Parigi Moutong,2017,63.19,Sulawesi Tengah
Parigi Moutong,2018,63.57,Sulawesi Tengah
Parigi Moutong,2019,63.94,Sulawesi Tengah
Parigi Moutong,2020,64.3,Sulawesi Tengah
Parigi Moutong,2021,64.35,Sulawesi Tengah
Parigi Moutong,2022,64.35,Sulawesi Tengah
Parigi Moutong,2023,64.62,Sulawesi Tengah
Parigi Moutong,2024,64.66,Sulawesi Tengah
Poso,2013,69.98,Sulawesi Tengah
Poso,2014,69.99,Sulawesi Tengah
Poso,2015,70.09,Sulawesi Tengah
Poso,2016,70.13,Sulawesi Tengah
Poso,2017,70.16,Sulawesi Tengah
Poso,2018,70.51,Sulawesi Tengah
Poso,2019,70.85,Sulawesi Tengah
Poso,2020,71.18,Sulawesi Tengah
Poso,2021,71.19,Sulawesi Tengah
Poso,2022,71.19,Sulawesi Tengah
Poso,2023,71.33,Sulawesi Tengah
Poso,2024,71.34,Sulawesi Tengah
Sigi,2013,68.65,Sulawesi Tengah
Sigi,2014,68.66,Sulawesi Tengah
Sigi,2015,68.66,Sulawesi Tengah
Sigi,2016,68.69,Sulawesi Tengah
Sigi,2017,68.72,Sulawesi Tengah
Sigi,2018,69.15,Sulawesi Tengah
Sigi,2019,69.57,Sulawesi Tengah
Sigi,2020,69.99,Sulawesi Tengah
Sigi,2021,70.09,Sulawesi Tengah
Sigi,2022,70.15,Sulawesi Tengah
Sigi,2023,70.35,Sulawesi Tengah
Sigi,2024,70.48,Sulawesi Tengah
Tojo Una Una,2013,63.84,Sulawesi Tengah
Tojo Una Una,2014,63.87,Sulawesi Tengah
Tojo Una Una,2015,63.95,Sulawesi Tengah
Tojo Una Una,2016,64.01,Sulawesi Tengah
Tojo Una Una,2017,64.07,Sulawesi Tengah
Tojo Una Una,2018,64.61,Sulawesi Tengah
Tojo Una Una,2019,65.14,Sulawesi Tengah
Tojo Una Una,2020,65.67,Sulawesi Tengah
Tojo Una Una,2021,65.9,Sulawesi Tengah
Tojo Una Una,2022,66.08,Sulawesi Tengah
Tojo Una Una,2023,66.41,Sulawesi Tengah
Tojo Una Una,2024,66.6,Sulawesi Tengah
Toli Toli,2013,63.73,Sulawesi Tengah
Toli Toli,2014,63.75,Sulawesi Tengah
Toli Toli,2015,63.95,Sulawesi Tengah
Toli Toli,2016,64.03,Sulawesi Tengah
Toli Toli,2017,64.12,Sulawesi Tengah
Toli Toli,2018,64.71,Sulawesi Tengah
Toli Toli,2019,65.3,Sulawesi Tengah
Toli Toli,2020,65.9,Sulawesi Tengah
Toli Toli,2021,66.18,Sulawesi Tengah
Toli Toli,2022,66.41,Sulawesi Tengah
Toli Toli,2023,66.78,Sulawesi Tengah
Toli Toli,2024,67.03,Sulawesi Tengah
Bombana,2013,67.55,Sulawesi Tenggara
Bombana,2014,67.62,Sulawesi Tenggara
Bombana,2015,67.62,Sulawesi Tenggara
Bombana,2016,67.72,Sulawesi Tenggara
Bombana,2017,67.82,Sulawesi Tenggara
Bombana,2018,68.17,Sulawesi Tenggara
Bombana,2019,68.54,Sulawesi Tenggara
Bombana,2020,68.91,Sulawesi Tenggara
Bombana,2021,69.09,Sulawesi Tenggara
Bombana,2022,69.2,Sulawesi Tenggara
Bombana,2023,69.34,Sulawesi Tenggara
Bombana,2024,69.49,Sulawesi Tenggara
Buton,2013,67.12,Sulawesi Tenggara
Buton,2014,67.17,Sulawesi Tenggara
Buton,2015,67.17,Sulawesi Tenggara
Buton,2016,67.23,Sulawesi Tenggara
Buton,2017,67.3,Sulawesi Tenggara
Buton,2018,67.6,Sulawesi Tenggara
Buton,2019,67.92,Sulawesi Tenggara
Buton,2020,68.25,Sulawesi Tenggara
Buton,2021,68.39,Sulawesi Tenggara
Buton,2022,68.46,Sulawesi Tenggara
Buton,2023,68.56,Sulawesi Tenggara
Buton,2024,68.67,Sulawesi Tenggara
Buton Selatan,2013,-,Sulawesi Tenggara
Buton Selatan,2014,67.17,Sulawesi Tenggara
Buton Selatan,2015,67.17,Sulawesi Tenggara
Buton Selatan,2016,67.17,Sulawesi Tenggara
Buton Selatan,2017,67.17,Sulawesi Tenggara
Buton Selatan,2018,67.33,Sulawesi Tenggara
Buton Selatan,2019,67.5,Sulawesi Tenggara
Buton Selatan,2020,67.66,Sulawesi Tenggara
Buton Selatan,2021,67.69,Sulawesi Tenggara
Buton Selatan,2022,67.76,Sulawesi Tenggara
Buton Selatan,2023,67.86,Sulawesi Tenggara
Buton Selatan,2024,67.97,Sulawesi Tenggara
Buton Tengah,2013,-,Sulawesi Tenggara
Buton Tengah,2014,67.17,Sulawesi Tenggara
Buton Tengah,2015,67.17,Sulawesi Tenggara
Buton Tengah,2016,67.17,Sulawesi Tenggara
Buton Tengah,2017,67.17,Sulawesi Tenggara
Buton Tengah,2018,67.33,Sulawesi Tenggara
Buton Tengah,2019,67.5,Sulawesi Tenggara
Buton Tengah,2020,67.66,Sulawesi Tenggara
Buton Tengah,2021,67.69,Sulawesi Tenggara
Buton Tengah,2022,67.78,Sulawesi Tenggara
Buton Tengah,2023,67.9,Sulawesi Tenggara
Buton Tengah,2024,68.03,Sulawesi Tenggara
Buton Utara,2013,70.36,Sulawesi Tenggara
Buton Utara,2014,70.36,Sulawesi Tenggara
Buton Utara,2015,70.36,Sulawesi Tenggara
Buton Utara,2016,70.37,Sulawesi Tenggara
Buton Utara,2017,70.38,Sulawesi Tenggara
Buton Utara,2018,70.56,Sulawesi Tenggara
Buton Utara,2019,70.75,Sulawesi Tenggara
Buton Utara,2020,70.93,Sulawesi Tenggara
Buton Utara,2021,70.93,Sulawesi Tenggara
Buton Utara,2022,70.96,Sulawesi Tenggara
Buton Utara,2023,71.02,Sulawesi Tenggara
Buton Utara,2024,71.09,Sulawesi Tenggara
Kolaka,2013,69.76,Sulawesi Tenggara
Kolaka,2014,69.8,Sulawesi Tenggara
Kolaka,2015,69.9,Sulawesi Tenggara
Kolaka,2016,69.97,Sulawesi Tenggara
Kolaka,2017,70.05,Sulawesi Tenggara
Kolaka,2018,70.38,Sulawesi Tenggara
Kolaka,2019,70.72,Sulawesi Tenggara
Kolaka,2020,71.06,Sulawesi Tenggara
Kolaka,2021,71.21,Sulawesi Tenggara
Kolaka,2022,71.3,Sulawesi Tenggara
Kolaka,2023,71.42,Sulawesi Tenggara
Kolaka,2024,71.56,Sulawesi Tenggara
Kolaka Timur,2013,71.28,Sulawesi Tenggara
Kolaka Timur,2014,71.31,Sulawesi Tenggara
Kolaka Timur,2015,71.51,Sulawesi Tenggara
Kolaka Timur,2016,71.58,Sulawesi Tenggara
Kolaka Timur,2017,71.66,Sulawesi Tenggara
Kolaka Timur,2018,71.99,Sulawesi Tenggara
Kolaka Timur,2019,72.33,Sulawesi Tenggara
Kolaka Timur,2020,72.67,Sulawesi Tenggara
Kolaka Timur,2021,72.82,Sulawesi Tenggara
Kolaka Timur,2022,72.9,Sulawesi Tenggara
Kolaka Timur,2023,73.01,Sulawesi Tenggara
Kolaka Timur,2024,73.13,Sulawesi Tenggara
Kolaka Utara,2013,69.15,Sulawesi Tenggara
Kolaka Utara,2014,69.19,Sulawesi Tenggara
Kolaka Utara,2015,69.49,Sulawesi Tenggara
Kolaka Utara,2016,69.62,Sulawesi Tenggara
Kolaka Utara,2017,69.74,Sulawesi Tenggara
Kolaka Utara,2018,69.94,Sulawesi Tenggara
Kolaka Utara,2019,70.15,Sulawesi Tenggara
Kolaka Utara,2020,70.36,Sulawesi Tenggara
Kolaka Utara,2021,70.36,Sulawesi Tenggara
Kolaka Utara,2022,70.4,Sulawesi Tenggara
Kolaka Utara,2023,70.47,Sulawesi Tenggara
Kolaka Utara,2024,70.56,Sulawesi Tenggara
Konawe,2013,69.35,Sulawesi Tenggara
Konawe,2014,69.35,Sulawesi Tenggara
Konawe,2015,69.45,Sulawesi Tenggara
Konawe,2016,69.48,Sulawesi Tenggara
Konawe,2017,69.52,Sulawesi Tenggara
Konawe,2018,69.76,Sulawesi Tenggara
Konawe,2019,70.02,Sulawesi Tenggara
Konawe,2020,70.27,Sulawesi Tenggara
Konawe,2021,70.32,Sulawesi Tenggara
Konawe,2022,70.38,Sulawesi Tenggara
Konawe,2023,70.44,Sulawesi Tenggara
Konawe,2024,70.52,Sulawesi Tenggara
Konawe Kepulauan,2013,67.85,Sulawesi Tenggara
Konawe Kepulauan,2014,67.86,Sulawesi Tenggara
Konawe Kepulauan,2015,67.86,Sulawesi Tenggara
Konawe Kepulauan,2016,67.87,Sulawesi Tenggara
Konawe Kepulauan,2017,67.88,Sulawesi Tenggara
Konawe Kepulauan,2018,68.06,Sulawesi Tenggara
Konawe Kepulauan,2019,68.25,Sulawesi Tenggara
Konawe Kepulauan,2020,68.43,Sulawesi Tenggara
Konawe Kepulauan,2021,68.43,Sulawesi Tenggara
Konawe Kepulauan,2022,68.46,Sulawesi Tenggara
Konawe Kepulauan,2023,68.52,Sulawesi Tenggara
Konawe Kepulauan,2024,68.6,Sulawesi Tenggara
Konawe Selatan,2013,69.75,Sulawesi Tenggara
Konawe Selatan,2014,69.77,Sulawesi Tenggara
Konawe Selatan,2015,69.87,Sulawesi Tenggara
Konawe Selatan,2016,69.93,Sulawesi Tenggara
Konawe Selatan,2017,69.98,Sulawesi Tenggara
Konawe Selatan,2018,70.24,Sulawesi Tenggara
Konawe Selatan,2019,70.52,Sulawesi Tenggara
Konawe Selatan,2020,70.8,Sulawesi Tenggara
Konawe Selatan,2021,70.87,Sulawesi Tenggara
Konawe Selatan,2022,70.95,Sulawesi Tenggara
Konawe Selatan,2023,71.02,Sulawesi Tenggara
Konawe Selatan,2024,71.1,Sulawesi Tenggara
Konawe Utara,2013,68.55,Sulawesi Tenggara
Konawe Utara,2014,68.59,Sulawesi Tenggara
Konawe Utara,2015,68.59,Sulawesi Tenggara
Konawe Utara,2016,68.64,Sulawesi Tenggara
Konawe Utara,2017,68.69,Sulawesi Tenggara
Konawe Utara,2018,68.95,Sulawesi Tenggara
Konawe Utara,2019,69.23,Sulawesi Tenggara
Konawe Utara,2020,69.51,Sulawesi Tenggara
Konawe Utara,2021,69.53,Sulawesi Tenggara
Konawe Utara,2022,69.59,Sulawesi Tenggara
Konawe Utara,2023,69.68,Sulawesi Tenggara
Konawe Utara,2024,69.78,Sulawesi Tenggara
Kota Bau Bau,2013,70.41,Sulawesi Tenggara
Kota Bau Bau,2014,70.43,Sulawesi Tenggara
Kota Bau Bau,2015,70.43,Sulawesi Tenggara
Kota Bau Bau,2016,70.47,Sulawesi Tenggara
Kota Bau Bau,2017,70.5,Sulawesi Tenggara
Kota Bau Bau,2018,70.72,Sulawesi Tenggara
Kota Bau Bau,2019,70.95,Sulawesi Tenggara
Kota Bau Bau,2020,71.19,Sulawesi Tenggara
Kota Bau Bau,2021,71.25,Sulawesi Tenggara
Kota Bau Bau,2022,71.36,Sulawesi Tenggara
Kota Bau Bau,2023,71.51,Sulawesi Tenggara
Kota Bau Bau,2024,71.67,Sulawesi Tenggara
Kota Kendari,2013,72.92,Sulawesi Tenggara
Kota Kendari,2014,72.94,Sulawesi Tenggara
Kota Kendari,2015,72.94,Sulawesi Tenggara
Kota Kendari,2016,72.98,Sulawesi Tenggara
Kota Kendari,2017,73.02,Sulawesi Tenggara
Kota Kendari,2018,73.26,Sulawesi Tenggara
Kota Kendari,2019,73.52,Sulawesi Tenggara
Kota Kendari,2020,73.77,Sulawesi Tenggara
Kota Kendari,2021,73.83,Sulawesi Tenggara
Kota Kendari,2022,73.93,Sulawesi Tenggara
Kota Kendari,2023,74.07,Sulawesi Tenggara
Kota Kendari,2024,74.23,Sulawesi Tenggara
Muna,2013,69.76,Sulawesi Tenggara
Muna,2014,69.76,Sulawesi Tenggara
Muna,2015,69.76,Sulawesi Tenggara
Muna,2016,69.77,Sulawesi Tenggara
Muna,2017,69.77,Sulawesi Tenggara
Muna,2018,69.97,Sulawesi Tenggara
Muna,2019,70.18,Sulawesi Tenggara
Muna,2020,70.39,Sulawesi Tenggara
Muna,2021,70.41,Sulawesi Tenggara
Muna,2022,70.47,Sulawesi Tenggara
Muna,2023,70.56,Sulawesi Tenggara
Muna,2024,70.67,Sulawesi Tenggara
Muna Barat,2013,-,Sulawesi Tenggara
Muna Barat,2014,69.76,Sulawesi Tenggara
Muna Barat,2015,69.76,Sulawesi Tenggara
Muna Barat,2016,69.78,Sulawesi Tenggara
Muna Barat,2017,69.79,Sulawesi Tenggara
Muna Barat,2018,69.97,Sulawesi Tenggara
Muna Barat,2019,70.16,Sulawesi Tenggara
Muna Barat,2020,70.34,Sulawesi Tenggara
Muna Barat,2021,70.35,Sulawesi Tenggara
Muna Barat,2022,70.39,Sulawesi Tenggara
Muna Barat,2023,70.46,Sulawesi Tenggara
Muna Barat,2024,70.55,Sulawesi Tenggara
Wakatobi,2013,69.46,Sulawesi Tenggara
Wakatobi,2014,69.49,Sulawesi Tenggara
Wakatobi,2015,69.49,Sulawesi Tenggara
Wakatobi,2016,69.54,Sulawesi Tenggara
Wakatobi,2017,69.59,Sulawesi Tenggara
Wakatobi,2018,69.85,Sulawesi Tenggara
Wakatobi,2019,70.13,Sulawesi Tenggara
Wakatobi,2020,70.41,Sulawesi Tenggara
Wakatobi,2021,70.48,Sulawesi Tenggara
Wakatobi,2022,70.59,Sulawesi Tenggara
Wakatobi,2023,70.72,Sulawesi Tenggara
Wakatobi,2024,70.87,Sulawesi Tenggara
Bolaang Mongondow,2013,68.01,Sulawesi Utara
Bolaang Mongondow,2014,68.02,Sulawesi Utara
Bolaang Mongondow,2015,68.42,Sulawesi Utara
Bolaang Mongondow,2016,68.51,Sulawesi Utara
Bolaang Mongondow,2017,68.61,Sulawesi Utara
Bolaang Mongondow,2018,68.86,Sulawesi Utara
Bolaang Mongondow,2019,69.22,Sulawesi Utara
Bolaang Mongondow,2020,69.36,Sulawesi Utara
Bolaang Mongondow,2021,69.45,Sulawesi Utara
Bolaang Mongondow,2022,69.78,Sulawesi Utara
Bolaang Mongondow,2023,70.07,Sulawesi Utara
Bolaang Mongondow,2024,70.31,Sulawesi Utara
Bolaang Mongondow Selatan,2013,63.87,Sulawesi Utara
Bolaang Mongondow Selatan,2014,63.87,Sulawesi Utara
Bolaang Mongondow Selatan,2015,63.97,Sulawesi Utara
Bolaang Mongondow Selatan,2016,64,Sulawesi Utara
Bolaang Mongondow Selatan,2017,64.03,Sulawesi Utara
Bolaang Mongondow Selatan,2018,64.19,Sulawesi Utara
Bolaang Mongondow Selatan,2019,64.45,Sulawesi Utara
Bolaang Mongondow Selatan,2020,64.49,Sulawesi Utara
Bolaang Mongondow Selatan,2021,64.49,Sulawesi Utara
Bolaang Mongondow Selatan,2022,64.74,Sulawesi Utara
Bolaang Mongondow Selatan,2023,64.95,Sulawesi Utara
Bolaang Mongondow Selatan,2024,65.11,Sulawesi Utara
Bolaang Mongondow Timur,2013,67.09,Sulawesi Utara
Bolaang Mongondow Timur,2014,67.11,Sulawesi Utara
Bolaang Mongondow Timur,2015,67.21,Sulawesi Utara
Bolaang Mongondow Timur,2016,67.27,Sulawesi Utara
Bolaang Mongondow Timur,2017,67.32,Sulawesi Utara
Bolaang Mongondow Timur,2018,67.51,Sulawesi Utara
Bolaang Mongondow Timur,2019,67.81,Sulawesi Utara
Bolaang Mongondow Timur,2020,67.89,Sulawesi Utara
Bolaang Mongondow Timur,2021,67.94,Sulawesi Utara
Bolaang Mongondow Timur,2022,68.24,Sulawesi Utara
Bolaang Mongondow Timur,2023,68.51,Sulawesi Utara
Bolaang Mongondow Timur,2024,68.73,Sulawesi Utara
Bolaang Mongondow Utara,2013,66.62,Sulawesi Utara
Bolaang Mongondow Utara,2014,66.64,Sulawesi Utara
Bolaang Mongondow Utara,2015,66.84,Sulawesi Utara
Bolaang Mongondow Utara,2016,66.91,Sulawesi Utara
Bolaang Mongondow Utara,2017,66.98,Sulawesi Utara
Bolaang Mongondow Utara,2018,67.21,Sulawesi Utara
Bolaang Mongondow Utara,2019,67.54,Sulawesi Utara
Bolaang Mongondow Utara,2020,67.66,Sulawesi Utara
Bolaang Mongondow Utara,2021,67.73,Sulawesi Utara
Bolaang Mongondow Utara,2022,68.05,Sulawesi Utara
Bolaang Mongondow Utara,2023,68.33,Sulawesi Utara
Bolaang Mongondow Utara,2024,68.56,Sulawesi Utara
Kepulauan Sangihe,2013,69.03,Sulawesi Utara
Kepulauan Sangihe,2014,69.07,Sulawesi Utara
Kepulauan Sangihe,2015,69.17,Sulawesi Utara
Kepulauan Sangihe,2016,69.26,Sulawesi Utara
Kepulauan Sangihe,2017,69.35,Sulawesi Utara
Kepulauan Sangihe,2018,69.6,Sulawesi Utara
Kepulauan Sangihe,2019,69.96,Sulawesi Utara
Kepulauan Sangihe,2020,70.1,Sulawesi Utara
Kepulauan Sangihe,2021,70.18,Sulawesi Utara
Kepulauan Sangihe,2022,70.51,Sulawesi Utara
Kepulauan Sangihe,2023,70.78,Sulawesi Utara
Kepulauan Sangihe,2024,70.99,Sulawesi Utara
Kepulauan Siau Tagulandang Biaro (Sitaro),2013,69.24,Sulawesi Utara
Kepulauan Siau Tagulandang Biaro (Sitaro),2014,69.29,Sulawesi Utara
Kepulauan Siau Tagulandang Biaro (Sitaro),2015,69.59,Sulawesi Utara
Kepulauan Siau Tagulandang Biaro (Sitaro),2016,69.72,Sulawesi Utara
Kepulauan Siau Tagulandang Biaro (Sitaro),2017,69.85,Sulawesi Utara
Kepulauan Siau Tagulandang Biaro (Sitaro),2018,70.14,Sulawesi Utara
Kepulauan Siau Tagulandang Biaro (Sitaro),2019,70.54,Sulawesi Utara
Kepulauan Siau Tagulandang Biaro (Sitaro),2020,70.73,Sulawesi Utara
Kepulauan Siau Tagulandang Biaro (Sitaro),2021,70.87,Sulawesi Utara
Kepulauan Siau Tagulandang Biaro (Sitaro),2022,71.27,Sulawesi Utara
Kepulauan Siau Tagulandang Biaro (Sitaro),2023,71.59,Sulawesi Utara
Kepulauan Siau Tagulandang Biaro (Sitaro),2024,71.87,Sulawesi Utara
Kepulauan Talaud,2013,69.11,Sulawesi Utara
Kepulauan Talaud,2014,69.13,Sulawesi Utara
Kepulauan Talaud,2015,69.33,Sulawesi Utara
Kepulauan Talaud,2016,69.41,Sulawesi Utara
Kepulauan Talaud,2017,69.48,Sulawesi Utara
Kepulauan Talaud,2018,69.71,Sulawesi Utara
Kepulauan Talaud,2019,70.04,Sulawesi Utara
Kepulauan Talaud,2020,70.16,Sulawesi Utara
Kepulauan Talaud,2021,70.24,Sulawesi Utara
Kepulauan Talaud,2022,70.57,Sulawesi Utara
Kepulauan Talaud,2023,70.91,Sulawesi Utara
Kepulauan Talaud,2024,71.21,Sulawesi Utara
Kota Bitung,2013,70.25,Sulawesi Utara
Kota Bitung,2014,70.25,Sulawesi Utara
Kota Bitung,2015,70.45,Sulawesi Utara
Kota Bitung,2016,70.5,Sulawesi Utara
Kota Bitung,2017,70.54,Sulawesi Utara
Kota Bitung,2018,70.72,Sulawesi Utara
Kota Bitung,2019,71,Sulawesi Utara
Kota Bitung,2020,71.07,Sulawesi Utara
Kota Bitung,2021,71.1,Sulawesi Utara
Kota Bitung,2022,71.38,Sulawesi Utara
Kota Bitung,2023,71.68,Sulawesi Utara
Kota Bitung,2024,71.95,Sulawesi Utara
Kota Kotamobagu,2013,69.64,Sulawesi Utara
Kota Kotamobagu,2014,69.64,Sulawesi Utara
Kota Kotamobagu,2015,69.64,Sulawesi Utara
Kota Kotamobagu,2016,69.69,Sulawesi Utara
Kota Kotamobagu,2017,69.72,Sulawesi Utara
Kota Kotamobagu,2018,69.97,Sulawesi Utara
Kota Kotamobagu,2019,70.33,Sulawesi Utara
Kota Kotamobagu,2020,70.47,Sulawesi Utara
Kota Kotamobagu,2021,70.6,Sulawesi Utara
Kota Kotamobagu,2022,70.98,Sulawesi Utara
Kota Kotamobagu,2023,71.34,Sulawesi Utara
Kota Kotamobagu,2024,71.63,Sulawesi Utara
Kota Manado,2013,71.26,Sulawesi Utara
Kota Manado,2014,71.28,Sulawesi Utara
Kota Manado,2015,71.28,Sulawesi Utara
Kota Manado,2016,71.31,Sulawesi Utara
Kota Manado,2017,71.34,Sulawesi Utara
Kota Manado,2018,71.52,Sulawesi Utara
Kota Manado,2019,71.8,Sulawesi Utara
Kota Manado,2020,71.87,Sulawesi Utara
Kota Manado,2021,71.9,Sulawesi Utara
Kota Manado,2022,72.18,Sulawesi Utara
Kota Manado,2023,72.5,Sulawesi Utara
Kota Manado,2024,72.78,Sulawesi Utara
Kota Tomohon,2013,70.44,Sulawesi Utara
Kota Tomohon,2014,70.45,Sulawesi Utara
Kota Tomohon,2015,70.95,Sulawesi Utara
Kota Tomohon,2016,71.07,Sulawesi Utara
Kota Tomohon,2017,71.18,Sulawesi Utara
Kota Tomohon,2018,71.43,Sulawesi Utara
Kota Tomohon,2019,71.79,Sulawesi Utara
Kota Tomohon,2020,71.93,Sulawesi Utara
Kota Tomohon,2021,72.06,Sulawesi Utara
Kota Tomohon,2022,72.44,Sulawesi Utara
Kota Tomohon,2023,72.84,Sulawesi Utara
Kota Tomohon,2024,73.17,Sulawesi Utara
Minahasa,2013,70.22,Sulawesi Utara
Minahasa,2014,70.25,Sulawesi Utara
Minahasa,2015,70.35,Sulawesi Utara
Minahasa,2016,70.4,Sulawesi Utara
Minahasa,2017,70.46,Sulawesi Utara
Minahasa,2018,70.67,Sulawesi Utara
Minahasa,2019,70.98,Sulawesi Utara
Minahasa,2020,71.08,Sulawesi Utara
Minahasa,2021,71.16,Sulawesi Utara
Minahasa,2022,71.49,Sulawesi Utara
Minahasa,2023,71.82,Sulawesi Utara
Minahasa,2024,72.11,Sulawesi Utara
Minahasa Selatan,2013,68.96,Sulawesi Utara
Minahasa Selatan,2014,69,Sulawesi Utara
Minahasa Selatan,2015,69.1,Sulawesi Utara
Minahasa Selatan,2016,69.17,Sulawesi Utara
Minahasa Selatan,2017,69.24,Sulawesi Utara
Minahasa Selatan,2018,69.47,Sulawesi Utara
Minahasa Selatan,2019,69.8,Sulawesi Utara
Minahasa Selatan,2020,69.92,Sulawesi Utara
Minahasa Selatan,2021,70.01,Sulawesi Utara
Minahasa Selatan,2022,70.35,Sulawesi Utara
Minahasa Selatan,2023,70.71,Sulawesi Utara
Minahasa Selatan,2024,70.94,Sulawesi Utara
Minahasa Tenggara,2013,69.44,Sulawesi Utara
Minahasa Tenggara,2014,69.48,Sulawesi Utara
Minahasa Tenggara,2015,69.48,Sulawesi Utara
Minahasa Tenggara,2016,69.53,Sulawesi Utara
Minahasa Tenggara,2017,69.58,Sulawesi Utara
Minahasa Tenggara,2018,69.77,Sulawesi Utara
Minahasa Tenggara,2019,70.07,Sulawesi Utara
Minahasa Tenggara,2020,70.15,Sulawesi Utara
Minahasa Tenggara,2021,70.21,Sulawesi Utara
Minahasa Tenggara,2022,70.52,Sulawesi Utara
Minahasa Tenggara,2023,70.86,Sulawesi Utara
Minahasa Tenggara,2024,71.17,Sulawesi Utara
Minahasa Utara,2013,70.76,Sulawesi Utara
Minahasa Utara,2014,70.79,Sulawesi Utara
Minahasa Utara,2015,70.79,Sulawesi Utara
Minahasa Utara,2016,70.82,Sulawesi Utara
Minahasa Utara,2017,70.86,Sulawesi Utara
Minahasa Utara,2018,71.03,Sulawesi Utara
Minahasa Utara,2019,71.31,Sulawesi Utara
Minahasa Utara,2020,71.38,Sulawesi Utara
Minahasa Utara,2021,71.4,Sulawesi Utara
Minahasa Utara,2022,71.68,Sulawesi Utara
Minahasa Utara,2023,71.99,Sulawesi Utara
Minahasa Utara,2024,72.27,Sulawesi Utara
Agam,2013,70.78,Sumatera Barat
Agam,2014,70.8,Sumatera Barat
Agam,2015,71.3,Sumatera Barat
Agam,2016,71.44,Sumatera Barat
Agam,2017,71.57,Sumatera Barat
Agam,2018,71.83,Sumatera Barat
Agam,2019,72.17,Sumatera Barat
Agam,2020,72.37,Sumatera Barat
Agam,2021,72.53,Sumatera Barat
Agam,2022,72.89,Sumatera Barat
Agam,2023,73.23,Sumatera Barat
Agam,2024,73.47,Sumatera Barat
Dharmasraya,2013,69.72,Sumatera Barat
Dharmasraya,2014,69.76,Sumatera Barat
Dharmasraya,2015,70.16,Sumatera Barat
Dharmasraya,2016,70.3,Sumatera Barat
Dharmasraya,2017,70.44,Sumatera Barat
Dharmasraya,2018,70.73,Sumatera Barat
Dharmasraya,2019,71.1,Sumatera Barat
Dharmasraya,2020,71.33,Sumatera Barat
Dharmasraya,2021,71.53,Sumatera Barat
Dharmasraya,2022,71.9,Sumatera Barat
Dharmasraya,2023,72.24,Sumatera Barat
Dharmasraya,2024,72.6,Sumatera Barat
Kepulauan Mentawai,2013,63.53,Sumatera Barat
Kepulauan Mentawai,2014,63.55,Sumatera Barat
Kepulauan Mentawai,2015,64.05,Sumatera Barat
Kepulauan Mentawai,2016,64.36,Sumatera Barat
Kepulauan Mentawai,2017,64.37,Sumatera Barat
Kepulauan Mentawai,2018,64.49,Sumatera Barat
Kepulauan Mentawai,2019,64.68,Sumatera Barat
Kepulauan Mentawai,2020,64.73,Sumatera Barat
Kepulauan Mentawai,2021,64.73,Sumatera Barat
Kepulauan Mentawai,2022,64.93,Sumatera Barat
Kepulauan Mentawai,2023,65.1,Sumatera Barat
Kepulauan Mentawai,2024,65.27,Sumatera Barat
Kota Bukittinggi,2013,73.12,Sumatera Barat
Kota Bukittinggi,2014,73.12,Sumatera Barat
Kota Bukittinggi,2015,73.52,Sumatera Barat
Kota Bukittinggi,2016,73.6,Sumatera Barat
Kota Bukittinggi,2017,73.69,Sumatera Barat
Kota Bukittinggi,2018,73.91,Sumatera Barat
Kota Bukittinggi,2019,74.22,Sumatera Barat
Kota Bukittinggi,2020,74.38,Sumatera Barat
Kota Bukittinggi,2021,74.5,Sumatera Barat
Kota Bukittinggi,2022,74.82,Sumatera Barat
Kota Bukittinggi,2023,75.13,Sumatera Barat
Kota Bukittinggi,2024,75.42,Sumatera Barat
Kota Padang,2013,73.18,Sumatera Barat
Kota Padang,2014,73.18,Sumatera Barat
Kota Padang,2015,73.19,Sumatera Barat
Kota Padang,2016,73.19,Sumatera Barat
Kota Padang,2017,73.2,Sumatera Barat
Kota Padang,2018,73.35,Sumatera Barat
Kota Padang,2019,73.57,Sumatera Barat
Kota Padang,2020,73.65,Sumatera Barat
Kota Padang,2021,73.69,Sumatera Barat
Kota Padang,2022,73.93,Sumatera Barat
Kota Padang,2023,74.16,Sumatera Barat
Kota Padang,2024,74.42,Sumatera Barat
Kota Padang Panjang,2013,72.44,Sumatera Barat
Kota Padang Panjang,2014,72.44,Sumatera Barat
Kota Padang Panjang,2015,72.45,Sumatera Barat
Kota Padang Panjang,2016,72.45,Sumatera Barat
Kota Padang Panjang,2017,72.46,Sumatera Barat
Kota Padang Panjang,2018,72.58,Sumatera Barat
Kota Padang Panjang,2019,72.77,Sumatera Barat
Kota Padang Panjang,2020,72.82,Sumatera Barat
Kota Padang Panjang,2021,72.82,Sumatera Barat
Kota Padang Panjang,2022,73.02,Sumatera Barat
Kota Padang Panjang,2023,73.23,Sumatera Barat
Kota Padang Panjang,2024,73.61,Sumatera Barat
Kota Pariaman,2013,69.48,Sumatera Barat
Kota Pariaman,2014,69.49,Sumatera Barat
Kota Pariaman,2015,69.59,Sumatera Barat
Kota Pariaman,2016,69.63,Sumatera Barat
Kota Pariaman,2017,69.67,Sumatera Barat
Kota Pariaman,2018,69.87,Sumatera Barat
Kota Pariaman,2019,70.15,Sumatera Barat
Kota Pariaman,2020,70.28,Sumatera Barat
Kota Pariaman,2021,70.38,Sumatera Barat
Kota Pariaman,2022,70.67,Sumatera Barat
Kota Pariaman,2023,70.95,Sumatera Barat
Kota Pariaman,2024,71.17,Sumatera Barat
Kota Payakumbuh,2013,72.43,Sumatera Barat
Kota Payakumbuh,2014,72.43,Sumatera Barat
Kota Payakumbuh,2015,72.93,Sumatera Barat
Kota Payakumbuh,2016,73.03,Sumatera Barat
Kota Payakumbuh,2017,73.13,Sumatera Barat
Kota Payakumbuh,2018,73.33,Sumatera Barat
Kota Payakumbuh,2019,73.61,Sumatera Barat
Kota Payakumbuh,2020,73.74,Sumatera Barat
Kota Payakumbuh,2021,73.84,Sumatera Barat
Kota Payakumbuh,2022,74.14,Sumatera Barat
Kota Payakumbuh,2023,74.43,Sumatera Barat
Kota Payakumbuh,2024,74.77,Sumatera Barat
Kota Sawahlunto,2013,69.14,Sumatera Barat
Kota Sawahlunto,2014,69.17,Sumatera Barat
Kota Sawahlunto,2015,69.27,Sumatera Barat
Kota Sawahlunto,2016,69.33,Sumatera Barat
Kota Sawahlunto,2017,69.39,Sumatera Barat
Kota Sawahlunto,2018,69.59,Sumatera Barat
Kota Sawahlunto,2019,69.87,Sumatera Barat
Kota Sawahlunto,2020,70,Sumatera Barat
Kota Sawahlunto,2021,70.1,Sumatera Barat
Kota Sawahlunto,2022,70.4,Sumatera Barat
Kota Sawahlunto,2023,70.69,Sumatera Barat
Kota Sawahlunto,2024,70.92,Sumatera Barat
Kota Solok,2013,72.33,Sumatera Barat
Kota Solok,2014,72.34,Sumatera Barat
Kota Solok,2015,72.74,Sumatera Barat
Kota Solok,2016,72.83,Sumatera Barat
Kota Solok,2017,72.92,Sumatera Barat
Kota Solok,2018,73.14,Sumatera Barat
Kota Solok,2019,73.45,Sumatera Barat
Kota Solok,2020,73.61,Sumatera Barat
Kota Solok,2021,73.73,Sumatera Barat
Kota Solok,2022,74.06,Sumatera Barat
Kota Solok,2023,74.39,Sumatera Barat
Kota Solok,2024,74.73,Sumatera Barat
Lima Puluh Kota,2013,69.19,Sumatera Barat
Lima Puluh Kota,2014,69.22,Sumatera Barat
Lima Puluh Kota,2015,69.23,Sumatera Barat
Lima Puluh Kota,2016,69.27,Sumatera Barat
Lima Puluh Kota,2017,69.31,Sumatera Barat
Lima Puluh Kota,2018,69.47,Sumatera Barat
Lima Puluh Kota,2019,69.7,Sumatera Barat
Lima Puluh Kota,2020,69.79,Sumatera Barat
Lima Puluh Kota,2021,69.84,Sumatera Barat
Lima Puluh Kota,2022,70.08,Sumatera Barat
Lima Puluh Kota,2023,70.3,Sumatera Barat
Lima Puluh Kota,2024,70.46,Sumatera Barat
Padang Pariaman,2013,67.18,Sumatera Barat
Padang Pariaman,2014,67.24,Sumatera Barat
Padang Pariaman,2015,67.64,Sumatera Barat
Padang Pariaman,2016,67.8,Sumatera Barat
Padang Pariaman,2017,67.96,Sumatera Barat
Padang Pariaman,2018,68.23,Sumatera Barat
Padang Pariaman,2019,68.58,Sumatera Barat
Padang Pariaman,2020,68.79,Sumatera Barat
Padang Pariaman,2021,68.97,Sumatera Barat
Padang Pariaman,2022,69.34,Sumatera Barat
Padang Pariaman,2023,69.7,Sumatera Barat
Padang Pariaman,2024,70.1,Sumatera Barat
Pasaman,2013,65.73,Sumatera Barat
Pasaman,2014,65.76,Sumatera Barat
Pasaman,2015,66.26,Sumatera Barat
Pasaman,2016,66.4,Sumatera Barat
Pasaman,2017,66.54,Sumatera Barat
Pasaman,2018,66.82,Sumatera Barat
Pasaman,2019,67.18,Sumatera Barat
Pasaman,2020,67.4,Sumatera Barat
Pasaman,2021,67.59,Sumatera Barat
Pasaman,2022,67.96,Sumatera Barat
Pasaman,2023,68.29,Sumatera Barat
Pasaman,2024,68.61,Sumatera Barat
Pasaman Barat,2013,66.9,Sumatera Barat
Pasaman Barat,2014,66.93,Sumatera Barat
Pasaman Barat,2015,67.03,Sumatera Barat
Pasaman Barat,2016,67.09,Sumatera Barat
Pasaman Barat,2017,67.15,Sumatera Barat
Pasaman Barat,2018,67.37,Sumatera Barat
Pasaman Barat,2019,67.67,Sumatera Barat
Pasaman Barat,2020,67.82,Sumatera Barat
Pasaman Barat,2021,67.94,Sumatera Barat
Pasaman Barat,2022,68.25,Sumatera Barat
Pasaman Barat,2023,68.53,Sumatera Barat
Pasaman Barat,2024,68.81,Sumatera Barat
Pesisir Selatan,2013,69.43,Sumatera Barat
Pesisir Selatan,2014,69.46,Sumatera Barat
Pesisir Selatan,2015,69.96,Sumatera Barat
Pesisir Selatan,2016,70.11,Sumatera Barat
Pesisir Selatan,2017,70.25,Sumatera Barat
Pesisir Selatan,2018,70.45,Sumatera Barat
Pesisir Selatan,2019,70.73,Sumatera Barat
Pesisir Selatan,2020,70.86,Sumatera Barat
Pesisir Selatan,2021,70.96,Sumatera Barat
Pesisir Selatan,2022,71.25,Sumatera Barat
Pesisir Selatan,2023,71.52,Sumatera Barat
Pesisir Selatan,2024,71.59,Sumatera Barat
Sijunjung,2013,64.72,Sumatera Barat
Sijunjung,2014,64.72,Sumatera Barat
Sijunjung,2015,65.22,Sumatera Barat
Sijunjung,2016,65.33,Sumatera Barat
Sijunjung,2017,65.44,Sumatera Barat
Sijunjung,2018,65.69,Sumatera Barat
Sijunjung,2019,66.02,Sumatera Barat
Sijunjung,2020,66.21,Sumatera Barat
Sijunjung,2021,66.36,Sumatera Barat
Sijunjung,2022,66.7,Sumatera Barat
Sijunjung,2023,67.02,Sumatera Barat
Sijunjung,2024,67.32,Sumatera Barat
Solok,2013,66.9,Sumatera Barat
Solok,2014,66.95,Sumatera Barat
Solok,2015,67.35,Sumatera Barat
Solok,2016,67.5,Sumatera Barat
Solok,2017,67.65,Sumatera Barat
Solok,2018,67.95,Sumatera Barat
Solok,2019,68.34,Sumatera Barat
Solok,2020,68.58,Sumatera Barat
Solok,2021,68.79,Sumatera Barat
Solok,2022,69.19,Sumatera Barat
Solok,2023,69.56,Sumatera Barat
Solok,2024,69.8,Sumatera Barat
Solok Selatan,2013,66.02,Sumatera Barat
Solok Selatan,2014,66.04,Sumatera Barat
Solok Selatan,2015,66.64,Sumatera Barat
Solok Selatan,2016,66.78,Sumatera Barat
Solok Selatan,2017,66.92,Sumatera Barat
Solok Selatan,2018,67.21,Sumatera Barat
Solok Selatan,2019,67.58,Sumatera Barat
Solok Selatan,2020,67.81,Sumatera Barat
Solok Selatan,2021,68.01,Sumatera Barat
Solok Selatan,2022,68.38,Sumatera Barat
Solok Selatan,2023,68.71,Sumatera Barat
Solok Selatan,2024,68.99,Sumatera Barat
Tanah Datar,2013,68.28,Sumatera Barat
Tanah Datar,2014,68.35,Sumatera Barat
Tanah Datar,2015,68.75,Sumatera Barat
Tanah Datar,2016,68.93,Sumatera Barat
Tanah Datar,2017,69.11,Sumatera Barat
Tanah Datar,2018,69.38,Sumatera Barat
Tanah Datar,2019,69.73,Sumatera Barat
Tanah Datar,2020,69.94,Sumatera Barat
Tanah Datar,2021,70.12,Sumatera Barat
Tanah Datar,2022,70.49,Sumatera Barat
Tanah Datar,2023,70.84,Sumatera Barat
Tanah Datar,2024,70.96,Sumatera Barat
Banyuasin,2013,68.21,Sumatera Selatan
Banyuasin,2014,68.21,Sumatera Selatan
Banyuasin,2015,68.31,Sumatera Selatan
Banyuasin,2016,68.33,Sumatera Selatan
Banyuasin,2017,68.36,Sumatera Selatan
Banyuasin,2018,68.55,Sumatera Selatan
Banyuasin,2019,68.76,Sumatera Selatan
Banyuasin,2020,68.97,Sumatera Selatan
Banyuasin,2021,69.06,Sumatera Selatan
Banyuasin,2022,69.43,Sumatera Selatan
Banyuasin,2023,69.76,Sumatera Selatan
Banyuasin,2024,69.96,Sumatera Selatan
Empat Lawang,2013,63.97,Sumatera Selatan
Empat Lawang,2014,63.98,Sumatera Selatan
Empat Lawang,2015,64.18,Sumatera Selatan
Empat Lawang,2016,64.25,Sumatera Selatan
Empat Lawang,2017,64.32,Sumatera Selatan
Empat Lawang,2018,64.56,Sumatera Selatan
Empat Lawang,2019,64.81,Sumatera Selatan
Empat Lawang,2020,65.08,Sumatera Selatan
Empat Lawang,2021,65.13,Sumatera Selatan
Empat Lawang,2022,65.45,Sumatera Selatan
Empat Lawang,2023,65.73,Sumatera Selatan
Empat Lawang,2024,65.87,Sumatera Selatan
Kota Lubuk Linggau,2013,68.48,Sumatera Selatan
Kota Lubuk Linggau,2014,68.49,Sumatera Selatan
Kota Lubuk Linggau,2015,68.59,Sumatera Selatan
Kota Lubuk Linggau,2016,68.61,Sumatera Selatan
Kota Lubuk Linggau,2017,68.64,Sumatera Selatan
Kota Lubuk Linggau,2018,68.83,Sumatera Selatan
Kota Lubuk Linggau,2019,69.04,Sumatera Selatan
Kota Lubuk Linggau,2020,69.25,Sumatera Selatan
Kota Lubuk Linggau,2021,69.39,Sumatera Selatan
Kota Lubuk Linggau,2022,69.82,Sumatera Selatan
Kota Lubuk Linggau,2023,70.25,Sumatera Selatan
Kota Lubuk Linggau,2024,70.59,Sumatera Selatan
Kota Pagar Alam,2013,65.47,Sumatera Selatan
Kota Pagar Alam,2014,65.5,Sumatera Selatan
Kota Pagar Alam,2015,65.7,Sumatera Selatan
Kota Pagar Alam,2016,65.78,Sumatera Selatan
Kota Pagar Alam,2017,65.87,Sumatera Selatan
Kota Pagar Alam,2018,66.14,Sumatera Selatan
Kota Pagar Alam,2019,66.41,Sumatera Selatan
Kota Pagar Alam,2020,66.71,Sumatera Selatan
Kota Pagar Alam,2021,66.85,Sumatera Selatan
Kota Pagar Alam,2022,67.29,Sumatera Selatan
Kota Pagar Alam,2023,67.7,Sumatera Selatan
Kota Pagar Alam,2024,67.98,Sumatera Selatan
Kota Palembang,2013,69.8,Sumatera Selatan
Kota Palembang,2014,69.8,Sumatera Selatan
Kota Palembang,2015,70,Sumatera Selatan
Kota Palembang,2016,70.05,Sumatera Selatan
Kota Palembang,2017,70.1,Sumatera Selatan
Kota Palembang,2018,70.32,Sumatera Selatan
Kota Palembang,2019,70.54,Sumatera Selatan
Kota Palembang,2020,70.79,Sumatera Selatan
Kota Palembang,2021,71.01,Sumatera Selatan
Kota Palembang,2022,71.49,Sumatera Selatan
Kota Palembang,2023,71.99,Sumatera Selatan
Kota Palembang,2024,72.35,Sumatera Selatan
Kota Prabumulih,2013,69.39,Sumatera Selatan
Kota Prabumulih,2014,69.39,Sumatera Selatan
Kota Prabumulih,2015,69.59,Sumatera Selatan
Kota Prabumulih,2016,69.63,Sumatera Selatan
Kota Prabumulih,2017,69.67,Sumatera Selatan
Kota Prabumulih,2018,69.88,Sumatera Selatan
Kota Prabumulih,2019,70.09,Sumatera Selatan
Kota Prabumulih,2020,70.32,Sumatera Selatan
Kota Prabumulih,2021,70.47,Sumatera Selatan
Kota Prabumulih,2022,70.87,Sumatera Selatan
Kota Prabumulih,2023,71.27,Sumatera Selatan
Kota Prabumulih,2024,71.59,Sumatera Selatan
Lahat,2013,64.14,Sumatera Selatan
Lahat,2014,64.17,Sumatera Selatan
Lahat,2015,64.87,Sumatera Selatan
Lahat,2016,65.06,Sumatera Selatan
Lahat,2017,65.25,Sumatera Selatan
Lahat,2018,65.5,Sumatera Selatan
Lahat,2019,65.76,Sumatera Selatan
Lahat,2020,66.04,Sumatera Selatan
Lahat,2021,66.16,Sumatera Selatan
Lahat,2022,66.52,Sumatera Selatan
Lahat,2023,66.87,Sumatera Selatan
Lahat,2024,67.11,Sumatera Selatan
Muara Enim,2013,67.7,Sumatera Selatan
Muara Enim,2014,67.7,Sumatera Selatan
Muara Enim,2015,68,Sumatera Selatan
Muara Enim,2016,68.07,Sumatera Selatan
Muara Enim,2017,68.14,Sumatera Selatan
Muara Enim,2018,68.38,Sumatera Selatan
Muara Enim,2019,68.63,Sumatera Selatan
Muara Enim,2020,68.9,Sumatera Selatan
Muara Enim,2021,69.02,Sumatera Selatan
Muara Enim,2022,69.38,Sumatera Selatan
Muara Enim,2023,69.72,Sumatera Selatan
Muara Enim,2024,69.93,Sumatera Selatan
Musi Banyuasin,2013,67.99,Sumatera Selatan
Musi Banyuasin,2014,67.99,Sumatera Selatan
Musi Banyuasin,2015,68.09,Sumatera Selatan
Musi Banyuasin,2016,68.11,Sumatera Selatan
Musi Banyuasin,2017,68.14,Sumatera Selatan
Musi Banyuasin,2018,68.33,Sumatera Selatan
Musi Banyuasin,2019,68.54,Sumatera Selatan
Musi Banyuasin,2020,68.75,Sumatera Selatan
Musi Banyuasin,2021,68.84,Sumatera Selatan
Musi Banyuasin,2022,69.19,Sumatera Selatan
Musi Banyuasin,2023,69.51,Sumatera Selatan
Musi Banyuasin,2024,69.72,Sumatera Selatan
Musi Rawas,2013,66.87,Sumatera Selatan
Musi Rawas,2014,66.88,Sumatera Selatan
Musi Rawas,2015,67.18,Sumatera Selatan
Musi Rawas,2016,67.26,Sumatera Selatan
Musi Rawas,2017,67.34,Sumatera Selatan
Musi Rawas,2018,67.59,Sumatera Selatan
Musi Rawas,2019,67.86,Sumatera Selatan
Musi Rawas,2020,68.14,Sumatera Selatan
Musi Rawas,2021,68.26,Sumatera Selatan
Musi Rawas,2022,68.62,Sumatera Selatan
Musi Rawas,2023,68.95,Sumatera Selatan
Musi Rawas,2024,69.15,Sumatera Selatan
Musi Rawas Utara,2013,64.69,Sumatera Selatan
Musi Rawas Utara,2014,64.69,Sumatera Selatan
Musi Rawas Utara,2015,64.89,Sumatera Selatan
Musi Rawas Utara,2016,64.94,Sumatera Selatan
Musi Rawas Utara,2017,64.99,Sumatera Selatan
Musi Rawas Utara,2018,65.21,Sumatera Selatan
Musi Rawas Utara,2019,65.43,Sumatera Selatan
Musi Rawas Utara,2020,65.68,Sumatera Selatan
Musi Rawas Utara,2021,65.76,Sumatera Selatan
Musi Rawas Utara,2022,66.08,Sumatera Selatan
Musi Rawas Utara,2023,66.37,Sumatera Selatan
Musi Rawas Utara,2024,66.56,Sumatera Selatan
Ogan Ilir,2013,64.36,Sumatera Selatan
Ogan Ilir,2014,64.38,Sumatera Selatan
Ogan Ilir,2015,64.58,Sumatera Selatan
Ogan Ilir,2016,64.65,Sumatera Selatan
Ogan Ilir,2017,64.72,Sumatera Selatan
Ogan Ilir,2018,64.96,Sumatera Selatan
Ogan Ilir,2019,65.21,Sumatera Selatan
Ogan Ilir,2020,65.48,Sumatera Selatan
Ogan Ilir,2021,65.6,Sumatera Selatan
Ogan Ilir,2022,65.98,Sumatera Selatan
Ogan Ilir,2023,66.33,Sumatera Selatan
Ogan Ilir,2024,66.54,Sumatera Selatan
Ogan Komering Ilir,2013,67.99,Sumatera Selatan
Ogan Komering Ilir,2014,67.99,Sumatera Selatan
Ogan Komering Ilir,2015,68.01,Sumatera Selatan
Ogan Komering Ilir,2016,68.02,Sumatera Selatan
Ogan Komering Ilir,2017,68.04,Sumatera Selatan
Ogan Komering Ilir,2018,68.22,Sumatera Selatan
Ogan Komering Ilir,2019,68.41,Sumatera Selatan
Ogan Komering Ilir,2020,68.61,Sumatera Selatan
Ogan Komering Ilir,2021,68.67,Sumatera Selatan
Ogan Komering Ilir,2022,69.01,Sumatera Selatan
Ogan Komering Ilir,2023,69.31,Sumatera Selatan
Ogan Komering Ilir,2024,69.48,Sumatera Selatan
Ogan Komering Ulu,2013,67.6,Sumatera Selatan
Ogan Komering Ulu,2014,67.6,Sumatera Selatan
Ogan Komering Ulu,2015,67.63,Sumatera Selatan
Ogan Komering Ulu,2016,67.65,Sumatera Selatan
Ogan Komering Ulu,2017,67.66,Sumatera Selatan
Ogan Komering Ulu,2018,67.83,Sumatera Selatan
Ogan Komering Ulu,2019,68.01,Sumatera Selatan
Ogan Komering Ulu,2020,68.2,Sumatera Selatan
Ogan Komering Ulu,2021,68.24,Sumatera Selatan
Ogan Komering Ulu,2022,68.55,Sumatera Selatan
Ogan Komering Ulu,2023,68.85,Sumatera Selatan
Ogan Komering Ulu,2024,69.02,Sumatera Selatan
Ogan Komering Ulu Selatan,2013,65.77,Sumatera Selatan
Ogan Komering Ulu Selatan,2014,65.78,Sumatera Selatan
Ogan Komering Ulu Selatan,2015,66.08,Sumatera Selatan
Ogan Komering Ulu Selatan,2016,66.16,Sumatera Selatan
Ogan Komering Ulu Selatan,2017,66.24,Sumatera Selatan
Ogan Komering Ulu Selatan,2018,66.49,Sumatera Selatan
Ogan Komering Ulu Selatan,2019,66.76,Sumatera Selatan
Ogan Komering Ulu Selatan,2020,67.04,Sumatera Selatan
Ogan Komering Ulu Selatan,2021,67.07,Sumatera Selatan
Ogan Komering Ulu Selatan,2022,67.36,Sumatera Selatan
Ogan Komering Ulu Selatan,2023,67.88,Sumatera Selatan
Ogan Komering Ulu Selatan,2024,68.25,Sumatera Selatan
Ogan Komering Ulu Timur,2013,67.78,Sumatera Selatan
Ogan Komering Ulu Timur,2014,67.79,Sumatera Selatan
Ogan Komering Ulu Timur,2015,68.19,Sumatera Selatan
Ogan Komering Ulu Timur,2016,68.31,Sumatera Selatan
Ogan Komering Ulu Timur,2017,68.44,Sumatera Selatan
Ogan Komering Ulu Timur,2018,68.65,Sumatera Selatan
Ogan Komering Ulu Timur,2019,68.87,Sumatera Selatan
Ogan Komering Ulu Timur,2020,69.1,Sumatera Selatan
Ogan Komering Ulu Timur,2021,69.17,Sumatera Selatan
Ogan Komering Ulu Timur,2022,69.48,Sumatera Selatan
Ogan Komering Ulu Timur,2023,69.78,Sumatera Selatan
Ogan Komering Ulu Timur,2024,70,Sumatera Selatan
Penukal Abab Lematang Ilir,2013,67.55,Sumatera Selatan
Penukal Abab Lematang Ilir,2014,67.55,Sumatera Selatan
Penukal Abab Lematang Ilir,2015,67.65,Sumatera Selatan
Penukal Abab Lematang Ilir,2016,67.68,Sumatera Selatan
Penukal Abab Lematang Ilir,2017,67.7,Sumatera Selatan
Penukal Abab Lematang Ilir,2018,67.88,Sumatera Selatan
Penukal Abab Lematang Ilir,2019,68.07,Sumatera Selatan
Penukal Abab Lematang Ilir,2020,68.27,Sumatera Selatan
Penukal Abab Lematang Ilir,2021,68.33,Sumatera Selatan
Penukal Abab Lematang Ilir,2022,68.65,Sumatera Selatan
Penukal Abab Lematang Ilir,2023,68.96,Sumatera Selatan
Penukal Abab Lematang Ilir,2024,69.17,Sumatera Selatan
Asahan,2013,67.17,Sumatera Utara
Asahan,2014,67.27,Sumatera Utara
Asahan,2015,67.37,Sumatera Utara
Asahan,2016,67.47,Sumatera Utara
Asahan,2017,67.57,Sumatera Utara
Asahan,2018,67.79,Sumatera Utara
Asahan,2019,68.11,Sumatera Utara
Asahan,2020,68.26,Sumatera Utara
Asahan,2021,68.37,Sumatera Utara
Asahan,2022,68.73,Sumatera Utara
Asahan,2023,69.09,Sumatera Utara
Asahan,2024,69.27,Sumatera Utara
Batu Bara,2013,65.4,Sumatera Utara
Batu Bara,2014,65.5,Sumatera Utara
Batu Bara,2015,65.8,Sumatera Utara
Batu Bara,2016,65.95,Sumatera Utara
Batu Bara,2017,66.1,Sumatera Utara
Batu Bara,2018,66.38,Sumatera Utara
Batu Bara,2019,66.75,Sumatera Utara
Batu Bara,2020,66.96,Sumatera Utara
Batu Bara,2021,67.13,Sumatera Utara
Batu Bara,2022,67.55,Sumatera Utara
Batu Bara,2023,67.88,Sumatera Utara
Batu Bara,2024,68.11,Sumatera Utara
Dairi,2013,67.38,Sumatera Utara
Dairi,2014,67.48,Sumatera Utara
Dairi,2015,67.78,Sumatera Utara
Dairi,2016,67.95,Sumatera Utara
Dairi,2017,68.13,Sumatera Utara
Dairi,2018,68.41,Sumatera Utara
Dairi,2019,68.79,Sumatera Utara
Dairi,2020,69,Sumatera Utara
Dairi,2021,69.19,Sumatera Utara
Dairi,2022,69.64,Sumatera Utara
Dairi,2023,70.11,Sumatera Utara
Dairi,2024,70.27,Sumatera Utara
Deli Serdang,2013,70.78,Sumatera Utara
Deli Serdang,2014,70.8,Sumatera Utara
Deli Serdang,2015,71,Sumatera Utara
Deli Serdang,2016,71.06,Sumatera Utara
Deli Serdang,2017,71.11,Sumatera Utara
Deli Serdang,2018,71.31,Sumatera Utara
Deli Serdang,2019,71.61,Sumatera Utara
Deli Serdang,2020,71.73,Sumatera Utara
Deli Serdang,2021,71.77,Sumatera Utara
Deli Serdang,2022,72.07,Sumatera Utara
Deli Serdang,2023,72.31,Sumatera Utara
Deli Serdang,2024,72.48,Sumatera Utara
Humbang Hasundutan,2013,67.7,Sumatera Utara
Humbang Hasundutan,2014,67.8,Sumatera Utara
Humbang Hasundutan,2015,68.1,Sumatera Utara
Humbang Hasundutan,2016,68.26,Sumatera Utara
Humbang Hasundutan,2017,68.41,Sumatera Utara
Humbang Hasundutan,2018,68.69,Sumatera Utara
Humbang Hasundutan,2019,69.06,Sumatera Utara
Humbang Hasundutan,2020,69.27,Sumatera Utara
Humbang Hasundutan,2021,69.51,Sumatera Utara
Humbang Hasundutan,2022,70.02,Sumatera Utara
Humbang Hasundutan,2023,70.27,Sumatera Utara
Humbang Hasundutan,2024,70.49,Sumatera Utara
Karo,2013,70.38,Sumatera Utara
Karo,2014,70.42,Sumatera Utara
Karo,2015,70.62,Sumatera Utara
Karo,2016,70.69,Sumatera Utara
Karo,2017,70.77,Sumatera Utara
Karo,2018,70.97,Sumatera Utara
Karo,2019,71.27,Sumatera Utara
Karo,2020,71.4,Sumatera Utara
Karo,2021,71.58,Sumatera Utara
Karo,2022,72.03,Sumatera Utara
Karo,2023,72.28,Sumatera Utara
Karo,2024,72.44,Sumatera Utara
Kota Binjai,2013,71.34,Sumatera Utara
Kota Binjai,2014,71.39,Sumatera Utara
Kota Binjai,2015,71.59,Sumatera Utara
Kota Binjai,2016,71.67,Sumatera Utara
Kota Binjai,2017,71.75,Sumatera Utara
Kota Binjai,2018,71.95,Sumatera Utara
Kota Binjai,2019,72.25,Sumatera Utara
Kota Binjai,2020,72.38,Sumatera Utara
Kota Binjai,2021,72.45,Sumatera Utara
Kota Binjai,2022,72.79,Sumatera Utara
Kota Binjai,2023,73.13,Sumatera Utara
Kota Binjai,2024,73.28,Sumatera Utara
Kota Gunungsitoli,2013,70.13,Sumatera Utara
Kota Gunungsitoli,2014,70.19,Sumatera Utara
Kota Gunungsitoli,2015,70.29,Sumatera Utara
Kota Gunungsitoli,2016,70.36,Sumatera Utara
Kota Gunungsitoli,2017,70.42,Sumatera Utara
Kota Gunungsitoli,2018,70.67,Sumatera Utara
Kota Gunungsitoli,2019,71.02,Sumatera Utara
Kota Gunungsitoli,2020,71.19,Sumatera Utara
Kota Gunungsitoli,2021,71.32,Sumatera Utara
Kota Gunungsitoli,2022,71.71,Sumatera Utara
Kota Gunungsitoli,2023,72.09,Sumatera Utara
Kota Gunungsitoli,2024,72.25,Sumatera Utara
Kota Medan,2013,72.13,Sumatera Utara
Kota Medan,2014,72.18,Sumatera Utara
Kota Medan,2015,72.28,Sumatera Utara
Kota Medan,2016,72.34,Sumatera Utara
Kota Medan,2017,72.4,Sumatera Utara
Kota Medan,2018,72.64,Sumatera Utara
Kota Medan,2019,72.98,Sumatera Utara
Kota Medan,2020,73.14,Sumatera Utara
Kota Medan,2021,73.23,Sumatera Utara
Kota Medan,2022,73.58,Sumatera Utara
Kota Medan,2023,73.93,Sumatera Utara
Kota Medan,2024,74.16,Sumatera Utara
Kota Padangsidimpuan,2013,68.22,Sumatera Utara
Kota Padangsidimpuan,2014,68.27,Sumatera Utara
Kota Padangsidimpuan,2015,68.32,Sumatera Utara
Kota Padangsidimpuan,2016,68.37,Sumatera Utara
Kota Padangsidimpuan,2017,68.41,Sumatera Utara
Kota Padangsidimpuan,2018,68.73,Sumatera Utara
Kota Padangsidimpuan,2019,69.15,Sumatera Utara
Kota Padangsidimpuan,2020,69.41,Sumatera Utara
Kota Padangsidimpuan,2021,69.5,Sumatera Utara
Kota Padangsidimpuan,2022,69.84,Sumatera Utara
Kota Padangsidimpuan,2023,70.2,Sumatera Utara
Kota Padangsidimpuan,2024,70.43,Sumatera Utara
Kota Pematangsiantar,2013,71.59,Sumatera Utara
Kota Pematangsiantar,2014,71.69,Sumatera Utara
Kota Pematangsiantar,2015,72.29,Sumatera Utara
Kota Pematangsiantar,2016,72.46,Sumatera Utara
Kota Pematangsiantar,2017,72.63,Sumatera Utara
Kota Pematangsiantar,2018,72.93,Sumatera Utara
Kota Pematangsiantar,2019,73.33,Sumatera Utara
Kota Pematangsiantar,2020,73.55,Sumatera Utara
Kota Pematangsiantar,2021,73.77,Sumatera Utara
Kota Pematangsiantar,2022,74.25,Sumatera Utara
Kota Pematangsiantar,2023,74.75,Sumatera Utara
Kota Pematangsiantar,2024,75.05,Sumatera Utara
Kota Sibolga,2013,67.3,Sumatera Utara
Kota Sibolga,2014,67.4,Sumatera Utara
Kota Sibolga,2015,67.7,Sumatera Utara
Kota Sibolga,2016,67.87,Sumatera Utara
Kota Sibolga,2017,68.05,Sumatera Utara
Kota Sibolga,2018,68.36,Sumatera Utara
Kota Sibolga,2019,68.77,Sumatera Utara
Kota Sibolga,2020,69.01,Sumatera Utara
Kota Sibolga,2021,69.25,Sumatera Utara
Kota Sibolga,2022,69.77,Sumatera Utara
Kota Sibolga,2023,70.18,Sumatera Utara
Kota Sibolga,2024,70.38,Sumatera Utara
Kota Tanjung Balai,2013,61.3,Sumatera Utara
Kota Tanjung Balai,2014,61.4,Sumatera Utara
Kota Tanjung Balai,2015,61.9,Sumatera Utara
Kota Tanjung Balai,2016,62.09,Sumatera Utara
Kota Tanjung Balai,2017,62.28,Sumatera Utara
Kota Tanjung Balai,2018,62.6,Sumatera Utara
Kota Tanjung Balai,2019,63.02,Sumatera Utara
Kota Tanjung Balai,2020,63.27,Sumatera Utara
Kota Tanjung Balai,2021,63.44,Sumatera Utara
Kota Tanjung Balai,2022,63.87,Sumatera Utara
Kota Tanjung Balai,2023,64.28,Sumatera Utara
Kota Tanjung Balai,2024,64.44,Sumatera Utara
Kota Tebing Tinggi,2013,69.94,Sumatera Utara
Kota Tebing Tinggi,2014,70.04,Sumatera Utara
Kota Tebing Tinggi,2015,70.14,Sumatera Utara
Kota Tebing Tinggi,2016,70.21,Sumatera Utara
Kota Tebing Tinggi,2017,70.28,Sumatera Utara
Kota Tebing Tinggi,2018,70.47,Sumatera Utara
Kota Tebing Tinggi,2019,70.76,Sumatera Utara
Kota Tebing Tinggi,2020,70.87,Sumatera Utara
Kota Tebing Tinggi,2021,70.95,Sumatera Utara
Kota Tebing Tinggi,2022,71.29,Sumatera Utara
Kota Tebing Tinggi,2023,71.63,Sumatera Utara
Kota Tebing Tinggi,2024,71.78,Sumatera Utara
Labuhanbatu,2013,69.24,Sumatera Utara
Labuhanbatu,2014,69.26,Sumatera Utara
Labuhanbatu,2015,69.36,Sumatera Utara
Labuhanbatu,2016,69.4,Sumatera Utara
Labuhanbatu,2017,69.44,Sumatera Utara
Labuhanbatu,2018,69.6,Sumatera Utara
Labuhanbatu,2019,69.86,Sumatera Utara
Labuhanbatu,2020,69.93,Sumatera Utara
Labuhanbatu,2021,69.95,Sumatera Utara
Labuhanbatu,2022,70.37,Sumatera Utara
Labuhanbatu,2023,70.77,Sumatera Utara
Labuhanbatu,2024,70.99,Sumatera Utara
Labuhanbatu Selatan,2013,68.03,Sumatera Utara
Labuhanbatu Selatan,2014,68.06,Sumatera Utara
Labuhanbatu Selatan,2015,68.09,Sumatera Utara
Labuhanbatu Selatan,2016,68.11,Sumatera Utara
Labuhanbatu Selatan,2017,68.14,Sumatera Utara
Labuhanbatu Selatan,2018,68.39,Sumatera Utara
Labuhanbatu Selatan,2019,68.64,Sumatera Utara
Labuhanbatu Selatan,2020,68.71,Sumatera Utara
Labuhanbatu Selatan,2021,68.81,Sumatera Utara
Labuhanbatu Selatan,2022,69.16,Sumatera Utara
Labuhanbatu Selatan,2023,69.54,Sumatera Utara
Labuhanbatu Selatan,2024,69.73,Sumatera Utara
Labuhanbatu Utara,2013,68.4,Sumatera Utara
Labuhanbatu Utara,2014,68.5,Sumatera Utara
Labuhanbatu Utara,2015,68.7,Sumatera Utara
Labuhanbatu Utara,2016,68.8,Sumatera Utara
Labuhanbatu Utara,2017,68.91,Sumatera Utara
Labuhanbatu Utara,2018,69.09,Sumatera Utara
Labuhanbatu Utara,2019,69.37,Sumatera Utara
Labuhanbatu Utara,2020,69.46,Sumatera Utara
Labuhanbatu Utara,2021,69.56,Sumatera Utara
Labuhanbatu Utara,2022,69.91,Sumatera Utara
Labuhanbatu Utara,2023,70.25,Sumatera Utara
Labuhanbatu Utara,2024,70.47,Sumatera Utara
Langkat,2013,67.23,Sumatera Utara
Langkat,2014,67.33,Sumatera Utara
Langkat,2015,67.63,Sumatera Utara
Langkat,2016,67.79,Sumatera Utara
Langkat,2017,67.94,Sumatera Utara
Langkat,2018,68.22,Sumatera Utara
Langkat,2019,68.59,Sumatera Utara
Langkat,2020,68.8,Sumatera Utara
Langkat,2021,68.97,Sumatera Utara
Langkat,2022,69.39,Sumatera Utara
Langkat,2023,69.64,Sumatera Utara
Langkat,2024,69.9,Sumatera Utara
Mandailing Natal,2013,61.08,Sumatera Utara
Mandailing Natal,2014,61.18,Sumatera Utara
Mandailing Natal,2015,61.58,Sumatera Utara
Mandailing Natal,2016,61.77,Sumatera Utara
Mandailing Natal,2017,61.97,Sumatera Utara
Mandailing Natal,2018,62.24,Sumatera Utara
Mandailing Natal,2019,62.51,Sumatera Utara
Mandailing Natal,2020,62.6,Sumatera Utara
Mandailing Natal,2021,62.65,Sumatera Utara
Mandailing Natal,2022,63.05,Sumatera Utara
Mandailing Natal,2023,63.47,Sumatera Utara
Mandailing Natal,2024,63.65,Sumatera Utara
Nias,2013,68.77,Sumatera Utara
Nias,2014,68.87,Sumatera Utara
Nias,2015,68.97,Sumatera Utara
Nias,2016,69.07,Sumatera Utara
Nias,2017,69.18,Sumatera Utara
Nias,2018,69.43,Sumatera Utara
Nias,2019,69.68,Sumatera Utara
Nias,2020,69.75,Sumatera Utara
Nias,2021,69.78,Sumatera Utara
Nias,2022,70.06,Sumatera Utara
Nias,2023,70.34,Sumatera Utara
Nias,2024,70.52,Sumatera Utara
Nias Barat,2013,67.54,Sumatera Utara
Nias Barat,2014,67.64,Sumatera Utara
Nias Barat,2015,67.94,Sumatera Utara
Nias Barat,2016,68.1,Sumatera Utara
Nias Barat,2017,68.28,Sumatera Utara
Nias Barat,2018,68.5,Sumatera Utara
Nias Barat,2019,68.82,Sumatera Utara
Nias Barat,2020,68.96,Sumatera Utara
Nias Barat,2021,69.08,Sumatera Utara
Nias Barat,2022,69.43,Sumatera Utara
Nias Barat,2023,69.96,Sumatera Utara
Nias Barat,2024,70.2,Sumatera Utara
Nias Selatan,2013,67.06,Sumatera Utara
Nias Selatan,2014,67.16,Sumatera Utara
Nias Selatan,2015,67.66,Sumatera Utara
Nias Selatan,2016,67.83,Sumatera Utara
Nias Selatan,2017,68,Sumatera Utara
Nias Selatan,2018,68.24,Sumatera Utara
Nias Selatan,2019,68.58,Sumatera Utara
Nias Selatan,2020,68.74,Sumatera Utara
Nias Selatan,2021,68.86,Sumatera Utara
Nias Selatan,2022,69.21,Sumatera Utara
Nias Selatan,2023,69.58,Sumatera Utara
Nias Selatan,2024,69.8,Sumatera Utara
Nias Utara,2013,68.39,Sumatera Utara
Nias Utara,2014,68.49,Sumatera Utara
Nias Utara,2015,68.59,Sumatera Utara
Nias Utara,2016,68.68,Sumatera Utara
Nias Utara,2017,68.77,Sumatera Utara
Nias Utara,2018,68.98,Sumatera Utara
Nias Utara,2019,69.29,Sumatera Utara
Nias Utara,2020,69.43,Sumatera Utara
Nias Utara,2021,69.55,Sumatera Utara
Nias Utara,2022,69.9,Sumatera Utara
Nias Utara,2023,70.24,Sumatera Utara
Nias Utara,2024,70.44,Sumatera Utara
Padang Lawas,2013,65.97,Sumatera Utara
Padang Lawas,2014,66.01,Sumatera Utara
Padang Lawas,2015,66.31,Sumatera Utara
Padang Lawas,2016,66.4,Sumatera Utara
Padang Lawas,2017,66.5,Sumatera Utara
Padang Lawas,2018,66.69,Sumatera Utara
Padang Lawas,2019,66.98,Sumatera Utara
Padang Lawas,2020,67.09,Sumatera Utara
Padang Lawas,2021,67.13,Sumatera Utara
Padang Lawas,2022,67.43,Sumatera Utara
Padang Lawas,2023,67.71,Sumatera Utara
Padang Lawas,2024,67.87,Sumatera Utara
Padang Lawas Utara,2013,66.38,Sumatera Utara
Padang Lawas Utara,2014,66.4,Sumatera Utara
Padang Lawas Utara,2015,66.5,Sumatera Utara
Padang Lawas Utara,2016,66.54,Sumatera Utara
Padang Lawas Utara,2017,66.58,Sumatera Utara
Padang Lawas Utara,2018,66.77,Sumatera Utara
Padang Lawas Utara,2019,67.06,Sumatera Utara
Padang Lawas Utara,2020,67.17,Sumatera Utara
Padang Lawas Utara,2021,67.22,Sumatera Utara
Padang Lawas Utara,2022,67.53,Sumatera Utara
Padang Lawas Utara,2023,67.82,Sumatera Utara
Padang Lawas Utara,2024,67.99,Sumatera Utara
Pakpak Bharat,2013,64.42,Sumatera Utara
Pakpak Bharat,2014,64.45,Sumatera Utara
Pakpak Bharat,2015,64.85,Sumatera Utara
Pakpak Bharat,2016,64.95,Sumatera Utara
Pakpak Bharat,2017,65.05,Sumatera Utara
Pakpak Bharat,2018,65.27,Sumatera Utara
Pakpak Bharat,2019,65.59,Sumatera Utara
Pakpak Bharat,2020,65.74,Sumatera Utara
Pakpak Bharat,2021,65.96,Sumatera Utara
Pakpak Bharat,2022,66.44,Sumatera Utara
Pakpak Bharat,2023,66.89,Sumatera Utara
Pakpak Bharat,2024,67.24,Sumatera Utara
Samosir,2013,69.56,Sumatera Utara
Samosir,2014,69.66,Sumatera Utara
Samosir,2015,70.26,Sumatera Utara
Samosir,2016,70.47,Sumatera Utara
Samosir,2017,70.68,Sumatera Utara
Samosir,2018,70.87,Sumatera Utara
Samosir,2019,71.16,Sumatera Utara
Samosir,2020,71.27,Sumatera Utara
Samosir,2021,71.41,Sumatera Utara
Samosir,2022,71.82,Sumatera Utara
Samosir,2023,72.24,Sumatera Utara
Samosir,2024,72.41,Sumatera Utara
Serdang Bedagai,2013,67.17,Sumatera Utara
Serdang Bedagai,2014,67.27,Sumatera Utara
Serdang Bedagai,2015,67.47,Sumatera Utara
Serdang Bedagai,2016,67.63,Sumatera Utara
Serdang Bedagai,2017,67.79,Sumatera Utara
Serdang Bedagai,2018,68.08,Sumatera Utara
Serdang Bedagai,2019,68.46,Sumatera Utara
Serdang Bedagai,2020,68.68,Sumatera Utara
Serdang Bedagai,2021,68.82,Sumatera Utara
Serdang Bedagai,2022,69.21,Sumatera Utara
Serdang Bedagai,2023,69.59,Sumatera Utara
Serdang Bedagai,2024,69.83,Sumatera Utara
Simalungun,2013,70.14,Sumatera Utara
Simalungun,2014,70.24,Sumatera Utara
Simalungun,2015,70.34,Sumatera Utara
Simalungun,2016,70.43,Sumatera Utara
Simalungun,2017,70.53,Sumatera Utara
Simalungun,2018,70.75,Sumatera Utara
Simalungun,2019,71.07,Sumatera Utara
Simalungun,2020,71.22,Sumatera Utara
Simalungun,2021,71.37,Sumatera Utara
Simalungun,2022,71.78,Sumatera Utara
Simalungun,2023,72.2,Sumatera Utara
Simalungun,2024,72.38,Sumatera Utara
Tapanuli Selatan,2013,63.04,Sumatera Utara
Tapanuli Selatan,2014,63.14,Sumatera Utara
Tapanuli Selatan,2015,63.74,Sumatera Utara
Tapanuli Selatan,2016,64.01,Sumatera Utara
Tapanuli Selatan,2017,64.28,Sumatera Utara
Tapanuli Selatan,2018,64.55,Sumatera Utara
Tapanuli Selatan,2019,64.82,Sumatera Utara
Tapanuli Selatan,2020,64.91,Sumatera Utara
Tapanuli Selatan,2021,64.97,Sumatera Utara
Tapanuli Selatan,2022,65.28,Sumatera Utara
Tapanuli Selatan,2023,65.56,Sumatera Utara
Tapanuli Selatan,2024,65.74,Sumatera Utara
Tapanuli Tengah,2013,66.47,Sumatera Utara
Tapanuli Tengah,2014,66.49,Sumatera Utara
Tapanuli Tengah,2015,66.59,Sumatera Utara
Tapanuli Tengah,2016,66.62,Sumatera Utara
Tapanuli Tengah,2017,66.66,Sumatera Utara
Tapanuli Tengah,2018,66.82,Sumatera Utara
Tapanuli Tengah,2019,67.08,Sumatera Utara
Tapanuli Tengah,2020,67.15,Sumatera Utara
Tapanuli Tengah,2021,67.24,Sumatera Utara
Tapanuli Tengah,2022,67.58,Sumatera Utara
Tapanuli Tengah,2023,67.9,Sumatera Utara
Tapanuli Tengah,2024,68.18,Sumatera Utara
Tapanuli Utara,2013,67.15,Sumatera Utara
Tapanuli Utara,2014,67.25,Sumatera Utara
Tapanuli Utara,2015,67.55,Sumatera Utara
Tapanuli Utara,2016,67.71,Sumatera Utara
Tapanuli Utara,2017,67.86,Sumatera Utara
Tapanuli Utara,2018,68.11,Sumatera Utara
Tapanuli Utara,2019,68.46,Sumatera Utara
Tapanuli Utara,2020,68.63,Sumatera Utara
Tapanuli Utara,2021,68.76,Sumatera Utara
Tapanuli Utara,2022,69.16,Sumatera Utara
Tapanuli Utara,2023,69.57,Sumatera Utara
Tapanuli Utara,2024,69.77,Sumatera Utara
Toba,2013,68.94,Sumatera Utara
Toba,2014,69.04,Sumatera Utara
Toba,2015,69.14,Sumatera Utara
Toba,2016,69.25,Sumatera Utara
Toba,2017,69.36,Sumatera Utara
Toba,2018,69.59,Sumatera Utara
Toba,2019,69.93,Sumatera Utara
Toba,2020,70.08,Sumatera Utara
Toba,2021,70.29,Sumatera Utara
Toba,2022,70.76,Sumatera Utara
Toba,2023,71.24,Sumatera Utara
Toba,2024,71.42,Sumatera Utara
,2013,[New Method] Life Expectancy at Birth (Year),
,2014,[New Method] Life Expectancy at Birth (Year),
,2015,[New Method] Life Expectancy at Birth (Year),
,2016,[New Method] Life Expectancy at Birth (Year),
,2017,[New Method] Life Expectancy at Birth (Year),
,2018,[New Method] Life Expectancy at Birth (Year),
,2019,[New Method] Life Expectancy at Birth (Year),
,2020,[New Method] Life Expectancy at Birth (Year),
,2021,[New Method] Life Expectancy at Birth (Year),
,2022,[New Method] Life Expectancy at Birth (Year),
,2023,[New Method] Life Expectancy at Birth (Year),
,2024,[New Method] Life Expectancy at Birth (Year),
