country,tahun,provinsi,kota_kabupaten,stunting,life_expectancy,hdi,level
Indonesia,2013,,,37.2,70.4,68.31,nasional
Indonesia,2014,,,37.0,70.59,68.9,nasional
Indonesia,2015,,,29.0,70.78,69.55,nasional
Indonesia,2016,,,27.5,70.9,70.18,nasional
Indonesia,2017,,,29.6,71.06,70.81,nasional
Indonesia,2018,,,30.8,71.2,71.39,nasional
Indonesia,2019,,,27.7,71.34,71.92,nasional
Indonesia,2020,,,26.92,71.47,71.94,nasional
Indonesia,2021,,,24.4,71.57,72.29,nasional
Indonesia,2022,,,21.6,71.85,72.91,nasional
Indonesia,2023,,,21.5,72.13,73.55,nasional
Indonesia,2024,,,19.8,72.39,74.2,nasional
Indonesia,2013,Aceh,,,69.31,68.3,provinsi
Indonesia,2014,Aceh,,,69.35,68.81,provinsi
Indonesia,2015,Aceh,,,69.5,69.45,provinsi
Indonesia,2016,Aceh,,,69.51,70,provinsi
Indonesia,2017,Aceh,,,69.52,70.6,provinsi
Indonesia,2018,Aceh,,,69.64,71.19,provinsi
Indonesia,2019,Aceh,,"34,18",69.87,71.9,provinsi
Indonesia,2020,Aceh,,"33,01",69.93,71.99,provinsi
Indonesia,2021,Aceh,,"33,2",69.96,72.18,provinsi
Indonesia,2022,Aceh,,"31,2",70.18,72.8,provinsi
Indonesia,2023,Aceh,,"29,4",70.34,73.4,provinsi
Indonesia,2024,Aceh,,"28,6",70.44,74.03,provinsi
Indonesia,2013,Bali,,,71.11,72.09,provinsi
Indonesia,2014,Bali,,,71.19,72.48,provinsi
Indonesia,2015,Bali,,,71.35,73.27,provinsi
Indonesia,2016,Bali,,,71.41,73.65,provinsi
Indonesia,2017,Bali,,,71.46,74.3,provinsi
Indonesia,2018,Bali,,,71.68,74.77,provinsi
Indonesia,2019,Bali,,"14,42",71.99,75.38,provinsi
Indonesia,2020,Bali,,"13,68",72.13,75.5,provinsi
Indonesia,2021,Bali,,"10,9",72.24,75.69,provinsi
Indonesia,2022,Bali,,8,72.6,76.44,provinsi
Indonesia,2023,Bali,,"7,2",72.98,77.1,provinsi
Indonesia,2024,Bali,,"8,7",73.29,77.76,provinsi
Indonesia,2013,Banten,,,69.04,69.47,provinsi
Indonesia,2014,Banten,,,69.13,69.89,provinsi
Indonesia,2015,Banten,,,69.43,70.27,provinsi
Indonesia,2016,Banten,,,69.46,70.96,provinsi
Indonesia,2017,Banten,,,69.49,71.42,provinsi
Indonesia,2018,Banten,,,69.64,71.95,provinsi
Indonesia,2019,Banten,,"24,11",69.84,72.44,provinsi
Indonesia,2020,Banten,,"21,84",69.96,72.45,provinsi
Indonesia,2021,Banten,,"24,5",70.02,72.72,provinsi
Indonesia,2022,Banten,,20,70.39,73.32,provinsi
Indonesia,2023,Banten,,24,70.77,73.87,provinsi
Indonesia,2024,Banten,,"21,1",71.02,74.48,provinsi
Indonesia,2013,Bengkulu,,,68.33,67.5,provinsi
Indonesia,2014,Bengkulu,,,68.36,68.06,provinsi
Indonesia,2015,Bengkulu,,,68.5,68.59,provinsi
Indonesia,2016,Bengkulu,,,68.56,69.33,provinsi
Indonesia,2017,Bengkulu,,,68.59,69.95,provinsi
Indonesia,2018,Bengkulu,,,68.84,70.64,provinsi
Indonesia,2019,Bengkulu,,"26,86",69.21,71.21,provinsi
Indonesia,2020,Bengkulu,,"25,43",69.35,71.4,provinsi
Indonesia,2021,Bengkulu,,"22,1",69.42,71.64,provinsi
Indonesia,2022,Bengkulu,,"19,8",69.69,72.16,provinsi
Indonesia,2023,Bengkulu,,"20,2",69.92,72.78,provinsi
Indonesia,2024,Bengkulu,,"18,8",70.13,73.39,provinsi
Indonesia,2013,DI Yogyakarta,,,74.45,76.44,provinsi
Indonesia,2014,DI Yogyakarta,,,74.5,76.81,provinsi
Indonesia,2015,DI Yogyakarta,,,74.68,77.59,provinsi
Indonesia,2016,DI Yogyakarta,,,74.71,78.38,provinsi
Indonesia,2017,DI Yogyakarta,,,74.74,78.89,provinsi
Indonesia,2018,DI Yogyakarta,,,74.82,79.53,provinsi
Indonesia,2019,DI Yogyakarta,,"21,04",74.92,79.99,provinsi
Indonesia,2020,DI Yogyakarta,,"19,88",74.99,79.97,provinsi
Indonesia,2021,DI Yogyakarta,,"17,3",75.04,80.22,provinsi
Indonesia,2022,DI Yogyakarta,,"16,4",75.08,80.64,provinsi
Indonesia,2023,DI Yogyakarta,,18,75.12,81.07,provinsi
Indonesia,2024,DI Yogyakarta,,"17,4",75.22,81.55,provinsi
Indonesia,2013,DKI Jakarta,,,72.19,78.08,provinsi
Indonesia,2014,DKI Jakarta,,,72.27,78.39,provinsi
Indonesia,2015,DKI Jakarta,,,72.43,78.99,provinsi
Indonesia,2016,DKI Jakarta,,,72.49,79.6,provinsi
Indonesia,2017,DKI Jakarta,,,72.55,80.06,provinsi
Indonesia,2018,DKI Jakarta,,,72.67,80.47,provinsi
Indonesia,2019,DKI Jakarta,,"19,96",72.79,80.76,provinsi
Indonesia,2020,DKI Jakarta,,"19,24",72.91,80.77,provinsi
Indonesia,2021,DKI Jakarta,,"16,8",73.01,81.11,provinsi
Indonesia,2022,DKI Jakarta,,"14,8",73.32,81.65,provinsi
Indonesia,2023,DKI Jakarta,,"17,6",73.65,82.46,provinsi
Indonesia,2024,DKI Jakarta,,"17,3",73.87,83.08,provinsi
Indonesia,2013,Gorontalo,,,66.92,64.7,provinsi
Indonesia,2013,Gorontalo,,,66.51,64.7,provinsi
Indonesia,2014,Gorontalo,,,67,65.17,provinsi
Indonesia,2014,Gorontalo,,,66.53,65.17,provinsi
Indonesia,2015,Gorontalo,,,67.12,65.86,provinsi
Indonesia,2015,Gorontalo,,,66.63,65.86,provinsi
Indonesia,2016,Gorontalo,,,67.13,66.29,provinsi
Indonesia,2016,Gorontalo,,,66.66,66.29,provinsi
Indonesia,2017,Gorontalo,,,67.14,67.01,provinsi
Indonesia,2017,Gorontalo,,,66.69,67.01,provinsi
Indonesia,2018,Gorontalo,,,67.45,67.71,provinsi
Indonesia,2018,Gorontalo,,,66.98,67.71,provinsi
Indonesia,2019,Gorontalo,,"34,89",67.93,68.49,provinsi
Indonesia,2019,Gorontalo,,"34,89",67.45,68.49,provinsi
Indonesia,2020,Gorontalo,,"32,72",68.07,68.68,provinsi
Indonesia,2020,Gorontalo,,"32,72",67.58,68.68,provinsi
Indonesia,2021,Gorontalo,,29,68.19,69,provinsi
Indonesia,2021,Gorontalo,,29,67.69,69,provinsi
Indonesia,2022,Gorontalo,,"23,8",68.51,69.81,provinsi
Indonesia,2022,Gorontalo,,"23,8",67.89,69.81,provinsi
Indonesia,2023,Gorontalo,,"26,9",68.83,70.45,provinsi
Indonesia,2023,Gorontalo,,"26,9",68.09,70.45,provinsi
Indonesia,2024,Gorontalo,,"23,8",69.09,71.23,provinsi
Indonesia,2024,Gorontalo,,"23,8",68.23,71.23,provinsi
Indonesia,2013,Jambi,,,70.35,67.76,provinsi
Indonesia,2014,Jambi,,,70.43,68.24,provinsi
Indonesia,2015,Jambi,,,70.56,68.89,provinsi
Indonesia,2016,Jambi,,,70.71,69.62,provinsi
Indonesia,2017,Jambi,,,70.76,69.99,provinsi
Indonesia,2018,Jambi,,,70.89,70.65,provinsi
Indonesia,2019,Jambi,,"21,03",71.06,71.26,provinsi
Indonesia,2020,Jambi,,"19,59",71.16,71.29,provinsi
Indonesia,2021,Jambi,,"22,4",71.22,71.63,provinsi
Indonesia,2022,Jambi,,18,71.5,72.14,provinsi
Indonesia,2023,Jambi,,"13,5",71.77,72.77,provinsi
Indonesia,2024,Jambi,,"17,1",72.04,73.43,provinsi
Indonesia,2013,Jawa Barat,,,72.09,68.25,provinsi
Indonesia,2014,Jawa Barat,,,72.23,68.8,provinsi
Indonesia,2015,Jawa Barat,,,72.41,69.5,provinsi
Indonesia,2016,Jawa Barat,,,72.44,70.05,provinsi
Indonesia,2017,Jawa Barat,,,72.47,70.69,provinsi
Indonesia,2018,Jawa Barat,,,72.66,71.3,provinsi
Indonesia,2019,Jawa Barat,,"26,21",72.85,72.03,provinsi
Indonesia,2020,Jawa Barat,,"25,55",73.04,72.09,provinsi
Indonesia,2021,Jawa Barat,,"24,5",73.23,72.45,provinsi
Indonesia,2022,Jawa Barat,,"20,2",73.52,73.12,provinsi
Indonesia,2023,Jawa Barat,,"21,7",73.8,73.74,provinsi
Indonesia,2024,Jawa Barat,,"15,9",74.07,74.43,provinsi
Indonesia,2013,Jawa Tengah,,,73.28,68.02,provinsi
Indonesia,2014,Jawa Tengah,,,73.88,68.78,provinsi
Indonesia,2015,Jawa Tengah,,,73.96,69.49,provinsi
Indonesia,2016,Jawa Tengah,,,74.02,69.98,provinsi
Indonesia,2017,Jawa Tengah,,,74.08,70.52,provinsi
Indonesia,2018,Jawa Tengah,,,74.18,71.12,provinsi
Indonesia,2019,Jawa Tengah,,"27,68",74.23,71.73,provinsi
Indonesia,2020,Jawa Tengah,,"26,9",74.37,71.87,provinsi
Indonesia,2021,Jawa Tengah,,"20,9",74.47,72.16,provinsi
Indonesia,2022,Jawa Tengah,,"20,8",74.57,72.79,provinsi
Indonesia,2023,Jawa Tengah,,"20,7",74.69,73.39,provinsi
Indonesia,2024,Jawa Tengah,,"17,1",74.93,73.88,provinsi
Indonesia,2013,Jawa Timur,,,70.34,67.55,provinsi
Indonesia,2014,Jawa Timur,,,70.45,68.14,provinsi
Indonesia,2015,Jawa Timur,,,70.68,68.95,provinsi
Indonesia,2016,Jawa Timur,,,70.74,69.74,provinsi
Indonesia,2017,Jawa Timur,,,70.8,70.27,provinsi
Indonesia,2018,Jawa Timur,,,70.97,70.77,provinsi
Indonesia,2019,Jawa Timur,,"26,86",71.18,71.5,provinsi
Indonesia,2020,Jawa Timur,,"25,64",71.3,71.71,provinsi
Indonesia,2021,Jawa Timur,,"23,5",71.38,72.14,provinsi
Indonesia,2022,Jawa Timur,,"19,2",71.74,72.75,provinsi
Indonesia,2023,Jawa Timur,,"17,7",72.11,73.38,provinsi
Indonesia,2024,Jawa Timur,,"14,7",72.35,74.09,provinsi
Indonesia,2013,Kalimantan Barat,,,69.66,64.3,provinsi
Indonesia,2014,Kalimantan Barat,,,69.76,64.89,provinsi
Indonesia,2015,Kalimantan Barat,,,69.87,65.59,provinsi
Indonesia,2016,Kalimantan Barat,,,69.9,65.88,provinsi
Indonesia,2017,Kalimantan Barat,,,69.92,66.26,provinsi
Indonesia,2018,Kalimantan Barat,,,70.18,66.98,provinsi
Indonesia,2019,Kalimantan Barat,,"31,46",70.56,67.65,provinsi
Indonesia,2020,Kalimantan Barat,,"30,9",70.69,67.66,provinsi
Indonesia,2021,Kalimantan Barat,,"29,8",70.76,67.9,provinsi
Indonesia,2022,Kalimantan Barat,,"25,2",71.02,68.63,provinsi
Indonesia,2023,Kalimantan Barat,,"24,5",71.32,69.41,provinsi
Indonesia,2024,Kalimantan Barat,,"26,8",71.55,70.13,provinsi
Indonesia,2013,Kalimantan Selatan,,,67.35,67.17,provinsi
Indonesia,2014,Kalimantan Selatan,,,67.47,67.63,provinsi
Indonesia,2015,Kalimantan Selatan,,,67.8,68.38,provinsi
Indonesia,2016,Kalimantan Selatan,,,67.92,69.05,provinsi
Indonesia,2017,Kalimantan Selatan,,,68.02,69.65,provinsi
Indonesia,2018,Kalimantan Selatan,,,68.23,70.17,provinsi
Indonesia,2019,Kalimantan Selatan,,"31,75",68.49,70.72,provinsi
Indonesia,2020,Kalimantan Selatan,,"30,93",68.66,70.91,provinsi
Indonesia,2021,Kalimantan Selatan,,30,68.83,71.28,provinsi
Indonesia,2022,Kalimantan Selatan,,"24,6",69.13,71.84,provinsi
Indonesia,2023,Kalimantan Selatan,,"24,7",69.42,72.5,provinsi
Indonesia,2024,Kalimantan Selatan,,"22,9",69.65,73.03,provinsi
Indonesia,2013,Kalimantan Tengah,,,69.29,67.41,provinsi
Indonesia,2014,Kalimantan Tengah,,,69.39,67.77,provinsi
Indonesia,2015,Kalimantan Tengah,,,69.54,68.53,provinsi
Indonesia,2016,Kalimantan Tengah,,,69.57,69.13,provinsi
Indonesia,2017,Kalimantan Tengah,,,69.59,69.79,provinsi
Indonesia,2018,Kalimantan Tengah,,,69.64,70.42,provinsi
Indonesia,2019,Kalimantan Tengah,,"32,3",69.69,70.91,provinsi
Indonesia,2020,Kalimantan Tengah,,"30,48",69.74,71.05,provinsi
Indonesia,2021,Kalimantan Tengah,,"27,4",69.79,71.25,provinsi
Indonesia,2022,Kalimantan Tengah,,"26,9",70.04,71.63,provinsi
Indonesia,2023,Kalimantan Tengah,,"23,5",70.27,72.2,provinsi
Indonesia,2024,Kalimantan Tengah,,"22,1",70.43,72.73,provinsi
Indonesia,2013,Kalimantan Timur,,,73.52,73.21,provinsi
Indonesia,2014,Kalimantan Timur,,,73.62,73.82,provinsi
Indonesia,2015,Kalimantan Timur,,,73.65,74.17,provinsi
Indonesia,2016,Kalimantan Timur,,,73.68,74.59,provinsi
Indonesia,2017,Kalimantan Timur,,,73.7,75.12,provinsi
Indonesia,2018,Kalimantan Timur,,,73.96,75.83,provinsi
Indonesia,2019,Kalimantan Timur,,"28,09",74.22,76.61,provinsi
Indonesia,2020,Kalimantan Timur,,"27,49",74.33,76.24,provinsi
Indonesia,2021,Kalimantan Timur,,"22,8",74.61,76.88,provinsi
Indonesia,2022,Kalimantan Timur,,"23,9",74.62,77.44,provinsi
Indonesia,2023,Kalimantan Timur,,"22,9",74.72,78.2,provinsi
Indonesia,2024,Kalimantan Timur,,"22,2",75.03,78.83,provinsi
Indonesia,2013,Kalimantan Utara,,,72.02,67.99,provinsi
Indonesia,2014,Kalimantan Utara,,,72.12,68.64,provinsi
Indonesia,2015,Kalimantan Utara,,,72.16,68.76,provinsi
Indonesia,2016,Kalimantan Utara,,,72.43,69.2,provinsi
Indonesia,2017,Kalimantan Utara,,,72.47,69.84,provinsi
Indonesia,2018,Kalimantan Utara,,,72.5,70.56,provinsi
Indonesia,2019,Kalimantan Utara,,"26,25",72.54,71.15,provinsi
Indonesia,2020,Kalimantan Utara,,"25,76",72.59,70.63,provinsi
Indonesia,2021,Kalimantan Utara,,"27,5",72.65,71.19,provinsi
Indonesia,2022,Kalimantan Utara,,"22,1",72.67,71.83,provinsi
Indonesia,2023,Kalimantan Utara,,"21,3",72.69,72.49,provinsi
Indonesia,2024,Kalimantan Utara,,"17,6",72.73,73.02,provinsi
Indonesia,2013,Kepulauan Bangka Belitung,,,69.64,67.92,provinsi
Indonesia,2014,Kepulauan Bangka Belitung,,,69.72,68.27,provinsi
Indonesia,2015,Kepulauan Bangka Belitung,,,69.88,69.05,provinsi
Indonesia,2016,Kepulauan Bangka Belitung,,,69.92,69.55,provinsi
Indonesia,2017,Kepulauan Bangka Belitung,,,69.95,69.99,provinsi
Indonesia,2018,Kepulauan Bangka Belitung,,,70.18,70.67,provinsi
Indonesia,2019,Kepulauan Bangka Belitung,,"19,93",70.5,71.3,provinsi
Indonesia,2020,Kepulauan Bangka Belitung,,"20,94",70.64,71.47,provinsi
Indonesia,2021,Kepulauan Bangka Belitung,,"18,6",70.73,71.69,provinsi
Indonesia,2022,Kepulauan Bangka Belitung,,"18,5",70.98,72.24,provinsi
Indonesia,2023,Kepulauan Bangka Belitung,,"20,6",71.23,72.85,provinsi
Indonesia,2024,Kepulauan Bangka Belitung,,"20,1",71.49,73.33,provinsi
Indonesia,2013,Kepulauan Riau,,,69.05,73.02,provinsi
Indonesia,2014,Kepulauan Riau,,,69.15,73.4,provinsi
Indonesia,2015,Kepulauan Riau,,,69.41,73.75,provinsi
Indonesia,2016,Kepulauan Riau,,,69.45,73.99,provinsi
Indonesia,2017,Kepulauan Riau,,,69.48,74.45,provinsi
Indonesia,2018,Kepulauan Riau,,,69.64,74.84,provinsi
Indonesia,2019,Kepulauan Riau,,"16,82",69.8,75.48,provinsi
Indonesia,2020,Kepulauan Riau,,"13,72",69.96,75.59,provinsi
Indonesia,2021,Kepulauan Riau,,"17,6",70.12,75.79,provinsi
Indonesia,2022,Kepulauan Riau,,"15,4",70.5,76.46,provinsi
Indonesia,2023,Kepulauan Riau,,"16,8",70.91,77.11,provinsi
Indonesia,2024,Kepulauan Riau,,15,71.24,77.97,provinsi
Indonesia,2013,Lampung,,,69.55,65.73,provinsi
Indonesia,2014,Lampung,,,69.66,66.42,provinsi
Indonesia,2015,Lampung,,,69.9,66.95,provinsi
Indonesia,2016,Lampung,,,69.94,67.65,provinsi
Indonesia,2017,Lampung,,,69.95,68.25,provinsi
Indonesia,2018,Lampung,,,70.18,69.02,provinsi
Indonesia,2019,Lampung,,"26,26",70.51,69.57,provinsi
Indonesia,2020,Lampung,,"24,4",70.65,69.69,provinsi
Indonesia,2021,Lampung,,"18,5",70.73,69.9,provinsi
Indonesia,2022,Lampung,,"15,2",70.99,70.45,provinsi
Indonesia,2023,Lampung,,"14,9",71.25,71.15,provinsi
Indonesia,2024,Lampung,,"15,9",71.5,71.81,provinsi
Indonesia,2013,Maluku,,,64.93,66.09,provinsi
Indonesia,2014,Maluku,,,65.01,66.74,provinsi
Indonesia,2015,Maluku,,,65.31,67.05,provinsi
Indonesia,2016,Maluku,,,65.35,67.6,provinsi
Indonesia,2017,Maluku,,,65.4,68.19,provinsi
Indonesia,2018,Maluku,,,65.59,68.87,provinsi
Indonesia,2019,Maluku,,"30,38",65.82,69.45,provinsi
Indonesia,2020,Maluku,,"27,94",65.98,69.49,provinsi
Indonesia,2021,Maluku,,"28,7",66.09,69.71,provinsi
Indonesia,2022,Maluku,,"26,1",66.45,70.22,provinsi
Indonesia,2023,Maluku,,"28,4",66.78,70.94,provinsi
Indonesia,2024,Maluku,,"28,4",66.99,71.57,provinsi
Indonesia,2013,Maluku Utara,,,67.24,64.78,provinsi
Indonesia,2014,Maluku Utara,,,67.33,65.18,provinsi
Indonesia,2015,Maluku Utara,,,67.44,65.91,provinsi
Indonesia,2016,Maluku Utara,,,67.51,66.63,provinsi
Indonesia,2017,Maluku Utara,,,67.54,67.2,provinsi
Indonesia,2018,Maluku Utara,,,67.8,67.76,provinsi
Indonesia,2019,Maluku Utara,,"29,07",68.18,68.7,provinsi
Indonesia,2020,Maluku Utara,,"27,23",68.33,68.49,provinsi
Indonesia,2021,Maluku Utara,,"27,5",68.45,68.76,provinsi
Indonesia,2022,Maluku Utara,,"26,1",68.79,69.47,provinsi
Indonesia,2023,Maluku Utara,,"28,4",69.11,70.21,provinsi
Indonesia,2024,Maluku Utara,,"23,2",69.35,71.03,provinsi
Indonesia,2013,Nusa Tenggara Barat,,,64.74,63.76,provinsi
Indonesia,2014,Nusa Tenggara Barat,,,64.89,64.31,provinsi
Indonesia,2015,Nusa Tenggara Barat,,,65.38,65.19,provinsi
Indonesia,2016,Nusa Tenggara Barat,,,65.48,65.81,provinsi
Indonesia,2017,Nusa Tenggara Barat,,,65.55,66.58,provinsi
Indonesia,2018,Nusa Tenggara Barat,,,65.87,67.3,provinsi
Indonesia,2019,Nusa Tenggara Barat,,"37,85",66.28,68.14,provinsi
Indonesia,2020,Nusa Tenggara Barat,,"38,15",66.51,68.25,provinsi
Indonesia,2021,Nusa Tenggara Barat,,"31,4",66.69,68.65,provinsi
Indonesia,2022,Nusa Tenggara Barat,,"32,7",67.07,69.46,provinsi
Indonesia,2023,Nusa Tenggara Barat,,"24,6",67.47,70.2,provinsi
Indonesia,2024,Nusa Tenggara Barat,,"29,8",67.73,70.93,provinsi
Indonesia,2013,Nusa Tenggara Timur,,,65.82,61.68,provinsi
Indonesia,2014,Nusa Tenggara Timur,,,65.91,62.26,provinsi
Indonesia,2015,Nusa Tenggara Timur,,,65.96,62.67,provinsi
Indonesia,2016,Nusa Tenggara Timur,,,66.04,63.13,provinsi
Indonesia,2017,Nusa Tenggara Timur,,,66.07,63.73,provinsi
Indonesia,2018,Nusa Tenggara Timur,,,66.38,64.39,provinsi
Indonesia,2019,Nusa Tenggara Timur,,"43,82",66.85,65.23,provinsi
Indonesia,2020,Nusa Tenggara Timur,,"42,99",67.01,65.19,provinsi
Indonesia,2021,Nusa Tenggara Timur,,"37,8",67.15,65.28,provinsi
Indonesia,2022,Nusa Tenggara Timur,,"35,4",67.47,65.9,provinsi
Indonesia,2023,Nusa Tenggara Timur,,"37,9",67.77,66.68,provinsi
Indonesia,2024,Nusa Tenggara Timur,,37,67.99,67.39,provinsi
Indonesia,2013,Papua,,,64.76,56.25,provinsi
Indonesia,2014,Papua,,,64.84,56.75,provinsi
Indonesia,2015,Papua,,,65.09,57.25,provinsi
Indonesia,2016,Papua,,,65.12,58.05,provinsi
Indonesia,2017,Papua,,,65.14,59.09,provinsi
Indonesia,2018,Papua,,,65.36,60.06,provinsi
Indonesia,2019,Papua,,"29,36",65.65,60.84,provinsi
Indonesia,2020,Papua,,"23,42",65.79,60.44,provinsi
Indonesia,2021,Papua,,"29,5",65.93,60.62,provinsi
Indonesia,2022,Papua,,"34,6",66.23,71.76,provinsi
Indonesia,2023,Papua,,"28,6",66.44,72.41,provinsi
Indonesia,2024,Papua,,"24,7",68.79,73,provinsi
Indonesia,2013,Papua Barat,,,65.05,60.91,provinsi
Indonesia,2014,Papua Barat,,,65.13,61.28,provinsi
Indonesia,2015,Papua Barat,,,65.19,61.73,provinsi
Indonesia,2016,Papua Barat,,,65.3,62.21,provinsi
Indonesia,2017,Papua Barat,,,65.32,62.99,provinsi
Indonesia,2018,Papua Barat,,,65.55,63.74,provinsi
Indonesia,2019,Papua Barat,,"24,58",65.9,64.7,provinsi
Indonesia,2020,Papua Barat,,"28,05",66.02,65.09,provinsi
Indonesia,2021,Papua Barat,,"26,2",66.14,65.26,provinsi
Indonesia,2022,Papua Barat,,30,66.46,65.16,provinsi
Indonesia,2023,Papua Barat,,"24,8",66.79,66.16,provinsi
Indonesia,2024,Papua Barat,,"24,6",67.05,67.02,provinsi
Indonesia,2013,Papua Barat Daya,,,-,-,provinsi
Indonesia,2014,Papua Barat Daya,,,-,-,provinsi
Indonesia,2015,Papua Barat Daya,,,-,-,provinsi
Indonesia,2016,Papua Barat Daya,,,-,-,provinsi
Indonesia,2017,Papua Barat Daya,,,-,-,provinsi
Indonesia,2018,Papua Barat Daya,,,-,-,provinsi
Indonesia,2019,Papua Barat Daya,,,-,-,provinsi
Indonesia,2020,Papua Barat Daya,,,-,-,provinsi
Indonesia,2021,Papua Barat Daya,,,-,-,provinsi
Indonesia,2022,Papua Barat Daya,,,-,67.59,provinsi
Indonesia,2023,Papua Barat Daya,,31,-,68.05,provinsi
Indonesia,2024,Papua Barat Daya,,"30,5",67.85,68.63,provinsi
Indonesia,2013,Papua Pegunungan,,,-,-,provinsi
Indonesia,2014,Papua Pegunungan,,,-,-,provinsi
Indonesia,2015,Papua Pegunungan,,,-,-,provinsi
Indonesia,2016,Papua Pegunungan,,,-,-,provinsi
Indonesia,2017,Papua Pegunungan,,,-,-,provinsi
Indonesia,2018,Papua Pegunungan,,,-,-,provinsi
Indonesia,2019,Papua Pegunungan,,,-,-,provinsi
Indonesia,2020,Papua Pegunungan,,,-,-,provinsi
Indonesia,2021,Papua Pegunungan,,,-,-,provinsi
Indonesia,2022,Papua Pegunungan,,,-,51.7,provinsi
Indonesia,2023,Papua Pegunungan,,"37,3",-,52.45,provinsi
Indonesia,2024,Papua Pegunungan,,,64.8,53.42,provinsi
Indonesia,2013,Papua Selatan,,,-,-,provinsi
Indonesia,2014,Papua Selatan,,,-,-,provinsi
Indonesia,2015,Papua Selatan,,,-,-,provinsi
Indonesia,2016,Papua Selatan,,,-,-,provinsi
Indonesia,2017,Papua Selatan,,,-,-,provinsi
Indonesia,2018,Papua Selatan,,,-,-,provinsi
Indonesia,2019,Papua Selatan,,,-,-,provinsi
Indonesia,2020,Papua Selatan,,,-,-,provinsi
Indonesia,2021,Papua Selatan,,,-,-,provinsi
Indonesia,2022,Papua Selatan,,,-,65.74,provinsi
Indonesia,2023,Papua Selatan,,25,-,67.27,provinsi
Indonesia,2024,Papua Selatan,,"25,7",66.45,67.9,provinsi
Indonesia,2013,Papua Tengah,,,-,-,provinsi
Indonesia,2014,Papua Tengah,,,-,-,provinsi
Indonesia,2015,Papua Tengah,,,-,-,provinsi
Indonesia,2016,Papua Tengah,,,-,-,provinsi
Indonesia,2017,Papua Tengah,,,-,-,provinsi
Indonesia,2018,Papua Tengah,,,-,-,provinsi
Indonesia,2019,Papua Tengah,,,-,-,provinsi
Indonesia,2020,Papua Tengah,,,-,-,provinsi
Indonesia,2021,Papua Tengah,,,-,-,provinsi
Indonesia,2022,Papua Tengah,,,-,58.25,provinsi
Indonesia,2023,Papua Tengah,,"39,4",-,58.93,provinsi
Indonesia,2024,Papua Tengah,,,66.99,59.75,provinsi
Indonesia,2013,Riau,,,70.67,69.91,provinsi
Indonesia,2014,Riau,,,70.76,70.33,provinsi
Indonesia,2015,Riau,,,70.93,70.84,provinsi
Indonesia,2016,Riau,,,70.97,71.2,provinsi
Indonesia,2017,Riau,,,70.99,71.79,provinsi
Indonesia,2018,Riau,,,71.19,72.44,provinsi
Indonesia,2019,Riau,,"23,95",71.48,73,provinsi
Indonesia,2020,Riau,,"22,43",71.6,72.71,provinsi
Indonesia,2021,Riau,,"22,3",71.67,72.94,provinsi
Indonesia,2022,Riau,,17,71.95,73.52,provinsi
Indonesia,2023,Riau,,"13,6",72.24,74.04,provinsi
Indonesia,2024,Riau,,"20,1",72.52,74.79,provinsi
Indonesia,2013,Sulawesi Barat,,,63.32,61.53,provinsi
Indonesia,2014,Sulawesi Barat,,,64.04,62.24,provinsi
Indonesia,2015,Sulawesi Barat,,,64.22,62.96,provinsi
Indonesia,2016,Sulawesi Barat,,,64.31,63.6,provinsi
Indonesia,2017,Sulawesi Barat,,,64.34,64.3,provinsi
Indonesia,2018,Sulawesi Barat,,,64.58,65.1,provinsi
Indonesia,2019,Sulawesi Barat,,"40,38",64.82,65.73,provinsi
Indonesia,2020,Sulawesi Barat,,"40,44",65.06,66.11,provinsi
Indonesia,2021,Sulawesi Barat,,"33,8",65.25,66.36,provinsi
Indonesia,2022,Sulawesi Barat,,35,65.63,66.92,provinsi
Indonesia,2023,Sulawesi Barat,,"30,3",66.01,67.55,provinsi
Indonesia,2024,Sulawesi Barat,,"35,4",66.27,68.2,provinsi
Indonesia,2013,Sulawesi Selatan,,,69.5,67.92,provinsi
Indonesia,2014,Sulawesi Selatan,,,69.59,68.49,provinsi
Indonesia,2015,Sulawesi Selatan,,,69.8,69.15,provinsi
Indonesia,2016,Sulawesi Selatan,,,69.82,69.76,provinsi
Indonesia,2017,Sulawesi Selatan,,,69.84,70.34,provinsi
Indonesia,2018,Sulawesi Selatan,,,70.08,70.9,provinsi
Indonesia,2019,Sulawesi Selatan,,"30,59",70.43,71.66,provinsi
Indonesia,2020,Sulawesi Selatan,,"29,28",70.57,71.93,provinsi
Indonesia,2021,Sulawesi Selatan,,"27,4",70.66,72.24,provinsi
Indonesia,2022,Sulawesi Selatan,,"27,2",70.97,72.82,provinsi
Indonesia,2023,Sulawesi Selatan,,"27,4",71.22,73.46,provinsi
Indonesia,2024,Sulawesi Selatan,,"23,3",71.43,74.05,provinsi
Indonesia,2013,Sulawesi Tengah,,,67.02,65.79,provinsi
Indonesia,2014,Sulawesi Tengah,,,67.18,66.43,provinsi
Indonesia,2015,Sulawesi Tengah,,,67.26,66.76,provinsi
Indonesia,2016,Sulawesi Tengah,,,67.31,67.47,provinsi
Indonesia,2017,Sulawesi Tengah,,,67.32,68.11,provinsi
Indonesia,2018,Sulawesi Tengah,,,67.78,68.88,provinsi
Indonesia,2019,Sulawesi Tengah,,"31,16",68.23,69.5,provinsi
Indonesia,2020,Sulawesi Tengah,,"29,66",68.69,69.55,provinsi
Indonesia,2021,Sulawesi Tengah,,"29,7",68.83,69.79,provinsi
Indonesia,2022,Sulawesi Tengah,,"28,2",68.93,70.28,provinsi
Indonesia,2023,Sulawesi Tengah,,"27,2",69.17,70.95,provinsi
Indonesia,2024,Sulawesi Tengah,,"26,1",69.42,71.56,provinsi
Indonesia,2013,Sulawesi Tenggara,,,70.28,67.55,provinsi
Indonesia,2014,Sulawesi Tenggara,,,70.39,68.07,provinsi
Indonesia,2015,Sulawesi Tenggara,,,70.44,68.75,provinsi
Indonesia,2016,Sulawesi Tenggara,,,70.46,69.31,provinsi
Indonesia,2017,Sulawesi Tenggara,,,70.47,69.86,provinsi
Indonesia,2018,Sulawesi Tenggara,,,70.72,70.61,provinsi
Indonesia,2019,Sulawesi Tenggara,,"31,44",70.97,71.2,provinsi
Indonesia,2020,Sulawesi Tenggara,,"29,76",71.22,71.45,provinsi
Indonesia,2021,Sulawesi Tenggara,,"30,2",71.27,71.66,provinsi
Indonesia,2022,Sulawesi Tenggara,,"27,7",71.37,72.23,provinsi
Indonesia,2023,Sulawesi Tenggara,,30,71.47,72.79,provinsi
Indonesia,2024,Sulawesi Tenggara,,"26,1",71.6,73.48,provinsi
Indonesia,2013,Sulawesi Utara,,,70.86,69.49,provinsi
Indonesia,2014,Sulawesi Utara,,,70.94,69.96,provinsi
Indonesia,2015,Sulawesi Utara,,,70.99,70.39,provinsi
Indonesia,2016,Sulawesi Utara,,,71.02,71.05,provinsi
Indonesia,2017,Sulawesi Utara,,,71.04,71.66,provinsi
Indonesia,2018,Sulawesi Utara,,,71.26,72.2,provinsi
Indonesia,2019,Sulawesi Utara,,"21,18",71.58,72.99,provinsi
Indonesia,2020,Sulawesi Utara,,"19,73",71.69,72.93,provinsi
Indonesia,2021,Sulawesi Utara,,"21,6",71.76,73.3,provinsi
Indonesia,2022,Sulawesi Utara,,"20,5",72.08,73.81,provinsi
Indonesia,2023,Sulawesi Utara,,"21,3",72.4,74.36,provinsi
Indonesia,2024,Sulawesi Utara,,"20,8",72.69,75.03,provinsi
Indonesia,2013,Sumatera Barat,,,68.21,68.91,provinsi
Indonesia,2014,Sumatera Barat,,,68.32,69.36,provinsi
Indonesia,2015,Sumatera Barat,,,68.66,69.98,provinsi
Indonesia,2016,Sumatera Barat,,,68.73,70.73,provinsi
Indonesia,2017,Sumatera Barat,,,68.78,71.24,provinsi
Indonesia,2018,Sumatera Barat,,,69.01,71.73,provinsi
Indonesia,2019,Sumatera Barat,,"27,47",69.31,72.39,provinsi
Indonesia,2020,Sumatera Barat,,"26,71",69.47,72.38,provinsi
Indonesia,2021,Sumatera Barat,,"23,3",69.59,72.65,provinsi
Indonesia,2022,Sumatera Barat,,35,69.9,73.26,provinsi
Indonesia,2023,Sumatera Barat,,"23,6",70.19,73.75,provinsi
Indonesia,2024,Sumatera Barat,,"24,9",70.33,74.49,provinsi
Indonesia,2013,Sumatera Selatan,,,68.84,66.16,provinsi
Indonesia,2014,Sumatera Selatan,,,68.93,66.75,provinsi
Indonesia,2015,Sumatera Selatan,,,69.14,67.46,provinsi
Indonesia,2016,Sumatera Selatan,,,69.16,68.24,provinsi
Indonesia,2017,Sumatera Selatan,,,69.18,68.86,provinsi
Indonesia,2018,Sumatera Selatan,,,69.41,69.39,provinsi
Indonesia,2019,Sumatera Selatan,,"28,98",69.65,70.02,provinsi
Indonesia,2020,Sumatera Selatan,,"28,68",69.88,70.01,provinsi
Indonesia,2021,Sumatera Selatan,,"24,8",69.98,70.24,provinsi
Indonesia,2022,Sumatera Selatan,,"27,2",70.32,70.9,provinsi
Indonesia,2023,Sumatera Selatan,,"20,2",70.66,71.62,provinsi
Indonesia,2024,Sumatera Selatan,,"15,9",70.93,72.3,provinsi
Indonesia,2013,Sumatera Utara,,,67.94,68.36,provinsi
Indonesia,2014,Sumatera Utara,,,68.04,68.87,provinsi
Indonesia,2015,Sumatera Utara,,,68.29,69.51,provinsi
Indonesia,2016,Sumatera Utara,,,68.33,70,provinsi
Indonesia,2017,Sumatera Utara,,,68.37,70.57,provinsi
Indonesia,2018,Sumatera Utara,,,68.61,71.18,provinsi
Indonesia,2019,Sumatera Utara,,"30,11",68.95,71.74,provinsi
Indonesia,2020,Sumatera Utara,,"28,7",69.1,71.77,provinsi
Indonesia,2021,Sumatera Utara,,"25,8",69.23,72,provinsi
Indonesia,2022,Sumatera Utara,,"21,1",69.61,72.71,provinsi
Indonesia,2023,Sumatera Utara,,"18,9",69.98,73.37,provinsi
Indonesia,2024,Sumatera Utara,,22,70.28,74.02,provinsi
Indonesia,2013,Aceh,Aceh Barat,,67.3,66.86,kota
Indonesia,2014,Aceh,Aceh Barat,,67.33,67.31,kota
Indonesia,2015,Aceh,Aceh Barat,,67.49,68.41,kota
Indonesia,2016,Aceh,Aceh Barat,,67.56,69.26,kota
Indonesia,2017,Aceh,Aceh Barat,,67.62,70.2,kota
Indonesia,2018,Aceh,Aceh Barat,,67.72,70.47,kota
Indonesia,2019,Aceh,Aceh Barat,40.79,67.93,71.22,kota
Indonesia,2020,Aceh,Aceh Barat,,67.98,71.38,kota
Indonesia,2021,Aceh,Aceh Barat,27.4,67.99,71.67,kota
Indonesia,2022,Aceh,Aceh Barat,30.4,68.19,72.34,kota
Indonesia,2023,Aceh,Aceh Barat,33.4,68.34,72.88,kota
Indonesia,2024,Aceh,Aceh Barat,25.6,68.48,73.69,kota
Indonesia,2013,Aceh,Aceh Barat Daya,,63.69,62.62,kota
Indonesia,2014,Aceh,Aceh Barat Daya,,63.72,63.08,kota
Indonesia,2015,Aceh,Aceh Barat Daya,,64.2,63.77,kota
Indonesia,2016,Aceh,Aceh Barat Daya,,64.35,64.57,kota
Indonesia,2017,Aceh,Aceh Barat Daya,,64.51,65.09,kota
Indonesia,2018,Aceh,Aceh Barat Daya,,64.65,65.67,kota
Indonesia,2019,Aceh,Aceh Barat Daya,34.03,64.91,66.56,kota
Indonesia,2020,Aceh,Aceh Barat Daya,,65.0,66.75,kota
Indonesia,2021,Aceh,Aceh Barat Daya,33.2,65.06,66.99,kota
Indonesia,2022,Aceh,Aceh Barat Daya,35.2,65.3,67.41,kota
Indonesia,2023,Aceh,Aceh Barat Daya,27.9,65.48,68.07,kota
Indonesia,2024,Aceh,Aceh Barat Daya,36.2,65.65,68.75,kota
Indonesia,2013,Aceh,Aceh Besar,,69.44,70.61,kota
Indonesia,2014,Aceh,Aceh Besar,,69.46,71.06,kota
Indonesia,2015,Aceh,Aceh Besar,,69.47,71.7,kota
Indonesia,2016,Aceh,Aceh Besar,,69.49,71.75,kota
Indonesia,2017,Aceh,Aceh Besar,,69.52,72.0,kota
Indonesia,2018,Aceh,Aceh Besar,,69.59,72.73,kota
Indonesia,2019,Aceh,Aceh Besar,43.36,69.77,73.55,kota
Indonesia,2020,Aceh,Aceh Besar,,69.78,73.56,kota
Indonesia,2021,Aceh,Aceh Besar,32.4,69.79,73.58,kota
Indonesia,2022,Aceh,Aceh Besar,27.0,69.99,74.0,kota
Indonesia,2023,Aceh,Aceh Besar,30.1,70.14,74.53,kota
Indonesia,2024,Aceh,Aceh Besar,32.3,70.29,75.13,kota
Indonesia,2013,Aceh,Aceh Jaya,,66.45,66.92,kota
Indonesia,2014,Aceh,Aceh Jaya,,66.48,67.3,kota
Indonesia,2015,Aceh,Aceh Jaya,,66.63,67.53,kota
Indonesia,2016,Aceh,Aceh Jaya,,66.7,67.7,kota
Indonesia,2017,Aceh,Aceh Jaya,,66.77,68.07,kota
Indonesia,2018,Aceh,Aceh Jaya,,66.88,68.83,kota
Indonesia,2019,Aceh,Aceh Jaya,44.82,67.11,69.74,kota
Indonesia,2020,Aceh,Aceh Jaya,,67.16,69.75,kota
Indonesia,2021,Aceh,Aceh Jaya,33.7,67.19,69.84,kota
Indonesia,2022,Aceh,Aceh Jaya,19.9,67.4,70.36,kota
Indonesia,2023,Aceh,Aceh Jaya,34.0,67.55,70.88,kota
Indonesia,2024,Aceh,Aceh Jaya,31.0,67.69,71.83,kota
Indonesia,2013,Aceh,Aceh Selatan,,63.16,62.27,kota
Indonesia,2014,Aceh,Aceh Selatan,,63.18,62.35,kota
Indonesia,2015,Aceh,Aceh Selatan,,63.61,63.28,kota
Indonesia,2016,Aceh,Aceh Selatan,,63.75,64.13,kota
Indonesia,2017,Aceh,Aceh Selatan,,63.89,65.03,kota
Indonesia,2018,Aceh,Aceh Selatan,,64.02,65.92,kota
Indonesia,2019,Aceh,Aceh Selatan,31.15,64.27,66.9,kota
Indonesia,2020,Aceh,Aceh Selatan,,64.35,67.12,kota
Indonesia,2021,Aceh,Aceh Selatan,27.3,64.4,67.44,kota
Indonesia,2022,Aceh,Aceh Selatan,34.8,64.64,67.87,kota
Indonesia,2023,Aceh,Aceh Selatan,40.2,64.81,68.44,kota
Indonesia,2024,Aceh,Aceh Selatan,34.2,64.97,69.1,kota
Indonesia,2013,Aceh,Aceh Singkil,,66.91,64.87,kota
Indonesia,2014,Aceh,Aceh Singkil,,66.94,65.27,kota
Indonesia,2015,Aceh,Aceh Singkil,,66.97,66.05,kota
Indonesia,2016,Aceh,Aceh Singkil,,67.02,66.96,kota
Indonesia,2017,Aceh,Aceh Singkil,,67.07,67.37,kota
Indonesia,2018,Aceh,Aceh Singkil,,67.16,68.02,kota
Indonesia,2019,Aceh,Aceh Singkil,37.28,67.36,68.91,kota
Indonesia,2020,Aceh,Aceh Singkil,,67.39,68.94,kota
Indonesia,2021,Aceh,Aceh Singkil,29.6,67.43,69.22,kota
Indonesia,2022,Aceh,Aceh Singkil,34.0,67.65,69.62,kota
Indonesia,2023,Aceh,Aceh Singkil,34.1,67.78,70.14,kota
Indonesia,2024,Aceh,Aceh Singkil,34.2,67.89,70.75,kota
Indonesia,2013,Aceh,Aceh Tamiang,,68.66,65.56,kota
Indonesia,2014,Aceh,Aceh Tamiang,,68.67,66.09,kota
Indonesia,2015,Aceh,Aceh Tamiang,,68.99,67.03,kota
Indonesia,2016,Aceh,Aceh Tamiang,,69.08,67.41,kota
Indonesia,2017,Aceh,Aceh Tamiang,,69.16,67.99,kota
Indonesia,2018,Aceh,Aceh Tamiang,,69.28,68.45,kota
Indonesia,2019,Aceh,Aceh Tamiang,38.68,69.52,69.23,kota
Indonesia,2020,Aceh,Aceh Tamiang,,69.58,69.24,kota
Indonesia,2021,Aceh,Aceh Tamiang,30.8,69.63,69.48,kota
Indonesia,2022,Aceh,Aceh Tamiang,27.4,69.87,70.43,kota
Indonesia,2023,Aceh,Aceh Tamiang,35.9,70.04,71.35,kota
Indonesia,2024,Aceh,Aceh Tamiang,27.4,70.21,72.32,kota
Indonesia,2013,Aceh,Aceh Tengah,,68.35,70.51,kota
Indonesia,2014,Aceh,Aceh Tengah,,68.38,70.96,kota
Indonesia,2015,Aceh,Aceh Tengah,,68.44,71.51,kota
Indonesia,2016,Aceh,Aceh Tengah,,68.48,72.04,kota
Indonesia,2017,Aceh,Aceh Tengah,,68.53,72.19,kota
Indonesia,2018,Aceh,Aceh Tengah,,68.62,72.64,kota
Indonesia,2019,Aceh,Aceh Tengah,42.87,68.82,73.14,kota
Indonesia,2020,Aceh,Aceh Tengah,,68.85,73.24,kota
Indonesia,2021,Aceh,Aceh Tengah,34.3,68.86,73.37,kota
Indonesia,2022,Aceh,Aceh Tengah,32.0,69.05,73.95,kota
Indonesia,2023,Aceh,Aceh Tengah,23.6,69.18,74.6,kota
Indonesia,2024,Aceh,Aceh Tengah,31.4,69.3,75.41,kota
Indonesia,2013,Aceh,Aceh Tenggara,,67.03,65.55,kota
Indonesia,2014,Aceh,Aceh Tenggara,,67.07,65.9,kota
Indonesia,2015,Aceh,Aceh Tenggara,,67.4,66.77,kota
Indonesia,2016,Aceh,Aceh Tenggara,,67.51,67.48,kota
Indonesia,2017,Aceh,Aceh Tenggara,,67.62,68.09,kota
Indonesia,2018,Aceh,Aceh Tenggara,,67.77,68.67,kota
Indonesia,2019,Aceh,Aceh Tenggara,42.83,68.04,69.36,kota
Indonesia,2020,Aceh,Aceh Tenggara,,68.14,69.37,kota
Indonesia,2021,Aceh,Aceh Tenggara,34.1,68.22,69.44,kota
Indonesia,2022,Aceh,Aceh Tenggara,36.7,68.48,70.32,kota
Indonesia,2023,Aceh,Aceh Tenggara,32.9,68.65,71.05,kota
Indonesia,2024,Aceh,Aceh Tenggara,30.9,68.78,71.7,kota
Indonesia,2013,Aceh,Aceh Timur,,68.05,63.27,kota
Indonesia,2014,Aceh,Aceh Timur,,68.06,63.57,kota
Indonesia,2015,Aceh,Aceh Timur,,68.2,64.55,kota
Indonesia,2016,Aceh,Aceh Timur,,68.26,65.42,kota
Indonesia,2017,Aceh,Aceh Timur,,68.33,66.32,kota
Indonesia,2018,Aceh,Aceh Timur,,68.44,66.82,kota
Indonesia,2019,Aceh,Aceh Timur,25.5,68.67,67.39,kota
Indonesia,2020,Aceh,Aceh Timur,,68.72,67.63,kota
Indonesia,2021,Aceh,Aceh Timur,38.2,68.74,67.83,kota
Indonesia,2022,Aceh,Aceh Timur,33.6,68.94,68.72,kota
Indonesia,2023,Aceh,Aceh Timur,29.7,69.07,69.32,kota
Indonesia,2024,Aceh,Aceh Timur,36.7,69.18,69.87,kota
Indonesia,2013,Aceh,Aceh Utara,,68.41,65.36,kota
Indonesia,2014,Aceh,Aceh Utara,,68.42,65.93,kota
Indonesia,2015,Aceh,Aceh Utara,,68.48,66.85,kota
Indonesia,2016,Aceh,Aceh Utara,,68.51,67.19,kota
Indonesia,2017,Aceh,Aceh Utara,,68.54,67.67,kota
Indonesia,2018,Aceh,Aceh Utara,,68.61,68.36,kota
Indonesia,2019,Aceh,Aceh Utara,42.64,68.79,69.22,kota
Indonesia,2020,Aceh,Aceh Utara,,68.8,69.33,kota
Indonesia,2021,Aceh,Aceh Utara,38.8,68.81,69.46,kota
Indonesia,2022,Aceh,Aceh Utara,38.3,69.01,70.22,kota
Indonesia,2023,Aceh,Aceh Utara,25.2,69.15,70.87,kota
Indonesia,2024,Aceh,Aceh Utara,19.2,69.28,71.7,kota
Indonesia,2013,Aceh,Bener Meriah,,68.62,69.74,kota
Indonesia,2014,Aceh,Bener Meriah,,68.64,70.0,kota
Indonesia,2015,Aceh,Bener Meriah,,68.79,70.62,kota
Indonesia,2016,Aceh,Bener Meriah,,68.85,71.42,kota
Indonesia,2017,Aceh,Bener Meriah,,68.9,71.89,kota
Indonesia,2018,Aceh,Bener Meriah,,68.99,72.14,kota
Indonesia,2019,Aceh,Bener Meriah,28.15,69.19,72.97,kota
Indonesia,2020,Aceh,Bener Meriah,,69.22,72.98,kota
Indonesia,2021,Aceh,Bener Meriah,40.0,69.26,73.27,kota
Indonesia,2022,Aceh,Bener Meriah,37.0,69.48,73.9,kota
Indonesia,2023,Aceh,Bener Meriah,32.2,69.64,74.49,kota
Indonesia,2024,Aceh,Bener Meriah,32.8,69.79,75.01,kota
Indonesia,2013,Aceh,Bireuen,,70.34,68.23,kota
Indonesia,2014,Aceh,Bireuen,,70.35,68.71,kota
Indonesia,2015,Aceh,Bireuen,,70.64,69.77,kota
Indonesia,2016,Aceh,Bireuen,,70.72,70.21,kota
Indonesia,2017,Aceh,Bireuen,,70.8,71.11,kota
Indonesia,2018,Aceh,Bireuen,,70.92,71.37,kota
Indonesia,2019,Aceh,Bireuen,32.88,71.16,72.27,kota
Indonesia,2020,Aceh,Bireuen,,71.22,72.28,kota
Indonesia,2021,Aceh,Bireuen,24.3,71.26,72.33,kota
Indonesia,2022,Aceh,Bireuen,23.4,71.48,73.16,kota
Indonesia,2023,Aceh,Bireuen,32.9,71.66,73.63,kota
Indonesia,2024,Aceh,Bireuen,27.1,71.83,74.45,kota
Indonesia,2013,Aceh,Gayo Lues,,64.42,63.22,kota
Indonesia,2014,Aceh,Gayo Lues,,64.44,63.34,kota
Indonesia,2015,Aceh,Gayo Lues,,64.77,63.67,kota
Indonesia,2016,Aceh,Gayo Lues,,64.88,64.26,kota
Indonesia,2017,Aceh,Gayo Lues,,64.98,65.01,kota
Indonesia,2018,Aceh,Gayo Lues,,65.12,65.88,kota
Indonesia,2019,Aceh,Gayo Lues,29.16,65.38,66.87,kota
Indonesia,2020,Aceh,Gayo Lues,,65.47,67.22,kota
Indonesia,2021,Aceh,Gayo Lues,42.9,65.53,67.56,kota
Indonesia,2022,Aceh,Gayo Lues,34.6,65.77,68.25,kota
Indonesia,2023,Aceh,Gayo Lues,15.4,65.92,68.93,kota
Indonesia,2024,Aceh,Gayo Lues,20.6,66.03,69.83,kota
Indonesia,2013,Aceh,Kota Banda Aceh,,70.79,81.84,kota
Indonesia,2014,Aceh,Kota Banda Aceh,,70.8,82.22,kota
Indonesia,2015,Aceh,Kota Banda Aceh,,70.89,83.25,kota
Indonesia,2016,Aceh,Kota Banda Aceh,,70.92,83.73,kota
Indonesia,2017,Aceh,Kota Banda Aceh,,70.96,83.95,kota
Indonesia,2018,Aceh,Kota Banda Aceh,,71.1,84.37,kota
Indonesia,2019,Aceh,Kota Banda Aceh,27.86,71.36,85.07,kota
Indonesia,2020,Aceh,Kota Banda Aceh,,71.45,85.41,kota
Indonesia,2021,Aceh,Kota Banda Aceh,23.4,71.52,85.71,kota
Indonesia,2022,Aceh,Kota Banda Aceh,25.1,71.79,86.28,kota
Indonesia,2023,Aceh,Kota Banda Aceh,21.7,72.02,86.69,kota
Indonesia,2024,Aceh,Kota Banda Aceh,23.7,72.17,87.17,kota
Indonesia,2013,Aceh,Kota Langsa,,68.78,73.4,kota
Indonesia,2014,Aceh,Kota Langsa,,68.79,73.81,kota
Indonesia,2015,Aceh,Kota Langsa,,68.94,74.74,kota
Indonesia,2016,Aceh,Kota Langsa,,69.0,75.41,kota
Indonesia,2017,Aceh,Kota Langsa,,69.06,75.89,kota
Indonesia,2018,Aceh,Kota Langsa,,69.16,76.34,kota
Indonesia,2019,Aceh,Kota Langsa,35.44,69.37,77.16,kota
Indonesia,2020,Aceh,Kota Langsa,,69.42,77.17,kota
Indonesia,2021,Aceh,Kota Langsa,25.5,69.43,77.44,kota
Indonesia,2022,Aceh,Kota Langsa,22.1,69.63,77.82,kota
Indonesia,2023,Aceh,Kota Langsa,25.6,69.78,78.36,kota
Indonesia,2024,Aceh,Kota Langsa,15.6,69.92,78.81,kota
Indonesia,2013,Aceh,Kota Lhokseumawe,,70.61,74.13,kota
Indonesia,2014,Aceh,Kota Lhokseumawe,,70.62,74.44,kota
Indonesia,2015,Aceh,Kota Lhokseumawe,,70.96,75.11,kota
Indonesia,2016,Aceh,Kota Lhokseumawe,,71.05,75.78,kota
Indonesia,2017,Aceh,Kota Lhokseumawe,,71.14,76.34,kota
Indonesia,2018,Aceh,Kota Lhokseumawe,,71.27,76.62,kota
Indonesia,2019,Aceh,Kota Lhokseumawe,18.75,71.52,77.3,kota
Indonesia,2020,Aceh,Kota Lhokseumawe,,71.6,77.31,kota
Indonesia,2021,Aceh,Kota Lhokseumawe,27.4,71.64,77.57,kota
Indonesia,2022,Aceh,Kota Lhokseumawe,28.1,71.87,78.04,kota
Indonesia,2023,Aceh,Kota Lhokseumawe,20.7,72.06,78.92,kota
Indonesia,2024,Aceh,Kota Lhokseumawe,20.8,72.25,79.55,kota
Indonesia,2013,Aceh,Kota Sabang,,69.54,71.07,kota
Indonesia,2014,Aceh,Kota Sabang,,69.54,71.5,kota
Indonesia,2015,Aceh,Kota Sabang,,69.93,72.51,kota
Indonesia,2016,Aceh,Kota Sabang,,70.01,73.36,kota
Indonesia,2017,Aceh,Kota Sabang,,70.09,74.1,kota
Indonesia,2018,Aceh,Kota Sabang,,70.21,74.82,kota
Indonesia,2019,Aceh,Kota Sabang,30.59,70.45,75.77,kota
Indonesia,2020,Aceh,Kota Sabang,,70.51,75.78,kota
Indonesia,2021,Aceh,Kota Sabang,23.8,70.56,76.11,kota
Indonesia,2022,Aceh,Kota Sabang,23.4,70.79,76.85,kota
Indonesia,2023,Aceh,Kota Sabang,25.6,70.98,77.52,kota
Indonesia,2024,Aceh,Kota Sabang,23.4,71.17,78.32,kota
Indonesia,2013,Aceh,Kota Subulussalam,,62.86,60.11,kota
Indonesia,2014,Aceh,Kota Subulussalam,,62.87,60.39,kota
Indonesia,2015,Aceh,Kota Subulussalam,,63.27,61.32,kota
Indonesia,2016,Aceh,Kota Subulussalam,,63.42,62.18,kota
Indonesia,2017,Aceh,Kota Subulussalam,,63.56,62.88,kota
Indonesia,2018,Aceh,Kota Subulussalam,,63.69,63.48,kota
Indonesia,2019,Aceh,Kota Subulussalam,41.81,63.94,64.46,kota
Indonesia,2020,Aceh,Kota Subulussalam,,64.02,64.93,kota
Indonesia,2021,Aceh,Kota Subulussalam,41.8,64.07,65.27,kota
Indonesia,2022,Aceh,Kota Subulussalam,47.9,64.3,66.2,kota
Indonesia,2023,Aceh,Kota Subulussalam,29.6,64.41,67.1,kota
Indonesia,2024,Aceh,Kota Subulussalam,27.5,64.51,68.04,kota
Indonesia,2013,Aceh,Nagan Raya,,68.28,65.23,kota
Indonesia,2014,Aceh,Nagan Raya,,68.29,65.58,kota
Indonesia,2015,Aceh,Nagan Raya,,68.59,66.73,kota
Indonesia,2016,Aceh,Nagan Raya,,68.67,67.32,kota
Indonesia,2017,Aceh,Nagan Raya,,68.76,67.78,kota
Indonesia,2018,Aceh,Nagan Raya,,68.89,68.15,kota
Indonesia,2019,Aceh,Nagan Raya,26.46,69.14,69.11,kota
Indonesia,2020,Aceh,Nagan Raya,,69.22,69.18,kota
Indonesia,2021,Aceh,Nagan Raya,32.5,69.24,69.31,kota
Indonesia,2022,Aceh,Nagan Raya,28.8,69.45,70.1,kota
Indonesia,2023,Aceh,Nagan Raya,31.6,69.6,70.78,kota
Indonesia,2024,Aceh,Nagan Raya,35.5,69.75,71.72,kota
Indonesia,2013,Aceh,Pidie,,66.27,67.59,kota
Indonesia,2014,Aceh,Pidie,,66.28,67.87,kota
Indonesia,2015,Aceh,Pidie,,66.46,68.68,kota
Indonesia,2016,Aceh,Pidie,,66.52,69.06,kota
Indonesia,2017,Aceh,Pidie,,66.58,69.52,kota
Indonesia,2018,Aceh,Pidie,,66.68,69.93,kota
Indonesia,2019,Aceh,Pidie,27.87,66.89,70.41,kota
Indonesia,2020,Aceh,Pidie,,66.94,70.63,kota
Indonesia,2021,Aceh,Pidie,39.3,66.95,70.7,kota
Indonesia,2022,Aceh,Pidie,27.8,67.15,71.2,kota
Indonesia,2023,Aceh,Pidie,29.5,67.29,71.66,kota
Indonesia,2024,Aceh,Pidie,32.6,67.41,72.31,kota
Indonesia,2013,Aceh,Pidie Jaya,,69.11,69.26,kota
Indonesia,2014,Aceh,Pidie Jaya,,69.13,69.89,kota
Indonesia,2015,Aceh,Pidie Jaya,,69.49,70.49,kota
Indonesia,2016,Aceh,Pidie Jaya,,69.59,71.13,kota
Indonesia,2017,Aceh,Pidie Jaya,,69.68,71.73,kota
Indonesia,2018,Aceh,Pidie Jaya,,69.81,72.12,kota
Indonesia,2019,Aceh,Pidie Jaya,26.49,70.06,72.87,kota
Indonesia,2020,Aceh,Pidie Jaya,,70.14,73.2,kota
Indonesia,2021,Aceh,Pidie Jaya,29.0,70.18,73.6,kota
Indonesia,2022,Aceh,Pidie Jaya,37.8,70.41,74.34,kota
Indonesia,2023,Aceh,Pidie Jaya,29.4,70.6,74.8,kota
Indonesia,2024,Aceh,Pidie Jaya,31.6,70.77,75.16,kota
Indonesia,2013,Aceh,Simeulue,,64.23,61.68,kota
Indonesia,2014,Aceh,Simeulue,,64.24,62.18,kota
Indonesia,2015,Aceh,Simeulue,,64.66,63.16,kota
Indonesia,2016,Aceh,Simeulue,,64.78,63.82,kota
Indonesia,2017,Aceh,Simeulue,,64.9,64.41,kota
Indonesia,2018,Aceh,Simeulue,,65.0,64.74,kota
Indonesia,2019,Aceh,Simeulue,28.21,65.22,65.7,kota
Indonesia,2020,Aceh,Simeulue,,65.26,66.03,kota
Indonesia,2021,Aceh,Simeulue,25.9,65.28,66.41,kota
Indonesia,2022,Aceh,Simeulue,37.2,65.48,67.27,kota
Indonesia,2023,Aceh,Simeulue,30.7,65.61,68.06,kota
Indonesia,2024,Aceh,Simeulue,25.5,65.73,69.01,kota
Indonesia,2013,Bali,Badung,,74.19,77.63,kota
Indonesia,2014,Bali,Badung,,74.3,77.98,kota
Indonesia,2015,Bali,Badung,,74.31,78.86,kota
Indonesia,2016,Bali,Badung,,74.42,79.8,kota
Indonesia,2017,Bali,Badung,,74.53,80.54,kota
Indonesia,2018,Bali,Badung,,74.71,80.87,kota
Indonesia,2019,Bali,Badung,10.83,74.99,81.59,kota
Indonesia,2020,Bali,Badung,,75.1,81.6,kota
Indonesia,2021,Bali,Badung,8.7,75.18,81.83,kota
Indonesia,2022,Bali,Badung,6.6,75.51,82.13,kota
Indonesia,2023,Bali,Badung,4.9,75.88,83.08,kota
Indonesia,2024,Bali,Badung,7.2,76.18,83.87,kota
Indonesia,2013,Bali,Bangli,,69.36,65.47,kota
Indonesia,2014,Bali,Bangli,,69.44,65.75,kota
Indonesia,2015,Bali,Bangli,,69.54,66.24,kota
Indonesia,2016,Bali,Bangli,,69.69,67.03,kota
Indonesia,2017,Bali,Bangli,,69.83,68.24,kota
Indonesia,2018,Bali,Bangli,,70.05,68.96,kota
Indonesia,2019,Bali,Bangli,23.01,70.37,69.35,kota
Indonesia,2020,Bali,Bangli,,70.52,69.36,kota
Indonesia,2021,Bali,Bangli,11.8,70.62,69.37,kota
Indonesia,2022,Bali,Bangli,9.1,70.97,70.26,kota
Indonesia,2023,Bali,Bangli,10.2,71.33,70.79,kota
Indonesia,2024,Bali,Bangli,8.3,71.63,71.34,kota
Indonesia,2013,Bali,Buleleng,,70.58,68.83,kota
Indonesia,2014,Bali,Buleleng,,70.71,69.16,kota
Indonesia,2015,Bali,Buleleng,,70.81,70.03,kota
Indonesia,2016,Bali,Buleleng,,70.97,70.65,kota
Indonesia,2017,Bali,Buleleng,,71.14,71.11,kota
Indonesia,2018,Bali,Buleleng,,71.36,71.7,kota
Indonesia,2019,Bali,Buleleng,22.05,71.68,72.3,kota
Indonesia,2020,Bali,Buleleng,,71.83,72.55,kota
Indonesia,2021,Bali,Buleleng,8.9,71.95,72.56,kota
Indonesia,2022,Bali,Buleleng,11.0,72.32,73.45,kota
Indonesia,2023,Bali,Buleleng,6.2,72.7,73.97,kota
Indonesia,2024,Bali,Buleleng,14.8,72.92,74.52,kota
Indonesia,2013,Bali,Gianyar,,72.71,74.0,kota
Indonesia,2014,Bali,Gianyar,,72.78,74.29,kota
Indonesia,2015,Bali,Gianyar,,72.84,75.03,kota
Indonesia,2016,Bali,Gianyar,,72.95,75.7,kota
Indonesia,2017,Bali,Gianyar,,73.06,76.09,kota
Indonesia,2018,Bali,Gianyar,,73.26,76.71,kota
Indonesia,2019,Bali,Gianyar,11.1,73.56,77.14,kota
Indonesia,2020,Bali,Gianyar,,73.68,77.36,kota
Indonesia,2021,Bali,Gianyar,5.1,73.78,77.7,kota
Indonesia,2022,Bali,Gianyar,6.3,74.13,78.39,kota
Indonesia,2023,Bali,Gianyar,6.3,74.52,79.24,kota
Indonesia,2024,Bali,Gianyar,5.4,74.86,79.82,kota
Indonesia,2013,Bali,Jembrana,,71.26,68.39,kota
Indonesia,2014,Bali,Jembrana,,71.39,68.67,kota
Indonesia,2015,Bali,Jembrana,,71.43,69.66,kota
Indonesia,2016,Bali,Jembrana,,71.57,70.38,kota
Indonesia,2017,Bali,Jembrana,,71.7,70.72,kota
Indonesia,2018,Bali,Jembrana,,71.91,71.65,kota
Indonesia,2019,Bali,Jembrana,19.2,72.21,72.35,kota
Indonesia,2020,Bali,Jembrana,,72.35,72.36,kota
Indonesia,2021,Bali,Jembrana,14.3,72.46,72.75,kota
Indonesia,2022,Bali,Jembrana,14.2,72.82,73.58,kota
Indonesia,2023,Bali,Jembrana,8.7,73.2,74.04,kota
Indonesia,2024,Bali,Jembrana,7.5,73.51,74.6,kota
Indonesia,2013,Bali,Karangasem,,69.12,63.7,kota
Indonesia,2014,Bali,Karangasem,,69.18,64.01,kota
Indonesia,2015,Bali,Karangasem,,69.48,64.68,kota
Indonesia,2016,Bali,Karangasem,,69.66,65.23,kota
Indonesia,2017,Bali,Karangasem,,69.85,65.57,kota
Indonesia,2018,Bali,Karangasem,,70.05,66.49,kota
Indonesia,2019,Bali,Karangasem,15.75,70.35,67.34,kota
Indonesia,2020,Bali,Karangasem,,70.47,67.35,kota
Indonesia,2021,Bali,Karangasem,22.9,70.56,67.36,kota
Indonesia,2022,Bali,Karangasem,9.2,70.89,68.28,kota
Indonesia,2023,Bali,Karangasem,6.4,71.25,68.91,kota
Indonesia,2024,Bali,Karangasem,13.0,71.53,69.74,kota
Indonesia,2013,Bali,Klungkung,,69.84,68.08,kota
Indonesia,2014,Bali,Klungkung,,69.91,68.3,kota
Indonesia,2015,Bali,Klungkung,,70.11,68.98,kota
Indonesia,2016,Bali,Klungkung,,70.28,69.31,kota
Indonesia,2017,Bali,Klungkung,,70.45,70.13,kota
Indonesia,2018,Bali,Klungkung,,70.7,70.9,kota
Indonesia,2019,Bali,Klungkung,12.86,71.06,71.71,kota
Indonesia,2020,Bali,Klungkung,,71.25,71.73,kota
Indonesia,2021,Bali,Klungkung,19.4,71.41,71.75,kota
Indonesia,2022,Bali,Klungkung,7.7,71.83,72.55,kota
Indonesia,2023,Bali,Klungkung,4.9,72.28,73.11,kota
Indonesia,2024,Bali,Klungkung,5.2,72.5,74.04,kota
Indonesia,2013,Bali,Kota Denpasar,,73.56,81.32,kota
Indonesia,2014,Bali,Kota Denpasar,,73.71,81.65,kota
Indonesia,2015,Bali,Kota Denpasar,,73.91,82.24,kota
Indonesia,2016,Bali,Kota Denpasar,,74.04,82.58,kota
Indonesia,2017,Bali,Kota Denpasar,,74.17,83.01,kota
Indonesia,2018,Bali,Kota Denpasar,,74.38,83.3,kota
Indonesia,2019,Bali,Kota Denpasar,14.48,74.68,83.68,kota
Indonesia,2020,Bali,Kota Denpasar,,74.82,83.93,kota
Indonesia,2021,Bali,Kota Denpasar,9.0,74.93,84.03,kota
Indonesia,2022,Bali,Kota Denpasar,5.5,75.3,84.37,kota
Indonesia,2023,Bali,Kota Denpasar,10.8,75.69,84.73,kota
Indonesia,2024,Bali,Kota Denpasar,10.4,76.01,85.22,kota
Indonesia,2013,Bali,Tabanan,,72.52,72.31,kota
Indonesia,2014,Bali,Tabanan,,72.64,72.68,kota
Indonesia,2015,Bali,Tabanan,,72.74,73.54,kota
Indonesia,2016,Bali,Tabanan,,72.89,74.19,kota
Indonesia,2017,Bali,Tabanan,,73.03,74.86,kota
Indonesia,2018,Bali,Tabanan,,73.23,75.45,kota
Indonesia,2019,Bali,Tabanan,18.58,73.53,76.16,kota
Indonesia,2020,Bali,Tabanan,,73.65,76.17,kota
Indonesia,2021,Bali,Tabanan,9.2,73.75,76.45,kota
Indonesia,2022,Bali,Tabanan,8.2,74.1,76.75,kota
Indonesia,2023,Bali,Tabanan,6.3,74.48,77.43,kota
Indonesia,2024,Bali,Tabanan,7.5,74.8,78.42,kota
Indonesia,2013,Banten,Kota Cilegon,,65.84,70.99,kota
Indonesia,2014,Banten,Kota Cilegon,,65.85,71.57,kota
Indonesia,2015,Banten,Kota Cilegon,,66.15,71.81,kota
Indonesia,2016,Banten,Kota Cilegon,,66.24,72.04,kota
Indonesia,2017,Banten,Kota Cilegon,,66.32,72.29,kota
Indonesia,2018,Banten,Kota Cilegon,,66.43,72.65,kota
Indonesia,2019,Banten,Kota Cilegon,29.08,66.6,73.01,kota
Indonesia,2020,Banten,Kota Cilegon,,66.67,73.05,kota
Indonesia,2021,Banten,Kota Cilegon,20.6,66.69,73.35,kota
Indonesia,2022,Banten,Kota Cilegon,19.1,67.02,73.95,kota
Indonesia,2023,Banten,Kota Cilegon,22.0,67.39,74.54,kota
Indonesia,2024,Banten,Kota Cilegon,19.0,67.66,75.14,kota
Indonesia,2013,Banten,Kota Serang,,67.23,69.69,kota
Indonesia,2014,Banten,Kota Serang,,67.23,70.26,kota
Indonesia,2015,Banten,Kota Serang,,67.33,70.51,kota
Indonesia,2016,Banten,Kota Serang,,67.36,71.09,kota
Indonesia,2017,Banten,Kota Serang,,67.38,71.31,kota
Indonesia,2018,Banten,Kota Serang,,67.58,71.68,kota
Indonesia,2019,Banten,Kota Serang,28.75,67.83,72.1,kota
Indonesia,2020,Banten,Kota Serang,,68.0,72.16,kota
Indonesia,2021,Banten,Kota Serang,23.4,68.12,72.44,kota
Indonesia,2022,Banten,Kota Serang,23.8,68.54,72.98,kota
Indonesia,2023,Banten,Kota Serang,22.3,68.98,73.48,kota
Indonesia,2024,Banten,Kota Serang,22.9,69.27,73.99,kota
Indonesia,2013,Banten,Kota Tangerang,,71.09,75.04,kota
Indonesia,2014,Banten,Kota Tangerang,,71.09,75.87,kota
Indonesia,2015,Banten,Kota Tangerang,,71.29,76.08,kota
Indonesia,2016,Banten,Kota Tangerang,,71.34,76.81,kota
Indonesia,2017,Banten,Kota Tangerang,,71.38,77.01,kota
Indonesia,2018,Banten,Kota Tangerang,,71.45,77.92,kota
Indonesia,2019,Banten,Kota Tangerang,15.96,71.57,78.43,kota
Indonesia,2020,Banten,Kota Tangerang,,71.6,78.25,kota
Indonesia,2021,Banten,Kota Tangerang,15.3,71.6,78.5,kota
Indonesia,2022,Banten,Kota Tangerang,11.8,71.91,78.9,kota
Indonesia,2023,Banten,Kota Tangerang,17.6,72.24,79.46,kota
Indonesia,2024,Banten,Kota Tangerang,11.2,72.46,80.02,kota
Indonesia,2013,Banten,Kota Tangerang Selatan,,72.1,78.65,kota
Indonesia,2014,Banten,Kota Tangerang Selatan,,72.11,79.17,kota
Indonesia,2015,Banten,Kota Tangerang Selatan,,72.12,79.38,kota
Indonesia,2016,Banten,Kota Tangerang Selatan,,72.14,80.11,kota
Indonesia,2017,Banten,Kota Tangerang Selatan,,72.16,80.84,kota
Indonesia,2018,Banten,Kota Tangerang Selatan,,72.26,81.17,kota
Indonesia,2019,Banten,Kota Tangerang Selatan,15.39,72.41,81.48,kota
Indonesia,2020,Banten,Kota Tangerang Selatan,,72.47,81.36,kota
Indonesia,2021,Banten,Kota Tangerang Selatan,19.9,72.47,81.6,kota
Indonesia,2022,Banten,Kota Tangerang Selatan,9.0,72.78,81.95,kota
Indonesia,2023,Banten,Kota Tangerang Selatan,9.2,73.11,82.28,kota
Indonesia,2024,Banten,Kota Tangerang Selatan,10.5,73.31,82.89,kota
Indonesia,2013,Banten,Lebak,,65.83,61.13,kota
Indonesia,2014,Banten,Lebak,,65.88,61.64,kota
Indonesia,2015,Banten,Lebak,,66.28,62.03,kota
Indonesia,2016,Banten,Lebak,,66.43,62.78,kota
Indonesia,2017,Banten,Lebak,,66.59,62.95,kota
Indonesia,2018,Banten,Lebak,,66.79,63.37,kota
Indonesia,2019,Banten,Lebak,32.96,67.04,63.88,kota
Indonesia,2020,Banten,Lebak,,67.21,63.91,kota
Indonesia,2021,Banten,Lebak,27.3,67.33,64.03,kota
Indonesia,2022,Banten,Lebak,26.2,67.74,64.71,kota
Indonesia,2023,Banten,Lebak,35.5,68.13,65.21,kota
Indonesia,2024,Banten,Lebak,32.4,68.34,65.86,kota
Indonesia,2013,Banten,Pandeglang,,62.83,61.35,kota
Indonesia,2014,Banten,Pandeglang,,62.91,62.06,kota
Indonesia,2015,Banten,Pandeglang,,63.51,62.72,kota
Indonesia,2016,Banten,Pandeglang,,63.77,63.4,kota
Indonesia,2017,Banten,Pandeglang,,64.04,63.82,kota
Indonesia,2018,Banten,Pandeglang,,64.24,64.34,kota
Indonesia,2019,Banten,Pandeglang,34.01,64.49,64.91,kota
Indonesia,2020,Banten,Pandeglang,,64.66,65.0,kota
Indonesia,2021,Banten,Pandeglang,37.8,64.79,65.17,kota
Indonesia,2022,Banten,Pandeglang,29.4,65.2,65.84,kota
Indonesia,2023,Banten,Pandeglang,28.6,65.58,66.42,kota
Indonesia,2024,Banten,Pandeglang,26.4,65.79,66.99,kota
Indonesia,2013,Banten,Serang,,63.03,63.57,kota
Indonesia,2014,Banten,Serang,,63.09,63.97,kota
Indonesia,2015,Banten,Serang,,63.59,64.61,kota
Indonesia,2016,Banten,Serang,,63.81,65.12,kota
Indonesia,2017,Banten,Serang,,64.02,65.6,kota
Indonesia,2018,Banten,Serang,,64.22,65.93,kota
Indonesia,2019,Banten,Serang,39.43,64.47,66.38,kota
Indonesia,2019,Banten,Serang,39.43,64.47,66.38,kota
Indonesia,2020,Banten,Serang,,64.64,66.7,kota
Indonesia,2021,Banten,Serang,23.4,64.76,66.82,kota
Indonesia,2021,Banten,Serang,23.4,64.76,66.82,kota
Indonesia,2022,Banten,Serang,26.4,65.18,67.75,kota
Indonesia,2022,Banten,Serang,26.4,65.18,67.75,kota
Indonesia,2023,Banten,Serang,23.9,65.6,68.39,kota
Indonesia,2023,Banten,Serang,23.9,65.6,68.39,kota
Indonesia,2024,Banten,Serang,20.2,65.9,69.03,kota
Indonesia,2024,Banten,Serang,20.2,65.9,69.03,kota
Indonesia,2013,Banten,Tangerang,,68.96,69.28,kota
Indonesia,2014,Banten,Tangerang,,68.98,69.57,kota
Indonesia,2015,Banten,Tangerang,,69.28,70.05,kota
Indonesia,2016,Banten,Tangerang,,69.37,70.44,kota
Indonesia,2017,Banten,Tangerang,,69.47,70.97,kota
Indonesia,2018,Banten,Tangerang,,69.61,71.59,kota
Indonesia,2019,Banten,Tangerang,18.42,69.79,71.93,kota
Indonesia,2019,Banten,Tangerang,18.42,69.79,71.93,kota
Indonesia,2020,Banten,Tangerang,,69.89,71.92,kota
Indonesia,2021,Banten,Tangerang,15.3,69.93,72.29,kota
Indonesia,2021,Banten,Tangerang,15.3,69.93,72.29,kota
Indonesia,2022,Banten,Tangerang,21.1,70.28,72.97,kota
Indonesia,2022,Banten,Tangerang,21.1,70.28,72.97,kota
Indonesia,2023,Banten,Tangerang,26.4,70.65,73.43,kota
Indonesia,2023,Banten,Tangerang,26.4,70.65,73.43,kota
Indonesia,2024,Banten,Tangerang,23.4,70.88,74.09,kota
Indonesia,2024,Banten,Tangerang,23.4,70.88,74.09,kota
Indonesia,2013,Bengkulu,Bengkulu Selatan,,67.05,67.61,kota
Indonesia,2014,Bengkulu,Bengkulu Selatan,,67.06,68.28,kota
Indonesia,2015,Bengkulu,Bengkulu Selatan,,67.16,68.57,kota
Indonesia,2016,Bengkulu,Bengkulu Selatan,,67.2,68.71,kota
Indonesia,2017,Bengkulu,Bengkulu Selatan,,67.24,69.04,kota
Indonesia,2018,Bengkulu,Bengkulu Selatan,,67.45,69.85,kota
Indonesia,2019,Bengkulu,Bengkulu Selatan,25.22,67.79,70.27,kota
Indonesia,2020,Bengkulu,Bengkulu Selatan,,67.9,70.63,kota
Indonesia,2021,Bengkulu,Bengkulu Selatan,20.8,67.93,70.75,kota
Indonesia,2022,Bengkulu,Bengkulu Selatan,23.2,68.15,71.42,kota
Indonesia,2023,Bengkulu,Bengkulu Selatan,24.0,68.4,71.91,kota
Indonesia,2024,Bengkulu,Bengkulu Selatan,18.3,68.53,72.35,kota
Indonesia,2013,Bengkulu,Bengkulu Tengah,,67.61,63.71,kota
Indonesia,2014,Bengkulu,Bengkulu Tengah,,67.61,64.1,kota
Indonesia,2015,Bengkulu,Bengkulu Tengah,,67.61,64.68,kota
Indonesia,2016,Bengkulu,Bengkulu Tengah,,67.63,65.44,kota
Indonesia,2017,Bengkulu,Bengkulu Tengah,,67.64,65.8,kota
Indonesia,2018,Bengkulu,Bengkulu Tengah,,67.82,66.65,kota
Indonesia,2019,Bengkulu,Bengkulu Tengah,27.33,68.12,67.3,kota
Indonesia,2020,Bengkulu,Bengkulu Tengah,,68.19,67.61,kota
Indonesia,2021,Bengkulu,Bengkulu Tengah,25.5,68.19,67.96,kota
Indonesia,2022,Bengkulu,Bengkulu Tengah,21.2,68.37,68.47,kota
Indonesia,2023,Bengkulu,Bengkulu Tengah,23.2,68.52,68.99,kota
Indonesia,2024,Bengkulu,Bengkulu Tengah,23.4,68.64,69.84,kota
Indonesia,2013,Bengkulu,Bengkulu Utara,,67.37,66.67,kota
Indonesia,2014,Bengkulu,Bengkulu Utara,,67.38,67.27,kota
Indonesia,2015,Bengkulu,Bengkulu Utara,,67.38,67.46,kota
Indonesia,2016,Bengkulu,Bengkulu Utara,,67.4,67.63,kota
Indonesia,2017,Bengkulu,Bengkulu Utara,,67.42,67.8,kota
Indonesia,2018,Bengkulu,Bengkulu Utara,,67.67,68.36,kota
Indonesia,2019,Bengkulu,Bengkulu Utara,27.62,68.04,68.8,kota
Indonesia,2020,Bengkulu,Bengkulu Utara,,68.19,68.82,kota
Indonesia,2021,Bengkulu,Bengkulu Utara,20.7,68.27,69.28,kota
Indonesia,2022,Bengkulu,Bengkulu Utara,22.8,68.53,69.77,kota
Indonesia,2023,Bengkulu,Bengkulu Utara,21.6,68.77,70.28,kota
Indonesia,2024,Bengkulu,Bengkulu Utara,20.7,68.99,71.11,kota
Indonesia,2013,Bengkulu,Kaur,,65.45,63.17,kota
Indonesia,2014,Bengkulu,Kaur,,65.46,63.75,kota
Indonesia,2015,Bengkulu,Kaur,,65.76,64.47,kota
Indonesia,2016,Bengkulu,Kaur,,65.84,64.95,kota
Indonesia,2017,Bengkulu,Kaur,,65.92,65.28,kota
Indonesia,2018,Bengkulu,Kaur,,66.15,66.2,kota
Indonesia,2019,Bengkulu,Kaur,30.53,66.5,66.78,kota
Indonesia,2020,Bengkulu,Kaur,,66.63,66.99,kota
Indonesia,2021,Bengkulu,Kaur,11.3,66.73,67.17,kota
Indonesia,2022,Bengkulu,Kaur,12.4,67.01,67.77,kota
Indonesia,2023,Bengkulu,Kaur,14.3,67.27,68.38,kota
Indonesia,2024,Bengkulu,Kaur,15.9,67.51,68.98,kota
Indonesia,2013,Bengkulu,Kepahiang,,66.63,64.44,kota
Indonesia,2014,Bengkulu,Kepahiang,,66.65,65.22,kota
Indonesia,2015,Bengkulu,Kepahiang,,66.95,65.45,kota
Indonesia,2016,Bengkulu,Kepahiang,,67.03,66.35,kota
Indonesia,2017,Bengkulu,Kepahiang,,67.12,66.6,kota
Indonesia,2018,Bengkulu,Kepahiang,,67.39,67.14,kota
Indonesia,2019,Bengkulu,Kepahiang,28.44,67.78,67.67,kota
Indonesia,2020,Bengkulu,Kepahiang,,67.95,68.17,kota
Indonesia,2021,Bengkulu,Kepahiang,22.9,68.08,68.62,kota
Indonesia,2022,Bengkulu,Kepahiang,24.9,68.28,69.09,kota
Indonesia,2023,Bengkulu,Kepahiang,22.1,68.46,69.6,kota
Indonesia,2024,Bengkulu,Kepahiang,17.0,68.61,70.27,kota
Indonesia,2013,Bengkulu,Kota Bengkulu,,69.44,76.16,kota
Indonesia,2014,Bengkulu,Kota Bengkulu,,69.46,76.49,kota
Indonesia,2015,Bengkulu,Kota Bengkulu,,69.46,77.16,kota
Indonesia,2016,Bengkulu,Kota Bengkulu,,69.49,77.94,kota
Indonesia,2017,Bengkulu,Kota Bengkulu,,69.52,78.82,kota
Indonesia,2018,Bengkulu,Kota Bengkulu,,69.72,79.67,kota
Indonesia,2019,Bengkulu,Kota Bengkulu,21.73,70.04,80.35,kota
Indonesia,2020,Bengkulu,Kota Bengkulu,,70.13,80.36,kota
Indonesia,2021,Bengkulu,Kota Bengkulu,22.2,70.2,80.54,kota
Indonesia,2022,Bengkulu,Kota Bengkulu,12.9,70.46,80.99,kota
Indonesia,2023,Bengkulu,Kota Bengkulu,6.7,70.74,81.45,kota
Indonesia,2024,Bengkulu,Kota Bengkulu,16.1,71.03,82.04,kota
Indonesia,2013,Bengkulu,Lebong,,62.01,63.15,kota
Indonesia,2014,Bengkulu,Lebong,,62.01,63.9,kota
Indonesia,2015,Bengkulu,Lebong,,62.31,64.72,kota
Indonesia,2016,Bengkulu,Lebong,,62.39,65.58,kota
Indonesia,2017,Bengkulu,Lebong,,62.46,65.87,kota
Indonesia,2018,Bengkulu,Lebong,,62.73,66.28,kota
Indonesia,2019,Bengkulu,Lebong,14.91,63.12,66.84,kota
Indonesia,2020,Bengkulu,Lebong,,63.29,67.01,kota
Indonesia,2021,Bengkulu,Lebong,23.3,63.4,67.46,kota
Indonesia,2022,Bengkulu,Lebong,20.2,63.68,68.12,kota
Indonesia,2023,Bengkulu,Lebong,15.7,63.93,68.71,kota
Indonesia,2024,Bengkulu,Lebong,22.7,64.13,69.27,kota
Indonesia,2013,Bengkulu,Muko Muko,,65.8,64.79,kota
Indonesia,2014,Bengkulu,Muko Muko,,65.83,65.31,kota
Indonesia,2015,Bengkulu,Muko Muko,,65.83,65.77,kota
Indonesia,2016,Bengkulu,Muko Muko,,65.88,66.52,kota
Indonesia,2017,Bengkulu,Muko Muko,,65.93,67.07,kota
Indonesia,2018,Bengkulu,Muko Muko,,66.16,67.47,kota
Indonesia,2019,Bengkulu,Muko Muko,,66.51,68.12,kota
Indonesia,2020,Bengkulu,Muko Muko,,66.64,68.45,kota
Indonesia,2021,Bengkulu,Muko Muko,22.2,66.73,68.64,kota
Indonesia,2022,Bengkulu,Muko Muko,,67.0,69.12,kota
Indonesia,2023,Bengkulu,Muko Muko,,67.3,69.97,kota
Indonesia,2024,Bengkulu,Muko Muko,,67.57,70.63,kota
Indonesia,2013,Bengkulu,Rejang Lebong,,67.39,66.11,kota
Indonesia,2014,Bengkulu,Rejang Lebong,,67.42,66.55,kota
Indonesia,2015,Bengkulu,Rejang Lebong,,67.52,67.51,kota
Indonesia,2016,Bengkulu,Rejang Lebong,,67.58,68.34,kota
Indonesia,2017,Bengkulu,Rejang Lebong,,67.65,68.61,kota
Indonesia,2018,Bengkulu,Rejang Lebong,,67.95,69.4,kota
Indonesia,2019,Bengkulu,Rejang Lebong,27.86,68.37,70.1,kota
Indonesia,2020,Bengkulu,Rejang Lebong,,68.57,70.44,kota
Indonesia,2021,Bengkulu,Rejang Lebong,26.0,68.75,70.77,kota
Indonesia,2022,Bengkulu,Rejang Lebong,20.2,69.0,71.45,kota
Indonesia,2023,Bengkulu,Rejang Lebong,28.6,69.22,72.31,kota
Indonesia,2024,Bengkulu,Rejang Lebong,24.7,69.42,72.92,kota
Indonesia,2013,Bengkulu,Seluma,,66.39,62.1,kota
Indonesia,2014,Bengkulu,Seluma,,66.4,62.94,kota
Indonesia,2015,Bengkulu,Seluma,,66.7,63.41,kota
Indonesia,2016,Bengkulu,Seluma,,66.77,64.04,kota
Indonesia,2017,Bengkulu,Seluma,,66.85,65.0,kota
Indonesia,2018,Bengkulu,Seluma,,67.14,65.99,kota
Indonesia,2019,Bengkulu,Seluma,40.13,67.56,66.69,kota
Indonesia,2020,Bengkulu,Seluma,,67.75,66.89,kota
Indonesia,2021,Bengkulu,Seluma,24.7,67.9,67.03,kota
Indonesia,2022,Bengkulu,Seluma,22.1,68.13,67.76,kota
Indonesia,2023,Bengkulu,Seluma,26.0,68.35,68.27,kota
Indonesia,2024,Bengkulu,Seluma,22.6,68.53,68.97,kota
Indonesia,2013,DI Yogyakarta,Bantul,,73.22,76.78,kota
Indonesia,2014,DI Yogyakarta,Bantul,,73.24,77.11,kota
Indonesia,2015,DI Yogyakarta,Bantul,,73.44,77.99,kota
Indonesia,2016,DI Yogyakarta,Bantul,,73.5,78.42,kota
Indonesia,2017,DI Yogyakarta,Bantul,,73.56,78.67,kota
Indonesia,2018,DI Yogyakarta,Bantul,,73.66,79.45,kota
Indonesia,2019,DI Yogyakarta,Bantul,18.32,73.77,80.01,kota
Indonesia,2020,DI Yogyakarta,Bantul,,73.86,80.01,kota
Indonesia,2021,DI Yogyakarta,Bantul,19.1,73.89,80.28,kota
Indonesia,2022,DI Yogyakarta,Bantul,14.9,73.9,80.69,kota
Indonesia,2023,DI Yogyakarta,Bantul,20.5,73.94,81.39,kota
Indonesia,2024,DI Yogyakarta,Bantul,16.5,74.17,81.74,kota
Indonesia,2013,DI Yogyakarta,Gunungkidul,,73.38,66.31,kota
Indonesia,2014,DI Yogyakarta,Gunungkidul,,73.39,67.03,kota
Indonesia,2015,DI Yogyakarta,Gunungkidul,,73.69,67.41,kota
Indonesia,2016,DI Yogyakarta,Gunungkidul,,73.76,67.82,kota
Indonesia,2017,DI Yogyakarta,Gunungkidul,,73.82,68.73,kota
Indonesia,2018,DI Yogyakarta,Gunungkidul,,73.92,69.24,kota
Indonesia,2019,DI Yogyakarta,Gunungkidul,,74.03,69.96,kota
Indonesia,2020,DI Yogyakarta,Gunungkidul,,74.12,69.98,kota
Indonesia,2021,DI Yogyakarta,Gunungkidul,20.6,74.19,70.16,kota
Indonesia,2022,DI Yogyakarta,Gunungkidul,,74.23,70.96,kota
Indonesia,2023,DI Yogyakarta,Gunungkidul,,74.24,71.24,kota
Indonesia,2024,DI Yogyakarta,Gunungkidul,,74.35,71.89,kota
Indonesia,2013,DI Yogyakarta,Kota Yogyakarta,,74.05,83.61,kota
Indonesia,2014,DI Yogyakarta,Kota Yogyakarta,,74.05,83.78,kota
Indonesia,2015,DI Yogyakarta,Kota Yogyakarta,,74.25,84.56,kota
Indonesia,2016,DI Yogyakarta,Kota Yogyakarta,,74.3,85.32,kota
Indonesia,2017,DI Yogyakarta,Kota Yogyakarta,,74.35,85.49,kota
Indonesia,2018,DI Yogyakarta,Kota Yogyakarta,,74.45,86.11,kota
Indonesia,2019,DI Yogyakarta,Kota Yogyakarta,25.42,74.56,86.65,kota
Indonesia,2020,DI Yogyakarta,Kota Yogyakarta,,74.65,86.61,kota
Indonesia,2021,DI Yogyakarta,Kota Yogyakarta,17.1,74.76,87.18,kota
Indonesia,2022,DI Yogyakarta,Kota Yogyakarta,13.8,74.83,87.69,kota
Indonesia,2023,DI Yogyakarta,Kota Yogyakarta,16.8,74.91,88.28,kota
Indonesia,2024,DI Yogyakarta,Kota Yogyakarta,14.8,75.11,88.77,kota
Indonesia,2013,DI Yogyakarta,Kulon Progo,,74.89,70.14,kota
Indonesia,2014,DI Yogyakarta,Kulon Progo,,74.9,70.68,kota
Indonesia,2015,DI Yogyakarta,Kulon Progo,,75.0,71.52,kota
Indonesia,2016,DI Yogyakarta,Kulon Progo,,75.03,72.38,kota
Indonesia,2017,DI Yogyakarta,Kulon Progo,,75.06,73.23,kota
Indonesia,2018,DI Yogyakarta,Kulon Progo,,75.12,73.76,kota
Indonesia,2019,DI Yogyakarta,Kulon Progo,27.13,75.2,74.44,kota
Indonesia,2020,DI Yogyakarta,Kulon Progo,,75.24,74.46,kota
Indonesia,2021,DI Yogyakarta,Kulon Progo,14.9,75.27,74.71,kota
Indonesia,2022,DI Yogyakarta,Kulon Progo,15.8,75.28,75.46,kota
Indonesia,2023,DI Yogyakarta,Kulon Progo,21.2,75.29,75.79,kota
Indonesia,2024,DI Yogyakarta,Kulon Progo,18.0,75.41,76.14,kota
Indonesia,2013,DI Yogyakarta,Sleman,,74.47,80.26,kota
Indonesia,2014,DI Yogyakarta,Sleman,,74.47,80.73,kota
Indonesia,2015,DI Yogyakarta,Sleman,,74.57,81.2,kota
Indonesia,2016,DI Yogyakarta,Sleman,,74.6,82.15,kota
Indonesia,2017,DI Yogyakarta,Sleman,,74.63,82.85,kota
Indonesia,2018,DI Yogyakarta,Sleman,,74.69,83.42,kota
Indonesia,2019,DI Yogyakarta,Sleman,18.52,74.77,83.85,kota
Indonesia,2020,DI Yogyakarta,Sleman,,74.81,83.84,kota
Indonesia,2021,DI Yogyakarta,Sleman,16.0,74.92,84.0,kota
Indonesia,2022,DI Yogyakarta,Sleman,15.0,75.0,84.31,kota
Indonesia,2023,DI Yogyakarta,Sleman,12.4,75.08,84.77,kota
Indonesia,2024,DI Yogyakarta,Sleman,17.3,75.29,85.61,kota
Indonesia,2013,DKI Jakarta,Kepulauan Seribu,,67.16,67.62,kota
Indonesia,2014,DKI Jakarta,Kepulauan Seribu,,67.22,68.48,kota
Indonesia,2015,DKI Jakarta,Kepulauan Seribu,,67.72,68.84,kota
Indonesia,2016,DKI Jakarta,Kepulauan Seribu,,67.88,69.52,kota
Indonesia,2017,DKI Jakarta,Kepulauan Seribu,,68.04,70.11,kota
Indonesia,2018,DKI Jakarta,Kepulauan Seribu,,68.27,70.91,kota
Indonesia,2019,DKI Jakarta,Kepulauan Seribu,29.16,68.51,71.4,kota
Indonesia,2020,DKI Jakarta,Kepulauan Seribu,,68.76,71.63,kota
Indonesia,2021,DKI Jakarta,Kepulauan Seribu,19.3,68.99,72.1,kota
Indonesia,2022,DKI Jakarta,Kepulauan Seribu,20.5,69.2,72.79,kota
Indonesia,2023,DKI Jakarta,Kepulauan Seribu,18.6,69.61,73.39,kota
Indonesia,2024,DKI Jakarta,Kepulauan Seribu,16.9,69.78,74.17,kota
Indonesia,2013,DKI Jakarta,Kota Jakarta Barat,,73.22,78.79,kota
Indonesia,2014,DKI Jakarta,Kota Jakarta Barat,,73.22,79.38,kota
Indonesia,2015,DKI Jakarta,Kota Jakarta Barat,,73.32,79.72,kota
Indonesia,2016,DKI Jakarta,Kota Jakarta Barat,,73.34,80.34,kota
Indonesia,2017,DKI Jakarta,Kota Jakarta Barat,,73.37,80.47,kota
Indonesia,2018,DKI Jakarta,Kota Jakarta Barat,,73.45,80.88,kota
Indonesia,2019,DKI Jakarta,Kota Jakarta Barat,18.6,73.54,81.21,kota
Indonesia,2020,DKI Jakarta,Kota Jakarta Barat,,73.62,81.38,kota
Indonesia,2021,DKI Jakarta,Kota Jakarta Barat,17.6,73.69,81.76,kota
Indonesia,2022,DKI Jakarta,Kota Jakarta Barat,15.2,73.81,82.51,kota
Indonesia,2023,DKI Jakarta,Kota Jakarta Barat,17.1,74.16,83.02,kota
Indonesia,2024,DKI Jakarta,Kota Jakarta Barat,17.4,74.48,83.64,kota
Indonesia,2013,DKI Jakarta,Kota Jakarta Pusat,,73.58,78.81,kota
Indonesia,2014,DKI Jakarta,Kota Jakarta Pusat,,73.6,79.03,kota
Indonesia,2015,DKI Jakarta,Kota Jakarta Pusat,,73.7,79.69,kota
Indonesia,2016,DKI Jakarta,Kota Jakarta Pusat,,73.76,80.22,kota
Indonesia,2017,DKI Jakarta,Kota Jakarta Pusat,,73.83,80.49,kota
Indonesia,2018,DKI Jakarta,Kota Jakarta Pusat,,73.92,81.01,kota
Indonesia,2019,DKI Jakarta,Kota Jakarta Pusat,21.72,74.02,81.24,kota
Indonesia,2020,DKI Jakarta,Kota Jakarta Pusat,,74.11,81.39,kota
Indonesia,2021,DKI Jakarta,Kota Jakarta Pusat,19.7,74.19,81.56,kota
Indonesia,2022,DKI Jakarta,Kota Jakarta Pusat,14.0,74.48,82.11,kota
Indonesia,2023,DKI Jakarta,Kota Jakarta Pusat,19.1,74.81,82.53,kota
Indonesia,2024,DKI Jakarta,Kota Jakarta Pusat,20.3,75.09,83.01,kota
Indonesia,2013,DKI Jakarta,Kota Jakarta Selatan,,73.8,82.72,kota
Indonesia,2014,DKI Jakarta,Kota Jakarta Selatan,,73.81,82.94,kota
Indonesia,2015,DKI Jakarta,Kota Jakarta Selatan,,73.81,83.37,kota
Indonesia,2016,DKI Jakarta,Kota Jakarta Selatan,,73.83,83.94,kota
Indonesia,2017,DKI Jakarta,Kota Jakarta Selatan,,73.84,84.13,kota
Indonesia,2018,DKI Jakarta,Kota Jakarta Selatan,,73.93,84.44,kota
Indonesia,2019,DKI Jakarta,Kota Jakarta Selatan,19.64,74.03,84.75,kota
Indonesia,2020,DKI Jakarta,Kota Jakarta Selatan,,74.12,84.72,kota
Indonesia,2021,DKI Jakarta,Kota Jakarta Selatan,15.7,74.2,84.9,kota
Indonesia,2022,DKI Jakarta,Kota Jakarta Selatan,11.9,74.49,85.21,kota
Indonesia,2023,DKI Jakarta,Kota Jakarta Selatan,16.6,74.78,86.07,kota
Indonesia,2024,DKI Jakarta,Kota Jakarta Selatan,14.9,75.02,86.94,kota
Indonesia,2013,DKI Jakarta,Kota Jakarta Timur,,73.98,79.88,kota
Indonesia,2014,DKI Jakarta,Kota Jakarta Timur,,74.0,80.4,kota
Indonesia,2015,DKI Jakarta,Kota Jakarta Timur,,74.1,80.73,kota
Indonesia,2016,DKI Jakarta,Kota Jakarta Timur,,74.14,81.28,kota
Indonesia,2017,DKI Jakarta,Kota Jakarta Timur,,74.18,81.61,kota
Indonesia,2018,DKI Jakarta,Kota Jakarta Timur,,74.27,82.06,kota
Indonesia,2019,DKI Jakarta,Kota Jakarta Timur,18.43,74.37,82.69,kota
Indonesia,2020,DKI Jakarta,Kota Jakarta Timur,,74.47,82.66,kota
Indonesia,2021,DKI Jakarta,Kota Jakarta Timur,13.4,74.54,82.97,kota
Indonesia,2022,DKI Jakarta,Kota Jakarta Timur,14.4,74.83,83.45,kota
Indonesia,2023,DKI Jakarta,Kota Jakarta Timur,16.8,75.12,84.13,kota
Indonesia,2024,DKI Jakarta,Kota Jakarta Timur,16.4,75.38,84.65,kota
Indonesia,2013,DKI Jakarta,Kota Jakarta Utara,,72.8,77.16,kota
Indonesia,2014,DKI Jakarta,Kota Jakarta Utara,,72.81,77.29,kota
Indonesia,2015,DKI Jakarta,Kota Jakarta Utara,,72.91,78.3,kota
Indonesia,2016,DKI Jakarta,Kota Jakarta Utara,,72.95,78.78,kota
Indonesia,2017,DKI Jakarta,Kota Jakarta Utara,,72.99,79.47,kota
Indonesia,2018,DKI Jakarta,Kota Jakarta Utara,,73.08,79.87,kota
Indonesia,2019,DKI Jakarta,Kota Jakarta Utara,24.21,73.18,80.17,kota
Indonesia,2020,DKI Jakarta,Kota Jakarta Utara,,73.28,80.29,kota
Indonesia,2021,DKI Jakarta,Kota Jakarta Utara,20.4,73.35,80.51,kota
Indonesia,2022,DKI Jakarta,Kota Jakarta Utara,18.5,73.47,80.81,kota
Indonesia,2023,DKI Jakarta,Kota Jakarta Utara,19.8,73.59,81.11,kota
Indonesia,2024,DKI Jakarta,Kota Jakarta Utara,19.7,73.69,81.39,kota
Indonesia,2013,Gorontalo,Boalemo,,67.12,61.71,kota
Indonesia,2014,Gorontalo,Boalemo,,67.29,62.18,kota
Indonesia,2015,Gorontalo,Boalemo,,67.49,62.86,kota
Indonesia,2016,Gorontalo,Boalemo,,67.67,63.42,kota
Indonesia,2017,Gorontalo,Boalemo,,67.86,64.22,kota
Indonesia,2018,Gorontalo,Boalemo,,68.25,64.99,kota
Indonesia,2019,Gorontalo,Boalemo,37.15,68.83,65.53,kota
Indonesia,2020,Gorontalo,Boalemo,,69.07,65.91,kota
Indonesia,2021,Gorontalo,Boalemo,29.8,69.3,66.42,kota
Indonesia,2022,Gorontalo,Boalemo,29.9,69.61,67.27,kota
Indonesia,2023,Gorontalo,Boalemo,16.0,69.92,68.18,kota
Indonesia,2024,Gorontalo,Boalemo,8.0,70.11,68.74,kota
Indonesia,2013,Gorontalo,Bone Bolango,,67.45,65.82,kota
Indonesia,2014,Gorontalo,Bone Bolango,,67.5,66.03,kota
Indonesia,2015,Gorontalo,Bone Bolango,,67.6,66.83,kota
Indonesia,2016,Gorontalo,Bone Bolango,,67.65,67.48,kota
Indonesia,2017,Gorontalo,Bone Bolango,,67.71,68.11,kota
Indonesia,2018,Gorontalo,Bone Bolango,,67.95,69.06,kota
Indonesia,2019,Gorontalo,Bone Bolango,25.34,68.38,69.63,kota
Indonesia,2020,Gorontalo,Bone Bolango,,68.46,69.98,kota
Indonesia,2021,Gorontalo,Bone Bolango,25.1,68.52,70.25,kota
Indonesia,2022,Gorontalo,Bone Bolango,22.3,68.88,70.9,kota
Indonesia,2023,Gorontalo,Bone Bolango,27.1,69.24,71.51,kota
Indonesia,2024,Gorontalo,Bone Bolango,23.0,69.49,72.38,kota
Indonesia,2013,Gorontalo,Gorontalo,,66.92,64.7,kota
Indonesia,2014,Gorontalo,Gorontalo,,67.0,65.17,kota
Indonesia,2015,Gorontalo,Gorontalo,,67.12,65.86,kota
Indonesia,2016,Gorontalo,Gorontalo,,67.13,66.29,kota
Indonesia,2017,Gorontalo,Gorontalo,,67.14,67.01,kota
Indonesia,2018,Gorontalo,Gorontalo,,67.45,67.71,kota
Indonesia,2019,Gorontalo,Gorontalo,37.25,67.93,68.49,kota
Indonesia,2019,Gorontalo,Gorontalo,37.25,67.93,68.49,kota
Indonesia,2019,Gorontalo,Gorontalo,37.25,67.93,68.49,kota
Indonesia,2019,Gorontalo,Gorontalo,37.25,67.93,68.49,kota
Indonesia,2019,Gorontalo,Gorontalo,37.25,67.93,68.49,kota
Indonesia,2019,Gorontalo,Gorontalo,37.25,67.93,68.49,kota
Indonesia,2020,Gorontalo,Gorontalo,,68.07,68.68,kota
Indonesia,2021,Gorontalo,Gorontalo,26.5,68.19,69.0,kota
Indonesia,2021,Gorontalo,Gorontalo,26.5,68.19,69.0,kota
Indonesia,2021,Gorontalo,Gorontalo,26.5,68.19,69.0,kota
Indonesia,2021,Gorontalo,Gorontalo,26.5,68.19,69.0,kota
Indonesia,2021,Gorontalo,Gorontalo,26.5,68.19,69.0,kota
Indonesia,2021,Gorontalo,Gorontalo,26.5,68.19,69.0,kota
Indonesia,2022,Gorontalo,Gorontalo,30.8,68.51,69.81,kota
Indonesia,2022,Gorontalo,Gorontalo,23.8,68.51,69.81,kota
Indonesia,2022,Gorontalo,Gorontalo,30.8,68.51,69.81,kota
Indonesia,2022,Gorontalo,Gorontalo,23.8,68.51,69.81,kota
Indonesia,2022,Gorontalo,Gorontalo,30.8,68.51,69.81,kota
Indonesia,2022,Gorontalo,Gorontalo,23.8,68.51,69.81,kota
Indonesia,2023,Gorontalo,Gorontalo,34.7,68.83,70.45,kota
Indonesia,2023,Gorontalo,Gorontalo,34.7,68.83,70.45,kota
Indonesia,2023,Gorontalo,Gorontalo,34.7,68.83,70.45,kota
Indonesia,2023,Gorontalo,Gorontalo,34.7,68.83,70.45,kota
Indonesia,2023,Gorontalo,Gorontalo,34.7,68.83,70.45,kota
Indonesia,2023,Gorontalo,Gorontalo,34.7,68.83,70.45,kota
Indonesia,2024,Gorontalo,Gorontalo,28.3,69.09,71.23,kota
Indonesia,2024,Gorontalo,Gorontalo,28.3,69.09,71.23,kota
Indonesia,2024,Gorontalo,Gorontalo,28.3,69.09,71.23,kota
Indonesia,2024,Gorontalo,Gorontalo,28.3,69.09,71.23,kota
Indonesia,2024,Gorontalo,Gorontalo,28.3,69.09,71.23,kota
Indonesia,2024,Gorontalo,Gorontalo,28.3,69.09,71.23,kota
Indonesia,2013,Gorontalo,Gorontalo Utara,,64.76,61.6,kota
Indonesia,2014,Gorontalo,Gorontalo Utara,,64.79,61.92,kota
Indonesia,2015,Gorontalo,Gorontalo Utara,,64.99,62.55,kota
Indonesia,2016,Gorontalo,Gorontalo Utara,,65.06,63.02,kota
Indonesia,2017,Gorontalo,Gorontalo Utara,,65.12,63.52,kota
Indonesia,2018,Gorontalo,Gorontalo Utara,,65.36,64.06,kota
Indonesia,2019,Gorontalo,Gorontalo Utara,35.34,65.79,64.52,kota
Indonesia,2020,Gorontalo,Gorontalo Utara,,65.87,64.86,kota
Indonesia,2021,Gorontalo,Gorontalo Utara,29.5,65.93,65.21,kota
Indonesia,2022,Gorontalo,Gorontalo Utara,29.3,66.3,66.01,kota
Indonesia,2023,Gorontalo,Gorontalo Utara,30.5,66.67,66.61,kota
Indonesia,2024,Gorontalo,Gorontalo Utara,25.6,66.95,67.46,kota
Indonesia,2013,Gorontalo,Kota Gorontalo,,71.62,74.43,kota
Indonesia,2014,Gorontalo,Kota Gorontalo,,71.68,74.97,kota
Indonesia,2015,Gorontalo,Kota Gorontalo,,71.69,75.62,kota
Indonesia,2016,Gorontalo,Kota Gorontalo,,71.74,75.75,kota
Indonesia,2017,Gorontalo,Kota Gorontalo,,71.79,76.09,kota
Indonesia,2018,Gorontalo,Kota Gorontalo,,72.02,76.53,kota
Indonesia,2019,Gorontalo,Kota Gorontalo,37.8,72.42,77.08,kota
Indonesia,2020,Gorontalo,Kota Gorontalo,,72.49,77.13,kota
Indonesia,2021,Gorontalo,Kota Gorontalo,26.5,72.53,77.41,kota
Indonesia,2022,Gorontalo,Kota Gorontalo,19.1,72.88,78.22,kota
Indonesia,2023,Gorontalo,Kota Gorontalo,23.6,73.25,78.64,kota
Indonesia,2024,Gorontalo,Kota Gorontalo,31.2,73.55,79.18,kota
Indonesia,2013,Gorontalo,Pahuwato,,62.09,61.38,kota
Indonesia,2014,Gorontalo,Pahuwato,,62.33,61.74,kota
Indonesia,2015,Gorontalo,Pahuwato,,62.43,62.5,kota
Indonesia,2016,Gorontalo,Pahuwato,,62.65,63.17,kota
Indonesia,2017,Gorontalo,Pahuwato,,62.86,63.88,kota
Indonesia,2018,Gorontalo,Pahuwato,,63.25,64.44,kota
Indonesia,2019,Gorontalo,Pahuwato,,63.83,65.27,kota
Indonesia,2020,Gorontalo,Pahuwato,,64.07,65.37,kota
Indonesia,2021,Gorontalo,Pahuwato,,64.3,65.8,kota
Indonesia,2022,Gorontalo,Pahuwato,,64.62,66.53,kota
Indonesia,2023,Gorontalo,Pahuwato,,64.95,67.15,kota
Indonesia,2024,Gorontalo,Pahuwato,,65.18,68.02,kota
Indonesia,2013,Jambi,Batanghari,,69.63,67.24,kota
Indonesia,2014,Jambi,Batanghari,,69.65,67.68,kota
Indonesia,2015,Jambi,Batanghari,,69.95,68.05,kota
Indonesia,2016,Jambi,Batanghari,,70.03,68.7,kota
Indonesia,2017,Jambi,Batanghari,,70.12,68.92,kota
Indonesia,2018,Jambi,Batanghari,,70.26,69.33,kota
Indonesia,2019,Jambi,Batanghari,27.32,70.44,69.67,kota
Indonesia,2020,Jambi,Batanghari,,70.56,69.84,kota
Indonesia,2021,Jambi,Batanghari,24.5,70.64,70.11,kota
Indonesia,2022,Jambi,Batanghari,26.3,70.93,70.51,kota
Indonesia,2023,Jambi,Batanghari,10.1,71.22,71.02,kota
Indonesia,2024,Jambi,Batanghari,,71.55,71.67,kota
Indonesia,2013,Jambi,Bungo,,66.68,67.54,kota
Indonesia,2014,Jambi,Bungo,,66.68,67.93,kota
Indonesia,2015,Jambi,Bungo,,67.08,68.34,kota
Indonesia,2016,Jambi,Bungo,,67.18,68.77,kota
Indonesia,2017,Jambi,Bungo,,67.27,69.04,kota
Indonesia,2018,Jambi,Bungo,,67.42,69.42,kota
Indonesia,2019,Jambi,Bungo,27.57,67.61,69.86,kota
Indonesia,2020,Jambi,Bungo,,67.74,69.92,kota
Indonesia,2021,Jambi,Bungo,22.9,67.83,70.15,kota
Indonesia,2022,Jambi,Bungo,15.4,68.13,70.55,kota
Indonesia,2023,Jambi,Bungo,13.7,68.43,71.06,kota
Indonesia,2024,Jambi,Bungo,20.4,68.71,71.92,kota
Indonesia,2013,Jambi,Kerinci,,69.14,67.49,kota
Indonesia,2014,Jambi,Kerinci,,69.2,67.96,kota
Indonesia,2015,Jambi,Kerinci,,69.3,68.89,kota
Indonesia,2016,Jambi,Kerinci,,69.41,69.68,kota
Indonesia,2017,Jambi,Kerinci,,69.52,70.03,kota
Indonesia,2018,Jambi,Kerinci,,69.65,70.59,kota
Indonesia,2019,Jambi,Kerinci,33.85,69.82,70.95,kota
Indonesia,2020,Jambi,Kerinci,,69.93,71.21,kota
Indonesia,2021,Jambi,Kerinci,26.7,70.0,71.45,kota
Indonesia,2022,Jambi,Kerinci,24.2,70.28,71.99,kota
Indonesia,2023,Jambi,Kerinci,8.7,70.55,72.54,kota
Indonesia,2024,Jambi,Kerinci,16.4,70.8,73.11,kota
Indonesia,2013,Jambi,Kota Jambi,,72.3,74.21,kota
Indonesia,2014,Jambi,Kota Jambi,,72.31,74.86,kota
Indonesia,2015,Jambi,Kota Jambi,,72.31,75.58,kota
Indonesia,2016,Jambi,Kota Jambi,,72.32,76.14,kota
Indonesia,2017,Jambi,Kota Jambi,,72.33,76.74,kota
Indonesia,2018,Jambi,Kota Jambi,,72.43,77.41,kota
Indonesia,2019,Jambi,Kota Jambi,18.62,72.57,78.26,kota
Indonesia,2020,Jambi,Kota Jambi,,72.65,78.37,kota
Indonesia,2021,Jambi,Kota Jambi,17.4,72.71,79.12,kota
Indonesia,2022,Jambi,Kota Jambi,14.0,72.99,79.58,kota
Indonesia,2023,Jambi,Kota Jambi,13.5,73.29,80.15,kota
Indonesia,2024,Jambi,Kota Jambi,10.3,73.66,81.04,kota
Indonesia,2013,Jambi,Kota Sungai Penuh,,71.49,72.09,kota
Indonesia,2014,Jambi,Kota Sungai Penuh,,71.51,72.48,kota
Indonesia,2015,Jambi,Kota Sungai Penuh,,71.61,73.03,kota
Indonesia,2016,Jambi,Kota Sungai Penuh,,71.66,73.35,kota
Indonesia,2017,Jambi,Kota Sungai Penuh,,71.71,73.75,kota
Indonesia,2018,Jambi,Kota Sungai Penuh,,71.84,74.67,kota
Indonesia,2019,Jambi,Kota Sungai Penuh,25.66,72.01,75.36,kota
Indonesia,2020,Jambi,Kota Sungai Penuh,,72.11,75.42,kota
Indonesia,2021,Jambi,Kota Sungai Penuh,25.0,72.21,75.7,kota
Indonesia,2022,Jambi,Kota Sungai Penuh,26.0,72.53,76.17,kota
Indonesia,2023,Jambi,Kota Sungai Penuh,,72.86,76.65,kota
Indonesia,2024,Jambi,Kota Sungai Penuh,8.0,73.2,77.4,kota
Indonesia,2013,Jambi,Merangin,,70.91,65.82,kota
Indonesia,2014,Jambi,Merangin,,70.92,66.21,kota
Indonesia,2015,Jambi,Merangin,,70.92,67.15,kota
Indonesia,2016,Jambi,Merangin,,70.93,67.86,kota
Indonesia,2017,Jambi,Merangin,,70.94,68.3,kota
Indonesia,2018,Jambi,Merangin,,71.04,68.81,kota
Indonesia,2019,Jambi,Merangin,15.38,71.18,69.07,kota
Indonesia,2020,Jambi,Merangin,,71.26,69.19,kota
Indonesia,2021,Jambi,Merangin,19.7,71.29,69.53,kota
Indonesia,2022,Jambi,Merangin,14.5,71.53,69.98,kota
Indonesia,2023,Jambi,Merangin,14.9,71.75,70.81,kota
Indonesia,2024,Jambi,Merangin,9.6,71.95,71.66,kota
Indonesia,2013,Jambi,Muaro Jambi,,70.7,65.14,kota
Indonesia,2014,Jambi,Muaro Jambi,,70.71,65.71,kota
Indonesia,2015,Jambi,Muaro Jambi,,70.81,66.66,kota
Indonesia,2016,Jambi,Muaro Jambi,,70.86,67.55,kota
Indonesia,2017,Jambi,Muaro Jambi,,70.9,67.86,kota
Indonesia,2018,Jambi,Muaro Jambi,,71.02,68.34,kota
Indonesia,2019,Jambi,Muaro Jambi,13.51,71.18,69.01,kota
Indonesia,2020,Jambi,Muaro Jambi,,71.27,69.18,kota
Indonesia,2021,Jambi,Muaro Jambi,27.2,71.32,69.55,kota
Indonesia,2022,Jambi,Muaro Jambi,18.6,71.58,70.18,kota
Indonesia,2023,Jambi,Muaro Jambi,12.0,71.84,71.04,kota
Indonesia,2024,Jambi,Muaro Jambi,18.8,72.09,71.91,kota
Indonesia,2013,Jambi,Sarolangun,,68.66,67.13,kota
Indonesia,2014,Jambi,Sarolangun,,68.67,67.67,kota
Indonesia,2015,Jambi,Sarolangun,,68.77,68.1,kota
Indonesia,2016,Jambi,Sarolangun,,68.8,68.73,kota
Indonesia,2017,Jambi,Sarolangun,,68.83,69.03,kota
Indonesia,2018,Jambi,Sarolangun,,68.94,69.41,kota
Indonesia,2019,Jambi,Sarolangun,19.06,69.09,69.72,kota
Indonesia,2020,Jambi,Sarolangun,,69.17,69.86,kota
Indonesia,2021,Jambi,Sarolangun,21.4,69.21,70.25,kota
Indonesia,2022,Jambi,Sarolangun,16.8,69.46,70.89,kota
Indonesia,2023,Jambi,Sarolangun,,69.7,71.29,kota
Indonesia,2024,Jambi,Sarolangun,6.6,69.92,72.01,kota
Indonesia,2013,Jambi,Tanjung Jabung Barat,,67.46,63.54,kota
Indonesia,2014,Jambi,Tanjung Jabung Barat,,67.46,64.04,kota
Indonesia,2015,Jambi,Tanjung Jabung Barat,,67.66,65.03,kota
Indonesia,2016,Jambi,Tanjung Jabung Barat,,67.71,65.91,kota
Indonesia,2017,Jambi,Tanjung Jabung Barat,,67.75,66.15,kota
Indonesia,2018,Jambi,Tanjung Jabung Barat,,67.87,67.13,kota
Indonesia,2019,Jambi,Tanjung Jabung Barat,21.81,68.03,67.54,kota
Indonesia,2020,Jambi,Tanjung Jabung Barat,,68.12,67.54,kota
Indonesia,2021,Jambi,Tanjung Jabung Barat,19.8,68.17,68.16,kota
Indonesia,2022,Jambi,Tanjung Jabung Barat,9.9,68.43,68.79,kota
Indonesia,2023,Jambi,Tanjung Jabung Barat,14.1,68.67,69.35,kota
Indonesia,2024,Jambi,Tanjung Jabung Barat,7.0,68.91,69.93,kota
Indonesia,2013,Jambi,Tanjung Jabung Timur,,65.25,59.41,kota
Indonesia,2014,Jambi,Tanjung Jabung Timur,,65.33,59.88,kota
Indonesia,2015,Jambi,Tanjung Jabung Timur,,65.43,61.12,kota
Indonesia,2016,Jambi,Tanjung Jabung Timur,,65.56,61.88,kota
Indonesia,2017,Jambi,Tanjung Jabung Timur,,65.69,62.61,kota
Indonesia,2018,Jambi,Tanjung Jabung Timur,,65.86,63.32,kota
Indonesia,2019,Jambi,Tanjung Jabung Timur,20.05,66.08,63.92,kota
Indonesia,2020,Jambi,Tanjung Jabung Timur,,66.23,64.43,kota
Indonesia,2021,Jambi,Tanjung Jabung Timur,25.6,66.34,64.91,kota
Indonesia,2022,Jambi,Tanjung Jabung Timur,22.5,66.66,65.77,kota
Indonesia,2023,Jambi,Tanjung Jabung Timur,23.7,66.98,66.65,kota
Indonesia,2024,Jambi,Tanjung Jabung Timur,23.9,67.26,67.54,kota
Indonesia,2013,Jambi,Tebo,,69.65,65.91,kota
Indonesia,2014,Jambi,Tebo,,69.65,66.63,kota
Indonesia,2015,Jambi,Tebo,,69.66,67.29,kota
Indonesia,2016,Jambi,Tebo,,69.66,68.05,kota
Indonesia,2017,Jambi,Tebo,,69.67,68.16,kota
Indonesia,2018,Jambi,Tebo,,69.77,68.67,kota
Indonesia,2019,Jambi,Tebo,30.13,69.91,69.02,kota
Indonesia,2020,Jambi,Tebo,,69.99,69.14,kota
Indonesia,2021,Jambi,Tebo,26.2,70.02,69.35,kota
Indonesia,2022,Jambi,Tebo,25.0,70.26,69.78,kota
Indonesia,2023,Jambi,Tebo,22.7,70.49,70.63,kota
Indonesia,2024,Jambi,Tebo,24.2,70.69,71.32,kota
Indonesia,2013,Jawa Barat,Bandung,,72.96,68.58,kota
Indonesia,2014,Jawa Barat,Bandung,,72.97,69.06,kota
Indonesia,2015,Jawa Barat,Bandung,,73.07,70.05,kota
Indonesia,2016,Jawa Barat,Bandung,,73.1,70.69,kota
Indonesia,2017,Jawa Barat,Bandung,,73.13,71.02,kota
Indonesia,2018,Jawa Barat,Bandung,,73.26,71.75,kota
Indonesia,2019,Jawa Barat,Bandung,27.87,73.4,72.41,kota
Indonesia,2019,Jawa Barat,Bandung,27.87,73.4,72.41,kota
Indonesia,2020,Jawa Barat,Bandung,,73.53,72.39,kota
Indonesia,2021,Jawa Barat,Bandung,26.4,73.72,72.73,kota
Indonesia,2021,Jawa Barat,Bandung,26.4,73.72,72.73,kota
Indonesia,2022,Jawa Barat,Bandung,25.0,74.01,73.16,kota
Indonesia,2022,Jawa Barat,Bandung,25.0,74.01,73.16,kota
Indonesia,2023,Jawa Barat,Bandung,29.2,74.27,73.74,kota
Indonesia,2023,Jawa Barat,Bandung,29.2,74.27,73.74,kota
Indonesia,2024,Jawa Barat,Bandung,24.1,74.53,74.27,kota
Indonesia,2024,Jawa Barat,Bandung,24.1,74.53,74.27,kota
Indonesia,2013,Jawa Barat,Bandung Barat,,71.56,63.93,kota
Indonesia,2014,Jawa Barat,Bandung Barat,,71.56,64.27,kota
Indonesia,2015,Jawa Barat,Bandung Barat,,71.76,65.23,kota
Indonesia,2016,Jawa Barat,Bandung Barat,,71.82,65.81,kota
Indonesia,2017,Jawa Barat,Bandung Barat,,71.87,66.63,kota
Indonesia,2018,Jawa Barat,Bandung Barat,,72.03,67.46,kota
Indonesia,2019,Jawa Barat,Bandung Barat,32.12,72.18,68.27,kota
Indonesia,2020,Jawa Barat,Bandung Barat,,72.34,68.08,kota
Indonesia,2021,Jawa Barat,Bandung Barat,29.6,72.52,68.29,kota
Indonesia,2022,Jawa Barat,Bandung Barat,27.3,72.79,69.04,kota
Indonesia,2023,Jawa Barat,Bandung Barat,25.1,73.1,69.61,kota
Indonesia,2024,Jawa Barat,Bandung Barat,30.8,73.34,70.03,kota
Indonesia,2013,Jawa Barat,Bekasi,,73.13,70.09,kota
Indonesia,2014,Jawa Barat,Bekasi,,73.16,70.51,kota
Indonesia,2015,Jawa Barat,Bekasi,,73.18,71.19,kota
Indonesia,2016,Jawa Barat,Bekasi,,73.24,71.83,kota
Indonesia,2017,Jawa Barat,Bekasi,,73.3,72.63,kota
Indonesia,2018,Jawa Barat,Bekasi,,73.43,73.49,kota
Indonesia,2019,Jawa Barat,Bekasi,20.93,73.56,73.99,kota
Indonesia,2019,Jawa Barat,Bekasi,20.93,73.56,73.99,kota
Indonesia,2020,Jawa Barat,Bekasi,,73.68,74.07,kota
Indonesia,2021,Jawa Barat,Bekasi,13.8,73.81,74.45,kota
Indonesia,2021,Jawa Barat,Bekasi,13.8,73.81,74.45,kota
Indonesia,2022,Jawa Barat,Bekasi,17.8,74.04,75.22,kota
Indonesia,2022,Jawa Barat,Bekasi,17.8,74.04,75.22,kota
Indonesia,2023,Jawa Barat,Bekasi,23.2,74.3,75.76,kota
Indonesia,2023,Jawa Barat,Bekasi,23.2,74.3,75.76,kota
Indonesia,2024,Jawa Barat,Bekasi,18.2,74.57,76.44,kota
Indonesia,2024,Jawa Barat,Bekasi,18.2,74.57,76.44,kota
Indonesia,2013,Jawa Barat,Bogor,,70.47,66.74,kota
Indonesia,2014,Jawa Barat,Bogor,,70.49,67.36,kota
Indonesia,2015,Jawa Barat,Bogor,,70.59,67.77,kota
Indonesia,2016,Jawa Barat,Bogor,,70.65,68.32,kota
Indonesia,2017,Jawa Barat,Bogor,,70.7,69.13,kota
Indonesia,2018,Jawa Barat,Bogor,,70.86,69.69,kota
Indonesia,2019,Jawa Barat,Bogor,34.96,71.01,70.65,kota
Indonesia,2019,Jawa Barat,Bogor,34.96,71.01,70.65,kota
Indonesia,2020,Jawa Barat,Bogor,,71.17,70.4,kota
Indonesia,2021,Jawa Barat,Bogor,16.9,71.36,70.6,kota
Indonesia,2021,Jawa Barat,Bogor,16.9,71.36,70.6,kota
Indonesia,2022,Jawa Barat,Bogor,24.9,71.65,71.2,kota
Indonesia,2022,Jawa Barat,Bogor,24.9,71.65,71.2,kota
Indonesia,2023,Jawa Barat,Bogor,27.6,71.92,71.78,kota
Indonesia,2023,Jawa Barat,Bogor,27.6,71.92,71.78,kota
Indonesia,2024,Jawa Barat,Bogor,18.9,72.16,72.39,kota
Indonesia,2024,Jawa Barat,Bogor,18.9,72.16,72.39,kota
Indonesia,2013,Jawa Barat,Ciamis,,70.29,67.2,kota
Indonesia,2014,Jawa Barat,Ciamis,,70.34,67.64,kota
Indonesia,2015,Jawa Barat,Ciamis,,70.74,68.02,kota
Indonesia,2016,Jawa Barat,Ciamis,,70.9,68.45,kota
Indonesia,2017,Jawa Barat,Ciamis,,71.07,68.87,kota
Indonesia,2018,Jawa Barat,Ciamis,,71.32,69.63,kota
Indonesia,2019,Jawa Barat,Ciamis,24.21,71.57,70.39,kota
Indonesia,2020,Jawa Barat,Ciamis,,71.83,70.49,kota
Indonesia,2021,Jawa Barat,Ciamis,16.0,72.02,70.93,kota
Indonesia,2022,Jawa Barat,Ciamis,18.6,72.3,71.45,kota
Indonesia,2023,Jawa Barat,Ciamis,25.4,72.57,72.05,kota
Indonesia,2024,Jawa Barat,Ciamis,20.3,72.87,72.56,kota
Indonesia,2013,Jawa Barat,Cianjur,,69.04,61.68,kota
Indonesia,2014,Jawa Barat,Cianjur,,69.08,62.08,kota
Indonesia,2015,Jawa Barat,Cianjur,,69.28,62.42,kota
Indonesia,2016,Jawa Barat,Cianjur,,69.39,62.92,kota
Indonesia,2017,Jawa Barat,Cianjur,,69.49,63.7,kota
Indonesia,2018,Jawa Barat,Cianjur,,69.7,64.62,kota
Indonesia,2019,Jawa Barat,Cianjur,27.52,69.91,65.38,kota
Indonesia,2020,Jawa Barat,Cianjur,,70.13,65.36,kota
Indonesia,2021,Jawa Barat,Cianjur,33.7,70.32,65.56,kota
Indonesia,2022,Jawa Barat,Cianjur,13.6,70.58,65.94,kota
Indonesia,2023,Jawa Barat,Cianjur,11.4,70.79,66.55,kota
Indonesia,2024,Jawa Barat,Cianjur,7.2,70.96,67.24,kota
Indonesia,2013,Jawa Barat,Cirebon,,71.25,65.06,kota
Indonesia,2014,Jawa Barat,Cirebon,,71.28,65.53,kota
Indonesia,2015,Jawa Barat,Cirebon,,71.38,66.07,kota
Indonesia,2016,Jawa Barat,Cirebon,,71.43,66.7,kota
Indonesia,2017,Jawa Barat,Cirebon,,71.49,67.39,kota
Indonesia,2018,Jawa Barat,Cirebon,,71.66,68.05,kota
Indonesia,2019,Jawa Barat,Cirebon,25.06,71.82,68.69,kota
Indonesia,2019,Jawa Barat,Cirebon,25.06,71.82,68.69,kota
Indonesia,2020,Jawa Barat,Cirebon,,71.99,68.75,kota
Indonesia,2021,Jawa Barat,Cirebon,26.5,72.18,69.12,kota
Indonesia,2021,Jawa Barat,Cirebon,26.5,72.18,69.12,kota
Indonesia,2022,Jawa Barat,Cirebon,18.6,72.47,70.06,kota
Indonesia,2022,Jawa Barat,Cirebon,18.6,72.47,70.06,kota
Indonesia,2023,Jawa Barat,Cirebon,22.9,72.76,70.95,kota
Indonesia,2023,Jawa Barat,Cirebon,22.9,72.76,70.95,kota
Indonesia,2024,Jawa Barat,Cirebon,18.0,73.04,71.44,kota
Indonesia,2024,Jawa Barat,Cirebon,18.0,73.04,71.44,kota
Indonesia,2013,Jawa Barat,Garut,,70.47,61.67,kota
Indonesia,2014,Jawa Barat,Garut,,70.49,62.23,kota
Indonesia,2015,Jawa Barat,Garut,,70.69,63.21,kota
Indonesia,2016,Jawa Barat,Garut,,70.76,63.64,kota
Indonesia,2017,Jawa Barat,Garut,,70.84,64.52,kota
Indonesia,2018,Jawa Barat,Garut,,71.03,65.42,kota
Indonesia,2019,Jawa Barat,Garut,27.03,71.22,66.22,kota
Indonesia,2020,Jawa Barat,Garut,,71.41,66.12,kota
Indonesia,2021,Jawa Barat,Garut,35.2,71.59,66.45,kota
Indonesia,2022,Jawa Barat,Garut,23.6,71.85,67.41,kota
Indonesia,2023,Jawa Barat,Garut,24.1,72.07,68.11,kota
Indonesia,2024,Jawa Barat,Garut,14.2,72.28,68.79,kota
Indonesia,2013,Jawa Barat,Indramayu,,70.25,62.98,kota
Indonesia,2014,Jawa Barat,Indramayu,,70.29,63.55,kota
Indonesia,2015,Jawa Barat,Indramayu,,70.59,64.36,kota
Indonesia,2016,Jawa Barat,Indramayu,,70.72,64.78,kota
Indonesia,2017,Jawa Barat,Indramayu,,70.86,65.58,kota
Indonesia,2018,Jawa Barat,Indramayu,,71.11,66.36,kota
Indonesia,2019,Jawa Barat,Indramayu,29.19,71.37,66.97,kota
Indonesia,2020,Jawa Barat,Indramayu,,71.63,67.29,kota
Indonesia,2021,Jawa Barat,Indramayu,14.4,71.84,67.64,kota
Indonesia,2022,Jawa Barat,Indramayu,21.1,72.15,68.55,kota
Indonesia,2023,Jawa Barat,Indramayu,18.4,72.46,69.25,kota
Indonesia,2024,Jawa Barat,Indramayu,9.8,72.77,69.83,kota
Indonesia,2013,Jawa Barat,Karawang,,71.44,66.61,kota
Indonesia,2014,Jawa Barat,Karawang,,71.45,67.08,kota
Indonesia,2015,Jawa Barat,Karawang,,71.55,67.66,kota
Indonesia,2016,Jawa Barat,Karawang,,71.6,68.19,kota
Indonesia,2017,Jawa Barat,Karawang,,71.64,69.17,kota
Indonesia,2018,Jawa Barat,Karawang,,71.81,69.89,kota
Indonesia,2019,Jawa Barat,Karawang,24.01,71.98,70.86,kota
Indonesia,2020,Jawa Barat,Karawang,,72.15,70.66,kota
Indonesia,2021,Jawa Barat,Karawang,20.6,72.33,70.94,kota
Indonesia,2022,Jawa Barat,Karawang,14.0,72.62,71.74,kota
Indonesia,2023,Jawa Barat,Karawang,17.1,72.9,72.35,kota
Indonesia,2024,Jawa Barat,Karawang,17.6,73.14,72.9,kota
Indonesia,2013,Jawa Barat,Kota Bandung,,73.79,78.55,kota
Indonesia,2014,Jawa Barat,Kota Bandung,,73.8,78.98,kota
Indonesia,2015,Jawa Barat,Kota Bandung,,73.82,79.67,kota
Indonesia,2016,Jawa Barat,Kota Bandung,,73.84,80.13,kota
Indonesia,2017,Jawa Barat,Kota Bandung,,73.86,80.31,kota
Indonesia,2018,Jawa Barat,Kota Bandung,,74.0,81.06,kota
Indonesia,2019,Jawa Barat,Kota Bandung,28.12,74.14,81.62,kota
Indonesia,2020,Jawa Barat,Kota Bandung,,74.28,81.51,kota
Indonesia,2021,Jawa Barat,Kota Bandung,26.4,74.46,81.96,kota
Indonesia,2022,Jawa Barat,Kota Bandung,19.4,74.75,82.5,kota
Indonesia,2023,Jawa Barat,Kota Bandung,16.3,75.04,83.04,kota
Indonesia,2024,Jawa Barat,Kota Bandung,22.8,75.37,83.52,kota
Indonesia,2013,Jawa Barat,Kota Banjar,,70.2,68.01,kota
Indonesia,2014,Jawa Barat,Kota Banjar,,70.24,68.34,kota
Indonesia,2015,Jawa Barat,Kota Banjar,,70.26,69.31,kota
Indonesia,2016,Jawa Barat,Kota Banjar,,70.33,70.09,kota
Indonesia,2017,Jawa Barat,Kota Banjar,,70.39,70.79,kota
Indonesia,2018,Jawa Barat,Kota Banjar,,70.59,71.25,kota
Indonesia,2019,Jawa Barat,Kota Banjar,28.97,70.79,71.75,kota
Indonesia,2020,Jawa Barat,Kota Banjar,,70.99,71.7,kota
Indonesia,2021,Jawa Barat,Kota Banjar,23.9,71.19,71.92,kota
Indonesia,2022,Jawa Barat,Kota Banjar,19.3,71.49,72.55,kota
Indonesia,2023,Jawa Barat,Kota Banjar,23.6,71.8,73.08,kota
Indonesia,2024,Jawa Barat,Kota Banjar,18.8,72.03,73.64,kota
Indonesia,2013,Jawa Barat,Kota Bekasi,,74.17,78.63,kota
Indonesia,2014,Jawa Barat,Kota Bekasi,,74.18,78.84,kota
Indonesia,2015,Jawa Barat,Kota Bekasi,,74.48,79.63,kota
Indonesia,2016,Jawa Barat,Kota Bekasi,,74.55,79.95,kota
Indonesia,2017,Jawa Barat,Kota Bekasi,,74.63,80.3,kota
Indonesia,2018,Jawa Barat,Kota Bekasi,,74.76,81.04,kota
Indonesia,2019,Jawa Barat,Kota Bekasi,20.03,74.89,81.59,kota
Indonesia,2020,Jawa Barat,Kota Bekasi,,75.01,81.5,kota
Indonesia,2021,Jawa Barat,Kota Bekasi,13.8,75.19,81.95,kota
Indonesia,2022,Jawa Barat,Kota Bekasi,6.0,75.48,82.46,kota
Indonesia,2023,Jawa Barat,Kota Bekasi,10.3,75.79,83.03,kota
Indonesia,2024,Jawa Barat,Kota Bekasi,11.7,76.12,83.54,kota
Indonesia,2013,Jawa Barat,Kota Bogor,,72.57,72.86,kota
Indonesia,2014,Jawa Barat,Kota Bogor,,72.58,73.1,kota
Indonesia,2015,Jawa Barat,Kota Bogor,,72.88,73.65,kota
Indonesia,2016,Jawa Barat,Kota Bogor,,72.95,74.5,kota
Indonesia,2017,Jawa Barat,Kota Bogor,,73.01,75.16,kota
Indonesia,2018,Jawa Barat,Kota Bogor,,73.21,75.66,kota
Indonesia,2019,Jawa Barat,Kota Bogor,21.33,73.41,76.23,kota
Indonesia,2020,Jawa Barat,Kota Bogor,,73.61,76.11,kota
Indonesia,2021,Jawa Barat,Kota Bogor,16.9,73.82,76.59,kota
Indonesia,2022,Jawa Barat,Kota Bogor,18.7,74.13,77.17,kota
Indonesia,2023,Jawa Barat,Kota Bogor,18.2,74.45,77.85,kota
Indonesia,2024,Jawa Barat,Kota Bogor,21.1,74.74,78.52,kota
Indonesia,2013,Jawa Barat,Kota Cimahi,,73.56,75.85,kota
Indonesia,2014,Jawa Barat,Kota Cimahi,,73.56,76.06,kota
Indonesia,2015,Jawa Barat,Kota Cimahi,,73.58,76.42,kota
Indonesia,2016,Jawa Barat,Kota Cimahi,,73.59,76.69,kota
Indonesia,2017,Jawa Barat,Kota Cimahi,,73.61,76.95,kota
Indonesia,2018,Jawa Barat,Kota Cimahi,,73.75,77.56,kota
Indonesia,2019,Jawa Barat,Kota Cimahi,34.29,73.89,78.11,kota
Indonesia,2020,Jawa Barat,Kota Cimahi,,74.03,77.83,kota
Indonesia,2021,Jawa Barat,Kota Cimahi,19.9,74.21,78.06,kota
Indonesia,2022,Jawa Barat,Kota Cimahi,16.4,74.5,78.77,kota
Indonesia,2023,Jawa Barat,Kota Cimahi,24.5,74.8,79.46,kota
Indonesia,2024,Jawa Barat,Kota Cimahi,22.3,75.1,80.08,kota
Indonesia,2013,Jawa Barat,Kota Cirebon,,71.75,72.27,kota
Indonesia,2014,Jawa Barat,Kota Cirebon,,71.77,72.93,kota
Indonesia,2015,Jawa Barat,Kota Cirebon,,71.79,73.34,kota
Indonesia,2016,Jawa Barat,Kota Cirebon,,71.83,73.7,kota
Indonesia,2017,Jawa Barat,Kota Cirebon,,71.86,74.0,kota
Indonesia,2018,Jawa Barat,Kota Cirebon,,71.99,74.35,kota
Indonesia,2019,Jawa Barat,Kota Cirebon,22.04,72.13,74.92,kota
Indonesia,2020,Jawa Barat,Kota Cirebon,,72.26,74.89,kota
Indonesia,2021,Jawa Barat,Kota Cirebon,26.5,72.44,75.25,kota
Indonesia,2022,Jawa Barat,Kota Cirebon,17.0,72.74,75.89,kota
Indonesia,2023,Jawa Barat,Kota Cirebon,19.9,73.08,76.46,kota
Indonesia,2024,Jawa Barat,Kota Cirebon,14.9,73.34,77.08,kota
Indonesia,2013,Jawa Barat,Kota Depok,,73.94,78.27,kota
Indonesia,2014,Jawa Barat,Kota Depok,,73.96,78.58,kota
Indonesia,2015,Jawa Barat,Kota Depok,,73.98,79.11,kota
Indonesia,2016,Jawa Barat,Kota Depok,,74.01,79.6,kota
Indonesia,2017,Jawa Barat,Kota Depok,,74.04,79.83,kota
Indonesia,2018,Jawa Barat,Kota Depok,,74.17,80.29,kota
Indonesia,2019,Jawa Barat,Kota Depok,16.09,74.31,80.82,kota
Indonesia,2020,Jawa Barat,Kota Depok,,74.44,80.97,kota
Indonesia,2021,Jawa Barat,Kota Depok,12.3,74.62,81.37,kota
Indonesia,2022,Jawa Barat,Kota Depok,12.6,74.92,81.86,kota
Indonesia,2023,Jawa Barat,Kota Depok,14.3,75.23,82.38,kota
Indonesia,2024,Jawa Barat,Kota Depok,12.5,75.55,82.91,kota
Indonesia,2013,Jawa Barat,Kota Sukabumi,,71.75,70.81,kota
Indonesia,2014,Jawa Barat,Kota Sukabumi,,71.76,71.19,kota
Indonesia,2015,Jawa Barat,Kota Sukabumi,,71.86,71.84,kota
Indonesia,2016,Jawa Barat,Kota Sukabumi,,71.9,72.33,kota
Indonesia,2017,Jawa Barat,Kota Sukabumi,,71.95,73.03,kota
Indonesia,2018,Jawa Barat,Kota Sukabumi,,72.11,73.55,kota
Indonesia,2019,Jawa Barat,Kota Sukabumi,15.6,72.26,74.31,kota
Indonesia,2020,Jawa Barat,Kota Sukabumi,,72.42,74.21,kota
Indonesia,2021,Jawa Barat,Kota Sukabumi,,72.58,74.6,kota
Indonesia,2022,Jawa Barat,Kota Sukabumi,19.2,72.85,75.4,kota
Indonesia,2023,Jawa Barat,Kota Sukabumi,26.9,73.11,76.32,kota
Indonesia,2024,Jawa Barat,Kota Sukabumi,19.7,73.35,76.85,kota
Indonesia,2013,Jawa Barat,Kota Tasikmalaya,,70.93,68.63,kota
Indonesia,2014,Jawa Barat,Kota Tasikmalaya,,70.96,69.04,kota
Indonesia,2015,Jawa Barat,Kota Tasikmalaya,,71.26,69.99,kota
Indonesia,2016,Jawa Barat,Kota Tasikmalaya,,71.37,70.58,kota
Indonesia,2017,Jawa Barat,Kota Tasikmalaya,,71.48,71.51,kota
Indonesia,2018,Jawa Barat,Kota Tasikmalaya,,71.7,72.03,kota
Indonesia,2019,Jawa Barat,Kota Tasikmalaya,24.75,71.93,72.84,kota
Indonesia,2020,Jawa Barat,Kota Tasikmalaya,,72.15,73.04,kota
Indonesia,2021,Jawa Barat,Kota Tasikmalaya,24.4,72.34,73.31,kota
Indonesia,2022,Jawa Barat,Kota Tasikmalaya,22.4,72.63,73.83,kota
Indonesia,2023,Jawa Barat,Kota Tasikmalaya,27.1,72.92,74.47,kota
Indonesia,2024,Jawa Barat,Kota Tasikmalaya,19.6,73.16,75.04,kota
Indonesia,2013,Jawa Barat,Kuningan,,72.21,66.16,kota
Indonesia,2014,Jawa Barat,Kuningan,,72.24,66.63,kota
Indonesia,2015,Jawa Barat,Kuningan,,72.64,67.19,kota
Indonesia,2016,Jawa Barat,Kuningan,,72.76,67.51,kota
Indonesia,2017,Jawa Barat,Kuningan,,72.88,67.78,kota
Indonesia,2018,Jawa Barat,Kuningan,,73.11,68.55,kota
Indonesia,2019,Jawa Barat,Kuningan,18.06,73.35,69.12,kota
Indonesia,2020,Jawa Barat,Kuningan,,73.59,69.38,kota
Indonesia,2021,Jawa Barat,Kuningan,18.7,73.78,69.71,kota
Indonesia,2022,Jawa Barat,Kuningan,19.4,74.03,70.16,kota
Indonesia,2023,Jawa Barat,Kuningan,23.4,74.29,70.72,kota
Indonesia,2024,Jawa Barat,Kuningan,22.7,74.53,71.26,kota
Indonesia,2013,Jawa Barat,Majalengka,,68.6,63.71,kota
Indonesia,2014,Jawa Barat,Majalengka,,68.66,64.07,kota
Indonesia,2015,Jawa Barat,Majalengka,,69.06,64.75,kota
Indonesia,2016,Jawa Barat,Majalengka,,69.22,65.25,kota
Indonesia,2017,Jawa Barat,Majalengka,,69.39,65.92,kota
Indonesia,2018,Jawa Barat,Majalengka,,69.68,66.72,kota
Indonesia,2019,Jawa Barat,Majalengka,28.53,69.97,67.52,kota
Indonesia,2020,Jawa Barat,Majalengka,,70.27,67.59,kota
Indonesia,2021,Jawa Barat,Majalengka,23.0,70.46,67.81,kota
Indonesia,2022,Jawa Barat,Majalengka,24.3,70.76,68.56,kota
Indonesia,2023,Jawa Barat,Majalengka,24.1,71.05,69.13,kota
Indonesia,2024,Jawa Barat,Majalengka,18.0,71.31,69.74,kota
Indonesia,2013,Jawa Barat,Pangandaran,,69.79,64.73,kota
Indonesia,2014,Jawa Barat,Pangandaran,,69.84,65.29,kota
Indonesia,2015,Jawa Barat,Pangandaran,,70.24,65.62,kota
Indonesia,2016,Jawa Barat,Pangandaran,,70.4,65.79,kota
Indonesia,2017,Jawa Barat,Pangandaran,,70.56,66.6,kota
Indonesia,2018,Jawa Barat,Pangandaran,,70.84,67.44,kota
Indonesia,2019,Jawa Barat,Pangandaran,21.35,71.12,68.21,kota
Indonesia,2020,Jawa Barat,Pangandaran,,71.4,68.06,kota
Indonesia,2021,Jawa Barat,Pangandaran,22.7,71.6,68.28,kota
Indonesia,2022,Jawa Barat,Pangandaran,20.0,71.89,69.03,kota
Indonesia,2023,Jawa Barat,Pangandaran,23.9,72.17,69.38,kota
Indonesia,2024,Jawa Barat,Pangandaran,17.3,72.41,69.85,kota
Indonesia,2013,Jawa Barat,Purwakarta,,69.95,67.09,kota
Indonesia,2014,Jawa Barat,Purwakarta,,69.96,67.32,kota
Indonesia,2015,Jawa Barat,Purwakarta,,70.26,67.84,kota
Indonesia,2016,Jawa Barat,Purwakarta,,70.34,68.56,kota
Indonesia,2017,Jawa Barat,Purwakarta,,70.42,69.28,kota
Indonesia,2018,Jawa Barat,Purwakarta,,70.61,69.98,kota
Indonesia,2019,Jawa Barat,Purwakarta,23.42,70.8,70.67,kota
Indonesia,2020,Jawa Barat,Purwakarta,,70.99,70.82,kota
Indonesia,2021,Jawa Barat,Purwakarta,20.6,71.18,70.98,kota
Indonesia,2022,Jawa Barat,Purwakarta,21.8,71.47,71.56,kota
Indonesia,2023,Jawa Barat,Purwakarta,24.0,71.74,72.09,kota
Indonesia,2024,Jawa Barat,Purwakarta,14.4,71.99,72.65,kota
Indonesia,2013,Jawa Barat,Subang,,71.19,65.48,kota
Indonesia,2014,Jawa Barat,Subang,,71.22,65.8,kota
Indonesia,2015,Jawa Barat,Subang,,71.52,66.52,kota
Indonesia,2016,Jawa Barat,Subang,,71.61,67.14,kota
Indonesia,2017,Jawa Barat,Subang,,71.71,67.73,kota
Indonesia,2018,Jawa Barat,Subang,,71.92,68.31,kota
Indonesia,2019,Jawa Barat,Subang,25.73,72.13,68.69,kota
Indonesia,2020,Jawa Barat,Subang,,72.35,68.95,kota
Indonesia,2021,Jawa Barat,Subang,18.1,72.58,69.13,kota
Indonesia,2022,Jawa Barat,Subang,15.7,72.92,69.87,kota
Indonesia,2023,Jawa Barat,Subang,18.7,73.24,70.7,kota
Indonesia,2024,Jawa Barat,Subang,12.4,73.51,71.36,kota
Indonesia,2013,Jawa Barat,Sukabumi,,69.7,63.63,kota
Indonesia,2014,Jawa Barat,Sukabumi,,69.73,64.07,kota
Indonesia,2015,Jawa Barat,Sukabumi,,70.03,64.44,kota
Indonesia,2016,Jawa Barat,Sukabumi,,70.14,65.13,kota
Indonesia,2017,Jawa Barat,Sukabumi,,70.26,65.49,kota
Indonesia,2018,Jawa Barat,Sukabumi,,70.49,66.05,kota
Indonesia,2019,Jawa Barat,Sukabumi,21.93,70.73,66.87,kota
Indonesia,2019,Jawa Barat,Sukabumi,21.93,70.73,66.87,kota
Indonesia,2020,Jawa Barat,Sukabumi,,70.97,66.88,kota
Indonesia,2021,Jawa Barat,Sukabumi,,71.21,67.07,kota
Indonesia,2021,Jawa Barat,Sukabumi,,71.21,67.07,kota
Indonesia,2022,Jawa Barat,Sukabumi,27.5,71.54,67.64,kota
Indonesia,2022,Jawa Barat,Sukabumi,27.5,71.54,67.64,kota
Indonesia,2023,Jawa Barat,Sukabumi,27.0,71.83,68.49,kota
Indonesia,2023,Jawa Barat,Sukabumi,27.0,71.83,68.49,kota
Indonesia,2024,Jawa Barat,Sukabumi,20.5,72.06,68.97,kota
Indonesia,2024,Jawa Barat,Sukabumi,20.5,72.06,68.97,kota
Indonesia,2013,Jawa Barat,Sumedang,,71.86,68.47,kota
Indonesia,2014,Jawa Barat,Sumedang,,71.89,68.76,kota
Indonesia,2015,Jawa Barat,Sumedang,,71.91,69.29,kota
Indonesia,2016,Jawa Barat,Sumedang,,71.96,69.45,kota
Indonesia,2017,Jawa Barat,Sumedang,,72.0,70.07,kota
Indonesia,2018,Jawa Barat,Sumedang,,72.14,70.99,kota
Indonesia,2019,Jawa Barat,Sumedang,24.43,72.29,71.46,kota
Indonesia,2020,Jawa Barat,Sumedang,,72.43,71.64,kota
Indonesia,2021,Jawa Barat,Sumedang,22.0,72.62,71.8,kota
Indonesia,2022,Jawa Barat,Sumedang,27.6,72.91,72.69,kota
Indonesia,2023,Jawa Barat,Sumedang,14.4,73.19,73.18,kota
Indonesia,2024,Jawa Barat,Sumedang,17.0,73.45,73.73,kota
Indonesia,2013,Jawa Barat,Tasikmalaya,,67.9,62.4,kota
Indonesia,2014,Jawa Barat,Tasikmalaya,,67.96,62.79,kota
Indonesia,2015,Jawa Barat,Tasikmalaya,,68.36,63.17,kota
Indonesia,2016,Jawa Barat,Tasikmalaya,,68.54,63.57,kota
Indonesia,2017,Jawa Barat,Tasikmalaya,,68.71,64.14,kota
Indonesia,2018,Jawa Barat,Tasikmalaya,,68.96,65.0,kota
Indonesia,2019,Jawa Barat,Tasikmalaya,34.97,69.21,65.64,kota
Indonesia,2019,Jawa Barat,Tasikmalaya,34.97,69.21,65.64,kota
Indonesia,2020,Jawa Barat,Tasikmalaya,,69.47,65.67,kota
Indonesia,2021,Jawa Barat,Tasikmalaya,24.4,69.67,65.9,kota
Indonesia,2021,Jawa Barat,Tasikmalaya,24.4,69.67,65.9,kota
Indonesia,2022,Jawa Barat,Tasikmalaya,27.2,69.95,66.84,kota
Indonesia,2022,Jawa Barat,Tasikmalaya,27.2,69.95,66.84,kota
Indonesia,2023,Jawa Barat,Tasikmalaya,20.7,70.19,67.76,kota
Indonesia,2023,Jawa Barat,Tasikmalaya,20.7,70.19,67.76,kota
Indonesia,2024,Jawa Barat,Tasikmalaya,17.0,70.39,68.36,kota
Indonesia,2024,Jawa Barat,Tasikmalaya,17.0,70.39,68.36,kota
Indonesia,2013,Jawa Tengah,Banjarnegara,,73.34,62.84,kota
Indonesia,2014,Jawa Tengah,Banjarnegara,,73.39,63.15,kota
Indonesia,2015,Jawa Tengah,Banjarnegara,,73.59,64.73,kota
Indonesia,2016,Jawa Tengah,Banjarnegara,,73.69,65.52,kota
Indonesia,2017,Jawa Tengah,Banjarnegara,,73.79,65.86,kota
Indonesia,2018,Jawa Tengah,Banjarnegara,,73.91,66.54,kota
Indonesia,2019,Jawa Tengah,Banjarnegara,26.0,74.01,67.34,kota
Indonesia,2020,Jawa Tengah,Banjarnegara,,74.18,67.45,kota
Indonesia,2021,Jawa Tengah,Banjarnegara,23.3,74.28,67.86,kota
Indonesia,2022,Jawa Tengah,Banjarnegara,22.2,74.37,68.61,kota
Indonesia,2023,Jawa Tengah,Banjarnegara,19.9,74.47,69.14,kota
Indonesia,2024,Jawa Tengah,Banjarnegara,20.6,74.66,69.6,kota
Indonesia,2013,Jawa Tengah,Banyumas,,72.89,68.55,kota
Indonesia,2014,Jawa Tengah,Banyumas,,72.92,69.25,kota
Indonesia,2015,Jawa Tengah,Banyumas,,73.12,69.89,kota
Indonesia,2016,Jawa Tengah,Banyumas,,73.23,70.49,kota
Indonesia,2017,Jawa Tengah,Banyumas,,73.33,70.75,kota
Indonesia,2018,Jawa Tengah,Banyumas,,73.45,71.3,kota
Indonesia,2019,Jawa Tengah,Banyumas,26.4,73.55,71.96,kota
Indonesia,2020,Jawa Tengah,Banyumas,,73.72,71.98,kota
Indonesia,2021,Jawa Tengah,Banyumas,21.6,73.8,72.44,kota
Indonesia,2022,Jawa Tengah,Banyumas,16.6,73.88,73.17,kota
Indonesia,2023,Jawa Tengah,Banyumas,20.9,73.98,73.86,kota
Indonesia,2024,Jawa Tengah,Banyumas,19.6,74.34,74.52,kota
Indonesia,2013,Jawa Tengah,Batang,,74.38,63.6,kota
Indonesia,2014,Jawa Tengah,Batang,,74.4,64.07,kota
Indonesia,2015,Jawa Tengah,Batang,,74.42,65.46,kota
Indonesia,2016,Jawa Tengah,Batang,,74.46,66.38,kota
Indonesia,2017,Jawa Tengah,Batang,,74.5,67.35,kota
Indonesia,2018,Jawa Tengah,Batang,,74.56,67.86,kota
Indonesia,2019,Jawa Tengah,Batang,26.89,74.59,68.42,kota
Indonesia,2020,Jawa Tengah,Batang,,74.69,68.65,kota
Indonesia,2021,Jawa Tengah,Batang,21.7,74.74,68.92,kota
Indonesia,2022,Jawa Tengah,Batang,23.5,74.79,69.45,kota
Indonesia,2023,Jawa Tengah,Batang,24.7,74.85,70.2,kota
Indonesia,2024,Jawa Tengah,Batang,20.7,75.03,70.74,kota
Indonesia,2013,Jawa Tengah,Blora,,73.79,65.37,kota
Indonesia,2014,Jawa Tengah,Blora,,73.84,65.84,kota
Indonesia,2015,Jawa Tengah,Blora,,73.85,66.22,kota
Indonesia,2016,Jawa Tengah,Blora,,73.88,66.61,kota
Indonesia,2017,Jawa Tengah,Blora,,73.99,67.52,kota
Indonesia,2018,Jawa Tengah,Blora,,74.12,67.95,kota
Indonesia,2019,Jawa Tengah,Blora,31.57,74.23,68.65,kota
Indonesia,2020,Jawa Tengah,Blora,,74.41,68.84,kota
Indonesia,2021,Jawa Tengah,Blora,21.5,74.51,69.37,kota
Indonesia,2022,Jawa Tengah,Blora,25.8,74.6,69.95,kota
Indonesia,2023,Jawa Tengah,Blora,21.2,74.71,70.63,kota
Indonesia,2024,Jawa Tengah,Blora,21.7,74.84,71.39,kota
Indonesia,2013,Jawa Tengah,Boyolali,,75.58,69.81,kota
Indonesia,2014,Jawa Tengah,Boyolali,,75.61,70.34,kota
Indonesia,2015,Jawa Tengah,Boyolali,,75.63,71.74,kota
Indonesia,2016,Jawa Tengah,Boyolali,,75.67,72.18,kota
Indonesia,2017,Jawa Tengah,Boyolali,,75.72,72.64,kota
Indonesia,2018,Jawa Tengah,Boyolali,,75.79,73.22,kota
Indonesia,2019,Jawa Tengah,Boyolali,28.82,75.83,73.8,kota
Indonesia,2020,Jawa Tengah,Boyolali,,75.95,74.25,kota
Indonesia,2021,Jawa Tengah,Boyolali,20.7,76.03,74.4,kota
Indonesia,2022,Jawa Tengah,Boyolali,20.0,76.12,74.97,kota
Indonesia,2023,Jawa Tengah,Boyolali,21.5,76.23,75.41,kota
Indonesia,2024,Jawa Tengah,Boyolali,24.5,76.44,75.96,kota
Indonesia,2013,Jawa Tengah,Brebes,,67.81,61.87,kota
Indonesia,2014,Jawa Tengah,Brebes,,67.9,62.55,kota
Indonesia,2015,Jawa Tengah,Brebes,,68.2,63.18,kota
Indonesia,2016,Jawa Tengah,Brebes,,68.41,63.98,kota
Indonesia,2017,Jawa Tengah,Brebes,,68.61,64.86,kota
Indonesia,2018,Jawa Tengah,Brebes,,68.84,65.68,kota
Indonesia,2019,Jawa Tengah,Brebes,34.65,69.04,66.12,kota
Indonesia,2020,Jawa Tengah,Brebes,,69.33,66.11,kota
Indonesia,2021,Jawa Tengah,Brebes,26.3,69.54,66.32,kota
Indonesia,2022,Jawa Tengah,Brebes,29.1,69.74,67.03,kota
Indonesia,2023,Jawa Tengah,Brebes,21.6,69.96,67.95,kota
Indonesia,2024,Jawa Tengah,Brebes,23.1,70.29,68.46,kota
Indonesia,2013,Jawa Tengah,Cilacap,,72.75,66.8,kota
Indonesia,2014,Jawa Tengah,Cilacap,,72.8,67.25,kota
Indonesia,2015,Jawa Tengah,Cilacap,,73.0,67.77,kota
Indonesia,2016,Jawa Tengah,Cilacap,,73.11,68.6,kota
Indonesia,2017,Jawa Tengah,Cilacap,,73.24,68.9,kota
Indonesia,2018,Jawa Tengah,Cilacap,,73.39,69.56,kota
Indonesia,2019,Jawa Tengah,Cilacap,23.18,73.52,69.98,kota
Indonesia,2020,Jawa Tengah,Cilacap,,73.73,69.95,kota
Indonesia,2021,Jawa Tengah,Cilacap,17.9,73.9,70.42,kota
Indonesia,2022,Jawa Tengah,Cilacap,17.6,74.07,70.99,kota
Indonesia,2023,Jawa Tengah,Cilacap,18.5,74.25,71.83,kota
Indonesia,2024,Jawa Tengah,Cilacap,15.6,74.57,72.38,kota
Indonesia,2013,Jawa Tengah,Demak,,75.16,68.38,kota
Indonesia,2014,Jawa Tengah,Demak,,75.18,68.95,kota
Indonesia,2015,Jawa Tengah,Demak,,75.21,69.75,kota
Indonesia,2016,Jawa Tengah,Demak,,75.27,70.1,kota
Indonesia,2017,Jawa Tengah,Demak,,75.27,70.41,kota
Indonesia,2018,Jawa Tengah,Demak,,75.29,71.26,kota
Indonesia,2019,Jawa Tengah,Demak,35.76,75.31,71.87,kota
Indonesia,2020,Jawa Tengah,Demak,,75.4,72.22,kota
Indonesia,2021,Jawa Tengah,Demak,25.5,75.46,72.57,kota
Indonesia,2022,Jawa Tengah,Demak,16.2,75.52,73.36,kota
Indonesia,2023,Jawa Tengah,Demak,9.5,75.6,74.07,kota
Indonesia,2024,Jawa Tengah,Demak,10.0,75.79,74.57,kota
Indonesia,2013,Jawa Tengah,Grobogan,,74.03,67.43,kota
Indonesia,2014,Jawa Tengah,Grobogan,,74.07,67.77,kota
Indonesia,2015,Jawa Tengah,Grobogan,,74.27,68.05,kota
Indonesia,2016,Jawa Tengah,Grobogan,,74.37,68.52,kota
Indonesia,2017,Jawa Tengah,Grobogan,,74.46,68.87,kota
Indonesia,2018,Jawa Tengah,Grobogan,,74.55,69.32,kota
Indonesia,2019,Jawa Tengah,Grobogan,29.13,74.61,69.86,kota
Indonesia,2020,Jawa Tengah,Grobogan,,74.75,69.87,kota
Indonesia,2021,Jawa Tengah,Grobogan,9.6,74.84,70.41,kota
Indonesia,2022,Jawa Tengah,Grobogan,19.3,74.93,70.97,kota
Indonesia,2023,Jawa Tengah,Grobogan,20.2,75.04,71.49,kota
Indonesia,2024,Jawa Tengah,Grobogan,25.6,75.24,72.02,kota
Indonesia,2013,Jawa Tengah,Jepara,,75.63,69.11,kota
Indonesia,2014,Jawa Tengah,Jepara,,75.64,69.61,kota
Indonesia,2015,Jawa Tengah,Jepara,,75.65,70.02,kota
Indonesia,2016,Jawa Tengah,Jepara,,75.67,70.25,kota
Indonesia,2017,Jawa Tengah,Jepara,,75.68,70.79,kota
Indonesia,2018,Jawa Tengah,Jepara,,75.71,71.38,kota
Indonesia,2019,Jawa Tengah,Jepara,30.9,75.74,71.88,kota
Indonesia,2020,Jawa Tengah,Jepara,,75.84,71.99,kota
Indonesia,2021,Jawa Tengah,Jepara,25.0,75.91,72.36,kota
Indonesia,2022,Jawa Tengah,Jepara,18.2,75.97,73.15,kota
Indonesia,2023,Jawa Tengah,Jepara,18.9,76.04,73.85,kota
Indonesia,2024,Jawa Tengah,Jepara,15.6,76.21,74.32,kota
Indonesia,2013,Jawa Tengah,Karanganyar,,76.7,73.33,kota
Indonesia,2014,Jawa Tengah,Karanganyar,,76.71,73.89,kota
Indonesia,2015,Jawa Tengah,Karanganyar,,77.11,74.26,kota
Indonesia,2016,Jawa Tengah,Karanganyar,,77.11,74.9,kota
Indonesia,2017,Jawa Tengah,Karanganyar,,77.31,75.22,kota
Indonesia,2018,Jawa Tengah,Karanganyar,,77.36,75.54,kota
Indonesia,2019,Jawa Tengah,Karanganyar,23.22,77.38,75.89,kota
Indonesia,2020,Jawa Tengah,Karanganyar,,77.47,75.86,kota
Indonesia,2021,Jawa Tengah,Karanganyar,16.2,77.55,75.99,kota
Indonesia,2022,Jawa Tengah,Karanganyar,22.3,77.64,76.58,kota
Indonesia,2023,Jawa Tengah,Karanganyar,22.2,77.72,77.31,kota
Indonesia,2024,Jawa Tengah,Karanganyar,17.4,77.91,78.11,kota
Indonesia,2013,Jawa Tengah,Kebumen,,72.61,64.86,kota
Indonesia,2014,Jawa Tengah,Kebumen,,72.67,65.67,kota
Indonesia,2015,Jawa Tengah,Kebumen,,72.77,66.87,kota
Indonesia,2016,Jawa Tengah,Kebumen,,72.87,67.41,kota
Indonesia,2017,Jawa Tengah,Kebumen,,72.98,68.29,kota
Indonesia,2018,Jawa Tengah,Kebumen,,73.11,68.8,kota
Indonesia,2019,Jawa Tengah,Kebumen,19.65,73.22,69.6,kota
Indonesia,2020,Jawa Tengah,Kebumen,,73.4,69.81,kota
Indonesia,2021,Jawa Tengah,Kebumen,15.9,73.55,70.05,kota
Indonesia,2022,Jawa Tengah,Kebumen,22.1,73.7,70.79,kota
Indonesia,2023,Jawa Tengah,Kebumen,21.9,73.83,71.37,kota
Indonesia,2024,Jawa Tengah,Kebumen,18.0,73.96,71.93,kota
Indonesia,2013,Jawa Tengah,Kendal,,74.11,67.98,kota
Indonesia,2014,Jawa Tengah,Kendal,,74.14,68.46,kota
Indonesia,2015,Jawa Tengah,Kendal,,74.15,69.57,kota
Indonesia,2016,Jawa Tengah,Kendal,,74.2,70.11,kota
Indonesia,2017,Jawa Tengah,Kendal,,74.24,70.62,kota
Indonesia,2018,Jawa Tengah,Kendal,,74.3,71.28,kota
Indonesia,2019,Jawa Tengah,Kendal,27.82,74.33,71.97,kota
Indonesia,2020,Jawa Tengah,Kendal,,74.43,72.29,kota
Indonesia,2021,Jawa Tengah,Kendal,21.2,74.48,72.5,kota
Indonesia,2022,Jawa Tengah,Kendal,17.5,74.53,73.19,kota
Indonesia,2023,Jawa Tengah,Kendal,22.4,74.58,73.86,kota
Indonesia,2024,Jawa Tengah,Kendal,19.2,74.73,74.34,kota
Indonesia,2013,Jawa Tengah,Klaten,,76.52,72.42,kota
Indonesia,2014,Jawa Tengah,Klaten,,76.54,73.19,kota
Indonesia,2015,Jawa Tengah,Klaten,,76.55,73.81,kota
Indonesia,2016,Jawa Tengah,Klaten,,76.59,73.97,kota
Indonesia,2017,Jawa Tengah,Klaten,,76.62,74.25,kota
Indonesia,2018,Jawa Tengah,Klaten,,76.67,74.79,kota
Indonesia,2019,Jawa Tengah,Klaten,27.64,76.68,75.29,kota
Indonesia,2020,Jawa Tengah,Klaten,,76.78,75.56,kota
Indonesia,2021,Jawa Tengah,Klaten,15.8,76.86,76.12,kota
Indonesia,2022,Jawa Tengah,Klaten,18.2,76.95,76.95,kota
Indonesia,2023,Jawa Tengah,Klaten,24.5,77.07,77.59,kota
Indonesia,2024,Jawa Tengah,Klaten,20.8,77.3,78.16,kota
Indonesia,2013,Jawa Tengah,Kota Magelang,,76.54,75.29,kota
Indonesia,2014,Jawa Tengah,Kota Magelang,,76.57,75.79,kota
Indonesia,2015,Jawa Tengah,Kota Magelang,,76.58,76.39,kota
Indonesia,2016,Jawa Tengah,Kota Magelang,,76.62,77.16,kota
Indonesia,2017,Jawa Tengah,Kota Magelang,,76.66,77.84,kota
Indonesia,2018,Jawa Tengah,Kota Magelang,,76.72,78.31,kota
Indonesia,2019,Jawa Tengah,Kota Magelang,22.96,76.75,78.8,kota
Indonesia,2020,Jawa Tengah,Kota Magelang,,76.85,78.99,kota
Indonesia,2021,Jawa Tengah,Kota Magelang,13.3,76.93,79.43,kota
Indonesia,2022,Jawa Tengah,Kota Magelang,13.9,77.02,80.39,kota
Indonesia,2023,Jawa Tengah,Kota Magelang,15.4,77.22,81.17,kota
Indonesia,2024,Jawa Tengah,Kota Magelang,15.3,77.53,82.15,kota
Indonesia,2013,Jawa Tengah,Kota Pekalongan,,74.06,70.82,kota
Indonesia,2014,Jawa Tengah,Kota Pekalongan,,74.09,71.53,kota
Indonesia,2015,Jawa Tengah,Kota Pekalongan,,74.11,72.69,kota
Indonesia,2016,Jawa Tengah,Kota Pekalongan,,74.15,73.32,kota
Indonesia,2017,Jawa Tengah,Kota Pekalongan,,74.19,73.77,kota
Indonesia,2018,Jawa Tengah,Kota Pekalongan,,74.25,74.24,kota
Indonesia,2019,Jawa Tengah,Kota Pekalongan,26.59,74.28,74.77,kota
Indonesia,2020,Jawa Tengah,Kota Pekalongan,,74.38,74.98,kota
Indonesia,2021,Jawa Tengah,Kota Pekalongan,19.5,74.44,75.4,kota
Indonesia,2022,Jawa Tengah,Kota Pekalongan,23.1,74.51,75.9,kota
Indonesia,2023,Jawa Tengah,Kota Pekalongan,28.2,74.6,76.71,kota
Indonesia,2024,Jawa Tengah,Kota Pekalongan,19.3,74.8,77.22,kota
Indonesia,2013,Jawa Tengah,Kota Salatiga,,76.53,79.37,kota
Indonesia,2014,Jawa Tengah,Kota Salatiga,,76.53,79.98,kota
Indonesia,2015,Jawa Tengah,Kota Salatiga,,76.83,80.96,kota
Indonesia,2016,Jawa Tengah,Kota Salatiga,,76.87,81.14,kota
Indonesia,2017,Jawa Tengah,Kota Salatiga,,76.98,81.68,kota
Indonesia,2018,Jawa Tengah,Kota Salatiga,,77.11,82.41,kota
Indonesia,2019,Jawa Tengah,Kota Salatiga,22.7,77.22,83.12,kota
Indonesia,2020,Jawa Tengah,Kota Salatiga,,77.4,83.14,kota
Indonesia,2021,Jawa Tengah,Kota Salatiga,15.2,77.55,83.6,kota
Indonesia,2022,Jawa Tengah,Kota Salatiga,14.2,77.72,84.35,kota
Indonesia,2023,Jawa Tengah,Kota Salatiga,16.9,77.93,84.99,kota
Indonesia,2024,Jawa Tengah,Kota Salatiga,14.0,78.26,85.72,kota
Indonesia,2013,Jawa Tengah,Kota Semarang,,77.18,78.68,kota
Indonesia,2014,Jawa Tengah,Kota Semarang,,77.18,79.24,kota
Indonesia,2015,Jawa Tengah,Kota Semarang,,77.2,80.23,kota
Indonesia,2016,Jawa Tengah,Kota Semarang,,77.21,81.19,kota
Indonesia,2017,Jawa Tengah,Kota Semarang,,77.21,82.01,kota
Indonesia,2018,Jawa Tengah,Kota Semarang,,77.23,82.72,kota
Indonesia,2019,Jawa Tengah,Kota Semarang,26.01,77.25,83.19,kota
Indonesia,2020,Jawa Tengah,Kota Semarang,,77.34,83.05,kota
Indonesia,2021,Jawa Tengah,Kota Semarang,16.4,77.51,83.55,kota
Indonesia,2022,Jawa Tengah,Kota Semarang,10.4,77.69,84.08,kota
Indonesia,2023,Jawa Tengah,Kota Semarang,15.7,77.9,84.43,kota
Indonesia,2024,Jawa Tengah,Kota Semarang,11.2,78.24,85.25,kota
Indonesia,2013,Jawa Tengah,Kota Surakarta,,76.97,78.89,kota
Indonesia,2014,Jawa Tengah,Kota Surakarta,,76.99,79.34,kota
Indonesia,2015,Jawa Tengah,Kota Surakarta,,77.0,80.14,kota
Indonesia,2016,Jawa Tengah,Kota Surakarta,,77.03,80.76,kota
Indonesia,2017,Jawa Tengah,Kota Surakarta,,77.06,80.85,kota
Indonesia,2018,Jawa Tengah,Kota Surakarta,,77.11,81.46,kota
Indonesia,2019,Jawa Tengah,Kota Surakarta,18.76,77.12,81.86,kota
Indonesia,2020,Jawa Tengah,Kota Surakarta,,77.22,82.21,kota
Indonesia,2021,Jawa Tengah,Kota Surakarta,20.4,77.32,82.62,kota
Indonesia,2022,Jawa Tengah,Kota Surakarta,16.2,77.43,83.08,kota
Indonesia,2023,Jawa Tengah,Kota Surakarta,16.0,77.63,83.54,kota
Indonesia,2024,Jawa Tengah,Kota Surakarta,16.2,77.9,84.4,kota
Indonesia,2013,Jawa Tengah,Kota Tegal,,74.06,71.44,kota
Indonesia,2014,Jawa Tengah,Kota Tegal,,74.1,72.2,kota
Indonesia,2015,Jawa Tengah,Kota Tegal,,74.12,72.96,kota
Indonesia,2016,Jawa Tengah,Kota Tegal,,74.18,73.55,kota
Indonesia,2017,Jawa Tengah,Kota Tegal,,74.23,73.95,kota
Indonesia,2018,Jawa Tengah,Kota Tegal,,74.3,74.44,kota
Indonesia,2019,Jawa Tengah,Kota Tegal,30.13,74.34,74.93,kota
Indonesia,2020,Jawa Tengah,Kota Tegal,,74.46,75.07,kota
Indonesia,2021,Jawa Tengah,Kota Tegal,23.9,74.54,75.52,kota
Indonesia,2022,Jawa Tengah,Kota Tegal,16.8,74.64,76.15,kota
Indonesia,2023,Jawa Tengah,Kota Tegal,22.3,74.77,77.02,kota
Indonesia,2024,Jawa Tengah,Kota Tegal,18.0,74.87,77.43,kota
Indonesia,2013,Jawa Tengah,Kudus,,76.39,71.58,kota
Indonesia,2014,Jawa Tengah,Kudus,,76.4,72.0,kota
Indonesia,2015,Jawa Tengah,Kudus,,76.41,72.72,kota
Indonesia,2016,Jawa Tengah,Kudus,,76.43,72.94,kota
Indonesia,2017,Jawa Tengah,Kudus,,76.44,73.84,kota
Indonesia,2018,Jawa Tengah,Kudus,,76.47,74.58,kota
Indonesia,2019,Jawa Tengah,Kudus,27.07,76.5,74.94,kota
Indonesia,2020,Jawa Tengah,Kudus,,76.6,75.0,kota
Indonesia,2021,Jawa Tengah,Kudus,17.6,76.68,75.16,kota
Indonesia,2022,Jawa Tengah,Kudus,19.0,76.76,75.89,kota
Indonesia,2023,Jawa Tengah,Kudus,15.7,76.86,76.71,kota
Indonesia,2024,Jawa Tengah,Kudus,13.2,77.08,77.22,kota
Indonesia,2013,Jawa Tengah,Magelang,,73.21,65.86,kota
Indonesia,2014,Jawa Tengah,Magelang,,73.25,66.35,kota
Indonesia,2015,Jawa Tengah,Magelang,,73.27,67.13,kota
Indonesia,2016,Jawa Tengah,Magelang,,73.33,67.85,kota
Indonesia,2017,Jawa Tengah,Magelang,,73.39,68.39,kota
Indonesia,2018,Jawa Tengah,Magelang,,73.47,69.11,kota
Indonesia,2019,Jawa Tengah,Magelang,31.01,73.56,69.87,kota
Indonesia,2019,Jawa Tengah,Magelang,31.01,73.56,69.87,kota
Indonesia,2020,Jawa Tengah,Magelang,,73.72,69.87,kota
Indonesia,2021,Jawa Tengah,Magelang,13.3,73.88,70.12,kota
Indonesia,2021,Jawa Tengah,Magelang,13.3,73.88,70.12,kota
Indonesia,2022,Jawa Tengah,Magelang,28.2,74.03,70.85,kota
Indonesia,2022,Jawa Tengah,Magelang,28.2,74.03,70.85,kota
Indonesia,2023,Jawa Tengah,Magelang,25.8,74.2,71.45,kota
Indonesia,2023,Jawa Tengah,Magelang,25.8,74.2,71.45,kota
Indonesia,2024,Jawa Tengah,Magelang,19.3,74.45,71.99,kota
Indonesia,2024,Jawa Tengah,Magelang,19.3,74.45,71.99,kota
Indonesia,2013,Jawa Tengah,Pati,,75.4,66.47,kota
Indonesia,2014,Jawa Tengah,Pati,,75.43,66.99,kota
Indonesia,2015,Jawa Tengah,Pati,,75.63,68.51,kota
Indonesia,2016,Jawa Tengah,Pati,,75.69,69.03,kota
Indonesia,2017,Jawa Tengah,Pati,,75.8,70.12,kota
Indonesia,2018,Jawa Tengah,Pati,,75.93,70.71,kota
Indonesia,2019,Jawa Tengah,Pati,19.38,76.04,71.35,kota
Indonesia,2020,Jawa Tengah,Pati,,76.22,71.77,kota
Indonesia,2021,Jawa Tengah,Pati,20.6,76.27,72.28,kota
Indonesia,2022,Jawa Tengah,Pati,23.0,76.32,73.14,kota
Indonesia,2023,Jawa Tengah,Pati,18.5,76.39,73.59,kota
Indonesia,2024,Jawa Tengah,Pati,16.5,76.56,74.1,kota
Indonesia,2013,Jawa Tengah,Pekalongan,,73.3,66.26,kota
Indonesia,2014,Jawa Tengah,Pekalongan,,73.33,66.98,kota
Indonesia,2015,Jawa Tengah,Pekalongan,,73.35,67.4,kota
Indonesia,2016,Jawa Tengah,Pekalongan,,73.41,67.71,kota
Indonesia,2017,Jawa Tengah,Pekalongan,,73.46,68.4,kota
Indonesia,2018,Jawa Tengah,Pekalongan,,73.53,68.97,kota
Indonesia,2019,Jawa Tengah,Pekalongan,34.74,73.57,69.71,kota
Indonesia,2019,Jawa Tengah,Pekalongan,34.74,73.57,69.71,kota
Indonesia,2020,Jawa Tengah,Pekalongan,,73.69,69.63,kota
Indonesia,2021,Jawa Tengah,Pekalongan,19.5,73.74,70.11,kota
Indonesia,2021,Jawa Tengah,Pekalongan,19.5,73.74,70.11,kota
Indonesia,2022,Jawa Tengah,Pekalongan,23.5,73.8,70.81,kota
Indonesia,2022,Jawa Tengah,Pekalongan,23.5,73.8,70.81,kota
Indonesia,2023,Jawa Tengah,Pekalongan,28.6,73.87,71.4,kota
Indonesia,2023,Jawa Tengah,Pekalongan,28.6,73.87,71.4,kota
Indonesia,2024,Jawa Tengah,Pekalongan,19.5,74.0,71.84,kota
Indonesia,2024,Jawa Tengah,Pekalongan,19.5,74.0,71.84,kota
Indonesia,2013,Jawa Tengah,Pemalang,,72.59,61.81,kota
Indonesia,2014,Jawa Tengah,Pemalang,,72.64,62.35,kota
Indonesia,2015,Jawa Tengah,Pemalang,,72.77,63.7,kota
Indonesia,2016,Jawa Tengah,Pemalang,,72.87,64.17,kota
Indonesia,2017,Jawa Tengah,Pemalang,,72.98,65.04,kota
Indonesia,2018,Jawa Tengah,Pemalang,,73.11,65.67,kota
Indonesia,2019,Jawa Tengah,Pemalang,33.06,73.22,66.32,kota
Indonesia,2020,Jawa Tengah,Pemalang,,73.4,66.32,kota
Indonesia,2021,Jawa Tengah,Pemalang,24.7,73.53,66.56,kota
Indonesia,2022,Jawa Tengah,Pemalang,19.8,73.65,67.19,kota
Indonesia,2023,Jawa Tengah,Pemalang,15.3,73.85,68.03,kota
Indonesia,2024,Jawa Tengah,Pemalang,19.1,73.99,68.55,kota
Indonesia,2013,Jawa Tengah,Purbalingga,,72.76,65.53,kota
Indonesia,2014,Jawa Tengah,Purbalingga,,72.8,66.23,kota
Indonesia,2015,Jawa Tengah,Purbalingga,,72.81,67.03,kota
Indonesia,2016,Jawa Tengah,Purbalingga,,72.86,67.48,kota
Indonesia,2017,Jawa Tengah,Purbalingga,,72.91,67.72,kota
Indonesia,2018,Jawa Tengah,Purbalingga,,72.98,68.41,kota
Indonesia,2019,Jawa Tengah,Purbalingga,24.99,73.02,68.99,kota
Indonesia,2020,Jawa Tengah,Purbalingga,,73.14,68.97,kota
Indonesia,2021,Jawa Tengah,Purbalingga,16.8,73.21,69.15,kota
Indonesia,2022,Jawa Tengah,Purbalingga,26.8,73.28,69.54,kota
Indonesia,2023,Jawa Tengah,Purbalingga,26.0,73.37,70.24,kota
Indonesia,2024,Jawa Tengah,Purbalingga,22.3,73.56,70.69,kota
Indonesia,2013,Jawa Tengah,Purworejo,,73.77,69.77,kota
Indonesia,2014,Jawa Tengah,Purworejo,,73.83,70.12,kota
Indonesia,2015,Jawa Tengah,Purworejo,,74.03,70.37,kota
Indonesia,2016,Jawa Tengah,Purworejo,,74.14,70.66,kota
Indonesia,2017,Jawa Tengah,Purworejo,,74.26,71.31,kota
Indonesia,2018,Jawa Tengah,Purworejo,,74.4,71.87,kota
Indonesia,2019,Jawa Tengah,Purworejo,26.94,74.52,72.5,kota
Indonesia,2020,Jawa Tengah,Purworejo,,74.72,72.68,kota
Indonesia,2021,Jawa Tengah,Purworejo,15.7,74.87,72.98,kota
Indonesia,2022,Jawa Tengah,Purworejo,21.3,75.03,73.6,kota
Indonesia,2023,Jawa Tengah,Purworejo,20.6,75.21,74.28,kota
Indonesia,2024,Jawa Tengah,Purworejo,14.9,75.51,75.11,kota
Indonesia,2013,Jawa Tengah,Rembang,,74.16,66.84,kota
Indonesia,2014,Jawa Tengah,Rembang,,74.19,67.4,kota
Indonesia,2015,Jawa Tengah,Rembang,,74.22,68.18,kota
Indonesia,2016,Jawa Tengah,Rembang,,74.27,68.6,kota
Indonesia,2017,Jawa Tengah,Rembang,,74.32,68.95,kota
Indonesia,2018,Jawa Tengah,Rembang,,74.39,69.46,kota
Indonesia,2019,Jawa Tengah,Rembang,23.45,74.43,70.15,kota
Indonesia,2020,Jawa Tengah,Rembang,,74.55,70.02,kota
Indonesia,2021,Jawa Tengah,Rembang,18.7,74.61,70.43,kota
Indonesia,2022,Jawa Tengah,Rembang,24.3,74.68,71.0,kota
Indonesia,2023,Jawa Tengah,Rembang,19.5,74.77,71.89,kota
Indonesia,2024,Jawa Tengah,Rembang,15.8,74.97,72.53,kota
Indonesia,2013,Jawa Tengah,Semarang,,75.48,71.29,kota
Indonesia,2014,Jawa Tengah,Semarang,,75.5,71.65,kota
Indonesia,2015,Jawa Tengah,Semarang,,75.52,71.89,kota
Indonesia,2016,Jawa Tengah,Semarang,,75.54,72.4,kota
Indonesia,2017,Jawa Tengah,Semarang,,75.57,73.2,kota
Indonesia,2018,Jawa Tengah,Semarang,,75.62,73.61,kota
Indonesia,2019,Jawa Tengah,Semarang,25.91,75.63,74.14,kota
Indonesia,2019,Jawa Tengah,Semarang,25.91,75.63,74.14,kota
Indonesia,2020,Jawa Tengah,Semarang,,75.73,74.1,kota
Indonesia,2021,Jawa Tengah,Semarang,16.4,75.79,74.24,kota
Indonesia,2021,Jawa Tengah,Semarang,16.4,75.79,74.24,kota
Indonesia,2022,Jawa Tengah,Semarang,18.7,75.86,74.67,kota
Indonesia,2022,Jawa Tengah,Semarang,18.7,75.86,74.67,kota
Indonesia,2023,Jawa Tengah,Semarang,18.8,75.95,75.13,kota
Indonesia,2023,Jawa Tengah,Semarang,18.8,75.95,75.13,kota
Indonesia,2024,Jawa Tengah,Semarang,14.5,76.14,75.67,kota
Indonesia,2024,Jawa Tengah,Semarang,14.5,76.14,75.67,kota
Indonesia,2013,Jawa Tengah,Sragen,,75.27,69.95,kota
Indonesia,2014,Jawa Tengah,Sragen,,75.31,70.52,kota
Indonesia,2015,Jawa Tengah,Sragen,,75.41,71.1,kota
Indonesia,2016,Jawa Tengah,Sragen,,75.43,71.43,kota
Indonesia,2017,Jawa Tengah,Sragen,,75.55,72.4,kota
Indonesia,2018,Jawa Tengah,Sragen,,75.6,72.96,kota
Indonesia,2019,Jawa Tengah,Sragen,32.4,75.62,73.43,kota
Indonesia,2020,Jawa Tengah,Sragen,,75.71,73.95,kota
Indonesia,2021,Jawa Tengah,Sragen,18.8,75.79,74.08,kota
Indonesia,2022,Jawa Tengah,Sragen,24.3,75.87,74.65,kota
Indonesia,2023,Jawa Tengah,Sragen,18.4,75.97,75.1,kota
Indonesia,2024,Jawa Tengah,Sragen,15.8,76.18,75.53,kota
Indonesia,2013,Jawa Tengah,Sukoharjo,,77.44,73.22,kota
Indonesia,2014,Jawa Tengah,Sukoharjo,,77.45,73.76,kota
Indonesia,2015,Jawa Tengah,Sukoharjo,,77.46,74.53,kota
Indonesia,2016,Jawa Tengah,Sukoharjo,,77.46,75.06,kota
Indonesia,2017,Jawa Tengah,Sukoharjo,,77.49,75.56,kota
Indonesia,2018,Jawa Tengah,Sukoharjo,,77.54,76.07,kota
Indonesia,2019,Jawa Tengah,Sukoharjo,26.87,77.55,76.84,kota
Indonesia,2020,Jawa Tengah,Sukoharjo,,77.65,76.98,kota
Indonesia,2021,Jawa Tengah,Sukoharjo,20.0,77.73,77.13,kota
Indonesia,2022,Jawa Tengah,Sukoharjo,19.8,77.82,77.94,kota
Indonesia,2023,Jawa Tengah,Sukoharjo,24.3,77.86,78.65,kota
Indonesia,2024,Jawa Tengah,Sukoharjo,16.8,78.01,79.3,kota
Indonesia,2013,Jawa Tengah,Tegal,,70.73,63.5,kota
Indonesia,2014,Jawa Tengah,Tegal,,70.8,64.1,kota
Indonesia,2015,Jawa Tengah,Tegal,,70.9,65.04,kota
Indonesia,2016,Jawa Tengah,Tegal,,71.02,65.84,kota
Indonesia,2017,Jawa Tengah,Tegal,,71.14,66.44,kota
Indonesia,2018,Jawa Tengah,Tegal,,71.28,67.33,kota
Indonesia,2019,Jawa Tengah,Tegal,25.14,71.4,68.24,kota
Indonesia,2019,Jawa Tengah,Tegal,25.14,71.4,68.24,kota
Indonesia,2020,Jawa Tengah,Tegal,,71.6,68.39,kota
Indonesia,2021,Jawa Tengah,Tegal,23.9,71.72,68.79,kota
Indonesia,2021,Jawa Tengah,Tegal,23.9,71.72,68.79,kota
Indonesia,2022,Jawa Tengah,Tegal,22.3,71.85,69.53,kota
Indonesia,2022,Jawa Tengah,Tegal,22.3,71.85,69.53,kota
Indonesia,2023,Jawa Tengah,Tegal,21.5,72.0,70.23,kota
Indonesia,2023,Jawa Tengah,Tegal,21.5,72.0,70.23,kota
Indonesia,2024,Jawa Tengah,Tegal,15.9,72.16,70.77,kota
Indonesia,2024,Jawa Tengah,Tegal,15.9,72.16,70.77,kota
Indonesia,2013,Jawa Tengah,Temanggung,,75.31,65.52,kota
Indonesia,2014,Jawa Tengah,Temanggung,,75.34,65.97,kota
Indonesia,2015,Jawa Tengah,Temanggung,,75.35,67.07,kota
Indonesia,2016,Jawa Tengah,Temanggung,,75.39,67.6,kota
Indonesia,2017,Jawa Tengah,Temanggung,,75.42,68.34,kota
Indonesia,2018,Jawa Tengah,Temanggung,,75.47,68.83,kota
Indonesia,2019,Jawa Tengah,Temanggung,25.79,75.48,69.56,kota
Indonesia,2020,Jawa Tengah,Temanggung,,75.58,69.57,kota
Indonesia,2021,Jawa Tengah,Temanggung,20.5,75.64,69.88,kota
Indonesia,2022,Jawa Tengah,Temanggung,28.9,75.7,70.77,kota
Indonesia,2023,Jawa Tengah,Temanggung,25.1,75.77,71.33,kota
Indonesia,2024,Jawa Tengah,Temanggung,27.3,75.95,71.87,kota
Indonesia,2013,Jawa Tengah,Wonogiri,,75.8,66.4,kota
Indonesia,2014,Jawa Tengah,Wonogiri,,75.84,66.77,kota
Indonesia,2015,Jawa Tengah,Wonogiri,,75.86,67.76,kota
Indonesia,2016,Jawa Tengah,Wonogiri,,75.88,68.23,kota
Indonesia,2017,Jawa Tengah,Wonogiri,,76.0,68.66,kota
Indonesia,2018,Jawa Tengah,Wonogiri,,76.05,69.37,kota
Indonesia,2019,Jawa Tengah,Wonogiri,17.68,76.07,69.98,kota
Indonesia,2020,Jawa Tengah,Wonogiri,,76.16,70.25,kota
Indonesia,2021,Jawa Tengah,Wonogiri,14.0,76.28,70.49,kota
Indonesia,2022,Jawa Tengah,Wonogiri,18.0,76.41,71.04,kota
Indonesia,2023,Jawa Tengah,Wonogiri,19.5,76.56,71.97,kota
Indonesia,2024,Jawa Tengah,Wonogiri,15.1,76.84,72.55,kota
Indonesia,2013,Jawa Tengah,Wonosobo,,70.76,64.57,kota
Indonesia,2014,Jawa Tengah,Wonosobo,,70.82,65.2,kota
Indonesia,2015,Jawa Tengah,Wonosobo,,71.02,65.7,kota
Indonesia,2016,Jawa Tengah,Wonosobo,,71.16,66.19,kota
Indonesia,2017,Jawa Tengah,Wonosobo,,71.3,66.89,kota
Indonesia,2018,Jawa Tengah,Wonosobo,,71.46,67.81,kota
Indonesia,2019,Jawa Tengah,Wonosobo,38.57,71.6,68.27,kota
Indonesia,2020,Jawa Tengah,Wonosobo,,71.82,68.22,kota
Indonesia,2021,Jawa Tengah,Wonosobo,28.1,71.94,68.43,kota
Indonesia,2022,Jawa Tengah,Wonosobo,22.7,72.05,68.89,kota
Indonesia,2023,Jawa Tengah,Wonosobo,29.2,72.17,69.37,kota
Indonesia,2024,Jawa Tengah,Wonosobo,23.9,72.4,69.82,kota
Indonesia,2013,Jawa Timur,Bangkalan,,69.6,60.19,kota
Indonesia,2014,Jawa Timur,Bangkalan,,69.62,60.71,kota
Indonesia,2015,Jawa Timur,Bangkalan,,69.72,61.49,kota
Indonesia,2016,Jawa Timur,Bangkalan,,69.77,62.06,kota
Indonesia,2017,Jawa Timur,Bangkalan,,69.82,62.3,kota
Indonesia,2018,Jawa Timur,Bangkalan,,69.94,62.87,kota
Indonesia,2019,Jawa Timur,Bangkalan,22.37,70.11,63.79,kota
Indonesia,2020,Jawa Timur,Bangkalan,,70.18,64.11,kota
Indonesia,2021,Jawa Timur,Bangkalan,38.9,70.22,64.36,kota
Indonesia,2022,Jawa Timur,Bangkalan,26.2,70.54,65.05,kota
Indonesia,2023,Jawa Timur,Bangkalan,10.2,70.79,65.75,kota
Indonesia,2024,Jawa Timur,Bangkalan,17.6,70.96,66.27,kota
Indonesia,2013,Jawa Timur,Banyuwangi,,69.88,66.74,kota
Indonesia,2014,Jawa Timur,Banyuwangi,,69.93,67.31,kota
Indonesia,2015,Jawa Timur,Banyuwangi,,70.03,68.08,kota
Indonesia,2016,Jawa Timur,Banyuwangi,,70.11,69.0,kota
Indonesia,2017,Jawa Timur,Banyuwangi,,70.19,69.64,kota
Indonesia,2018,Jawa Timur,Banyuwangi,,70.34,70.06,kota
Indonesia,2019,Jawa Timur,Banyuwangi,24.46,70.54,70.6,kota
Indonesia,2020,Jawa Timur,Banyuwangi,,70.65,70.62,kota
Indonesia,2021,Jawa Timur,Banyuwangi,20.1,70.72,71.38,kota
Indonesia,2022,Jawa Timur,Banyuwangi,18.1,71.06,71.94,kota
Indonesia,2023,Jawa Timur,Banyuwangi,21.9,71.38,72.61,kota
Indonesia,2024,Jawa Timur,Banyuwangi,17.6,71.57,73.11,kota
Indonesia,2013,Jawa Timur,Blitar,,72.47,66.49,kota
Indonesia,2014,Jawa Timur,Blitar,,72.5,66.88,kota
Indonesia,2015,Jawa Timur,Blitar,,72.8,68.13,kota
Indonesia,2016,Jawa Timur,Blitar,,72.89,68.88,kota
Indonesia,2017,Jawa Timur,Blitar,,72.99,69.33,kota
Indonesia,2018,Jawa Timur,Blitar,,73.16,69.93,kota
Indonesia,2019,Jawa Timur,Blitar,27.05,73.39,70.57,kota
Indonesia,2019,Jawa Timur,Blitar,27.05,73.39,70.57,kota
Indonesia,2020,Jawa Timur,Blitar,,73.52,70.58,kota
Indonesia,2021,Jawa Timur,Blitar,12.9,73.61,71.05,kota
Indonesia,2021,Jawa Timur,Blitar,12.9,73.61,71.05,kota
Indonesia,2022,Jawa Timur,Blitar,14.3,73.98,71.86,kota
Indonesia,2022,Jawa Timur,Blitar,14.3,73.98,71.86,kota
Indonesia,2023,Jawa Timur,Blitar,20.3,74.34,72.49,kota
Indonesia,2023,Jawa Timur,Blitar,20.3,74.34,72.49,kota
Indonesia,2024,Jawa Timur,Blitar,17.8,74.54,73.09,kota
Indonesia,2024,Jawa Timur,Blitar,17.8,74.54,73.09,kota
Indonesia,2013,Jawa Timur,Bojonegoro,,70.07,64.85,kota
Indonesia,2014,Jawa Timur,Bojonegoro,,70.11,65.27,kota
Indonesia,2015,Jawa Timur,Bojonegoro,,70.51,66.17,kota
Indonesia,2016,Jawa Timur,Bojonegoro,,70.67,66.73,kota
Indonesia,2017,Jawa Timur,Bojonegoro,,70.83,67.28,kota
Indonesia,2018,Jawa Timur,Bojonegoro,,71.07,67.85,kota
Indonesia,2019,Jawa Timur,Bojonegoro,32.48,71.36,68.75,kota
Indonesia,2020,Jawa Timur,Bojonegoro,,71.56,69.04,kota
Indonesia,2021,Jawa Timur,Bojonegoro,23.9,71.72,69.59,kota
Indonesia,2022,Jawa Timur,Bojonegoro,24.3,72.16,70.12,kota
Indonesia,2023,Jawa Timur,Bojonegoro,14.1,72.57,70.85,kota
Indonesia,2024,Jawa Timur,Bojonegoro,12.0,72.76,71.78,kota
Indonesia,2013,Jawa Timur,Bondowoso,,65.36,63.21,kota
Indonesia,2014,Jawa Timur,Bondowoso,,65.43,63.43,kota
Indonesia,2015,Jawa Timur,Bondowoso,,65.73,63.95,kota
Indonesia,2016,Jawa Timur,Bondowoso,,65.89,64.52,kota
Indonesia,2017,Jawa Timur,Bondowoso,,66.04,64.75,kota
Indonesia,2018,Jawa Timur,Bondowoso,,66.27,65.27,kota
Indonesia,2019,Jawa Timur,Bondowoso,37.22,66.55,66.09,kota
Indonesia,2020,Jawa Timur,Bondowoso,,66.74,66.43,kota
Indonesia,2021,Jawa Timur,Bondowoso,37.0,66.89,66.59,kota
Indonesia,2022,Jawa Timur,Bondowoso,32.0,67.29,67.31,kota
Indonesia,2023,Jawa Timur,Bondowoso,17.0,67.6,67.99,kota
Indonesia,2024,Jawa Timur,Bondowoso,11.2,67.76,68.65,kota
Indonesia,2013,Jawa Timur,Gresik,,72.19,72.47,kota
Indonesia,2014,Jawa Timur,Gresik,,72.2,72.84,kota
Indonesia,2015,Jawa Timur,Gresik,,72.3,73.57,kota
Indonesia,2016,Jawa Timur,Gresik,,72.33,74.46,kota
Indonesia,2017,Jawa Timur,Gresik,,72.36,74.84,kota
Indonesia,2018,Jawa Timur,Gresik,,72.46,75.28,kota
Indonesia,2019,Jawa Timur,Gresik,25.53,72.61,76.1,kota
Indonesia,2020,Jawa Timur,Gresik,,72.66,76.11,kota
Indonesia,2021,Jawa Timur,Gresik,23.0,72.67,76.5,kota
Indonesia,2022,Jawa Timur,Gresik,10.7,72.99,77.16,kota
Indonesia,2023,Jawa Timur,Gresik,15.4,73.3,77.98,kota
Indonesia,2024,Jawa Timur,Gresik,15.2,73.5,78.45,kota
Indonesia,2013,Jawa Timur,Jember,,67.75,62.43,kota
Indonesia,2014,Jawa Timur,Jember,,67.8,62.64,kota
Indonesia,2015,Jawa Timur,Jember,,68.2,63.04,kota
Indonesia,2016,Jawa Timur,Jember,,68.37,64.01,kota
Indonesia,2017,Jawa Timur,Jember,,68.54,64.96,kota
Indonesia,2018,Jawa Timur,Jember,,68.74,65.96,kota
Indonesia,2019,Jawa Timur,Jember,37.94,68.99,66.69,kota
Indonesia,2020,Jawa Timur,Jember,,69.15,67.11,kota
Indonesia,2021,Jawa Timur,Jember,23.9,69.28,67.32,kota
Indonesia,2022,Jawa Timur,Jember,34.9,69.68,67.97,kota
Indonesia,2023,Jawa Timur,Jember,29.7,70.03,68.64,kota
Indonesia,2024,Jawa Timur,Jember,30.4,70.2,69.15,kota
Indonesia,2013,Jawa Timur,Jombang,,71.34,68.63,kota
Indonesia,2014,Jawa Timur,Jombang,,71.37,69.07,kota
Indonesia,2015,Jawa Timur,Jombang,,71.67,69.59,kota
Indonesia,2016,Jawa Timur,Jombang,,71.77,70.03,kota
Indonesia,2017,Jawa Timur,Jombang,,71.87,70.88,kota
Indonesia,2018,Jawa Timur,Jombang,,72.04,71.86,kota
Indonesia,2019,Jawa Timur,Jombang,32.17,72.27,72.85,kota
Indonesia,2020,Jawa Timur,Jombang,,72.4,72.97,kota
Indonesia,2021,Jawa Timur,Jombang,21.2,72.49,73.45,kota
Indonesia,2022,Jawa Timur,Jombang,22.1,72.86,74.05,kota
Indonesia,2023,Jawa Timur,Jombang,18.0,73.22,74.6,kota
Indonesia,2024,Jawa Timur,Jombang,17.2,73.42,75.1,kota
Indonesia,2013,Jawa Timur,Kediri,,72.02,68.01,kota
Indonesia,2014,Jawa Timur,Kediri,,72.04,68.44,kota
Indonesia,2015,Jawa Timur,Kediri,,72.14,68.91,kota
Indonesia,2016,Jawa Timur,Kediri,,72.2,69.87,kota
Indonesia,2017,Jawa Timur,Kediri,,72.25,70.47,kota
Indonesia,2018,Jawa Timur,Kediri,,72.37,71.07,kota
Indonesia,2019,Jawa Timur,Kediri,24.49,72.54,71.85,kota
Indonesia,2019,Jawa Timur,Kediri,24.49,72.54,71.85,kota
Indonesia,2020,Jawa Timur,Kediri,,72.61,72.05,kota
Indonesia,2021,Jawa Timur,Kediri,15.7,72.65,72.56,kota
Indonesia,2021,Jawa Timur,Kediri,15.7,72.65,72.56,kota
Indonesia,2022,Jawa Timur,Kediri,21.6,72.97,73.46,kota
Indonesia,2022,Jawa Timur,Kediri,21.6,72.97,73.46,kota
Indonesia,2023,Jawa Timur,Kediri,16.8,73.27,73.96,kota
Indonesia,2023,Jawa Timur,Kediri,16.8,73.27,73.96,kota
Indonesia,2024,Jawa Timur,Kediri,7.9,73.47,74.44,kota
Indonesia,2024,Jawa Timur,Kediri,7.9,73.47,74.44,kota
Indonesia,2013,Jawa Timur,Kota Batu,,72.05,71.55,kota
Indonesia,2014,Jawa Timur,Kota Batu,,72.06,71.89,kota
Indonesia,2015,Jawa Timur,Kota Batu,,72.16,72.62,kota
Indonesia,2016,Jawa Timur,Kota Batu,,72.2,73.57,kota
Indonesia,2017,Jawa Timur,Kota Batu,,72.25,74.26,kota
Indonesia,2018,Jawa Timur,Kota Batu,,72.37,75.04,kota
Indonesia,2019,Jawa Timur,Kota Batu,27.5,72.54,75.88,kota
Indonesia,2020,Jawa Timur,Kota Batu,,72.61,75.9,kota
Indonesia,2021,Jawa Timur,Kota Batu,15.0,72.65,76.28,kota
Indonesia,2022,Jawa Timur,Kota Batu,25.2,72.97,77.22,kota
Indonesia,2023,Jawa Timur,Kota Batu,23.1,73.29,78.18,kota
Indonesia,2024,Jawa Timur,Kota Batu,24.5,73.49,78.79,kota
Indonesia,2013,Jawa Timur,Kota Blitar,,72.69,74.53,kota
Indonesia,2014,Jawa Timur,Kota Blitar,,72.7,75.26,kota
Indonesia,2015,Jawa Timur,Kota Blitar,,73.0,76.0,kota
Indonesia,2016,Jawa Timur,Kota Blitar,,73.09,76.71,kota
Indonesia,2017,Jawa Timur,Kota Blitar,,73.17,77.1,kota
Indonesia,2018,Jawa Timur,Kota Blitar,,73.36,77.58,kota
Indonesia,2019,Jawa Timur,Kota Blitar,16.1,73.6,78.56,kota
Indonesia,2020,Jawa Timur,Kota Blitar,,73.75,78.57,kota
Indonesia,2021,Jawa Timur,Kota Blitar,12.9,73.86,78.98,kota
Indonesia,2022,Jawa Timur,Kota Blitar,12.8,74.26,79.93,kota
Indonesia,2023,Jawa Timur,Kota Blitar,17.7,74.66,80.63,kota
Indonesia,2024,Jawa Timur,Kota Blitar,11.4,74.86,81.27,kota
Indonesia,2013,Jawa Timur,Kota Kediri,,73.51,74.18,kota
Indonesia,2014,Jawa Timur,Kota Kediri,,73.52,74.62,kota
Indonesia,2015,Jawa Timur,Kota Kediri,,73.62,75.67,kota
Indonesia,2016,Jawa Timur,Kota Kediri,,73.65,76.33,kota
Indonesia,2017,Jawa Timur,Kota Kediri,,73.69,77.13,kota
Indonesia,2018,Jawa Timur,Kota Kediri,,73.8,77.58,kota
Indonesia,2019,Jawa Timur,Kota Kediri,10.94,73.96,78.08,kota
Indonesia,2020,Jawa Timur,Kota Kediri,,74.02,78.23,kota
Indonesia,2021,Jawa Timur,Kota Kediri,15.7,74.04,78.6,kota
Indonesia,2022,Jawa Timur,Kota Kediri,14.3,74.34,79.59,kota
Indonesia,2023,Jawa Timur,Kota Kediri,18.6,74.67,80.44,kota
Indonesia,2024,Jawa Timur,Kota Kediri,17.6,74.87,81.35,kota
Indonesia,2013,Jawa Timur,Kota Madiun,,72.38,78.41,kota
Indonesia,2014,Jawa Timur,Kota Madiun,,72.41,78.81,kota
Indonesia,2015,Jawa Timur,Kota Madiun,,72.41,79.48,kota
Indonesia,2016,Jawa Timur,Kota Madiun,,72.44,80.01,kota
Indonesia,2017,Jawa Timur,Kota Madiun,,72.48,80.13,kota
Indonesia,2018,Jawa Timur,Kota Madiun,,72.59,80.33,kota
Indonesia,2019,Jawa Timur,Kota Madiun,17.44,72.75,80.88,kota
Indonesia,2020,Jawa Timur,Kota Madiun,,72.81,80.91,kota
Indonesia,2021,Jawa Timur,Kota Madiun,12.4,72.83,81.25,kota
Indonesia,2022,Jawa Timur,Kota Madiun,9.7,73.13,82.01,kota
Indonesia,2023,Jawa Timur,Kota Madiun,12.8,73.44,82.71,kota
Indonesia,2024,Jawa Timur,Kota Madiun,11.8,73.65,83.48,kota
Indonesia,2013,Jawa Timur,Kota Malang,,72.28,78.44,kota
Indonesia,2014,Jawa Timur,Kota Malang,,72.3,78.96,kota
Indonesia,2015,Jawa Timur,Kota Malang,,72.6,80.05,kota
Indonesia,2016,Jawa Timur,Kota Malang,,72.68,80.46,kota
Indonesia,2017,Jawa Timur,Kota Malang,,72.77,80.65,kota
Indonesia,2018,Jawa Timur,Kota Malang,,72.93,80.89,kota
Indonesia,2019,Jawa Timur,Kota Malang,28.87,73.15,81.32,kota
Indonesia,2020,Jawa Timur,Kota Malang,,73.27,81.45,kota
Indonesia,2021,Jawa Timur,Kota Malang,25.7,73.36,82.04,kota
Indonesia,2022,Jawa Timur,Kota Malang,18.0,73.75,82.71,kota
Indonesia,2023,Jawa Timur,Kota Malang,17.3,74.13,83.39,kota
Indonesia,2024,Jawa Timur,Kota Malang,22.8,74.33,84.06,kota
Indonesia,2013,Jawa Timur,Kota Mojokerto,,72.37,74.91,kota
Indonesia,2014,Jawa Timur,Kota Mojokerto,,72.39,75.04,kota
Indonesia,2015,Jawa Timur,Kota Mojokerto,,72.69,75.54,kota
Indonesia,2016,Jawa Timur,Kota Mojokerto,,72.78,76.38,kota
Indonesia,2017,Jawa Timur,Kota Mojokerto,,72.86,76.77,kota
Indonesia,2018,Jawa Timur,Kota Mojokerto,,73.01,77.14,kota
Indonesia,2019,Jawa Timur,Kota Mojokerto,25.63,73.21,77.96,kota
Indonesia,2020,Jawa Timur,Kota Mojokerto,,73.32,78.04,kota
Indonesia,2021,Jawa Timur,Kota Mojokerto,6.9,73.39,78.43,kota
Indonesia,2022,Jawa Timur,Kota Mojokerto,8.4,73.74,79.32,kota
Indonesia,2023,Jawa Timur,Kota Mojokerto,11.0,74.1,80.07,kota
Indonesia,2024,Jawa Timur,Kota Mojokerto,11.7,74.29,80.92,kota
Indonesia,2013,Jawa Timur,Kota Pasuruan,,70.52,72.89,kota
Indonesia,2014,Jawa Timur,Kota Pasuruan,,70.54,73.23,kota
Indonesia,2015,Jawa Timur,Kota Pasuruan,,70.84,73.78,kota
Indonesia,2016,Jawa Timur,Kota Pasuruan,,70.93,74.11,kota
Indonesia,2017,Jawa Timur,Kota Pasuruan,,71.02,74.39,kota
Indonesia,2018,Jawa Timur,Kota Pasuruan,,71.18,74.78,kota
Indonesia,2019,Jawa Timur,Kota Pasuruan,21.56,71.4,75.25,kota
Indonesia,2020,Jawa Timur,Kota Pasuruan,,71.52,75.26,kota
Indonesia,2021,Jawa Timur,Kota Pasuruan,21.5,71.6,75.62,kota
Indonesia,2022,Jawa Timur,Kota Pasuruan,21.1,71.96,76.54,kota
Indonesia,2023,Jawa Timur,Kota Pasuruan,11.7,72.31,77.17,kota
Indonesia,2024,Jawa Timur,Kota Pasuruan,18.3,72.5,77.75,kota
Indonesia,2013,Jawa Timur,Kota Probolinggo,,69.5,70.05,kota
Indonesia,2014,Jawa Timur,Kota Probolinggo,,69.52,70.49,kota
Indonesia,2015,Jawa Timur,Kota Probolinggo,,69.72,71.01,kota
Indonesia,2016,Jawa Timur,Kota Probolinggo,,69.79,71.5,kota
Indonesia,2017,Jawa Timur,Kota Probolinggo,,69.86,72.09,kota
Indonesia,2018,Jawa Timur,Kota Probolinggo,,70.0,72.53,kota
Indonesia,2019,Jawa Timur,Kota Probolinggo,23.31,70.19,73.27,kota
Indonesia,2020,Jawa Timur,Kota Probolinggo,,70.29,73.27,kota
Indonesia,2021,Jawa Timur,Kota Probolinggo,19.0,70.35,73.66,kota
Indonesia,2022,Jawa Timur,Kota Probolinggo,23.3,70.68,74.56,kota
Indonesia,2023,Jawa Timur,Kota Probolinggo,31.8,70.99,75.43,kota
Indonesia,2024,Jawa Timur,Kota Probolinggo,23.1,71.18,76.27,kota
Indonesia,2013,Jawa Timur,Kota Surabaya,,73.83,78.51,kota
Indonesia,2014,Jawa Timur,Kota Surabaya,,73.85,78.87,kota
Indonesia,2015,Jawa Timur,Kota Surabaya,,73.85,79.47,kota
Indonesia,2016,Jawa Timur,Kota Surabaya,,73.87,80.38,kota
Indonesia,2017,Jawa Timur,Kota Surabaya,,73.88,81.07,kota
Indonesia,2018,Jawa Timur,Kota Surabaya,,73.98,81.74,kota
Indonesia,2019,Jawa Timur,Kota Surabaya,16.87,74.13,82.22,kota
Indonesia,2020,Jawa Timur,Kota Surabaya,,74.18,82.23,kota
Indonesia,2021,Jawa Timur,Kota Surabaya,28.9,74.18,82.31,kota
Indonesia,2022,Jawa Timur,Kota Surabaya,4.8,74.47,82.74,kota
Indonesia,2023,Jawa Timur,Kota Surabaya,,74.75,83.45,kota
Indonesia,2024,Jawa Timur,Kota Surabaya,8.5,74.94,84.14,kota
Indonesia,2013,Jawa Timur,Lamongan,,71.43,68.9,kota
Indonesia,2014,Jawa Timur,Lamongan,,71.47,69.42,kota
Indonesia,2015,Jawa Timur,Lamongan,,71.67,69.84,kota
Indonesia,2016,Jawa Timur,Lamongan,,71.77,70.34,kota
Indonesia,2017,Jawa Timur,Lamongan,,71.87,71.11,kota
Indonesia,2018,Jawa Timur,Lamongan,,72.04,71.97,kota
Indonesia,2019,Jawa Timur,Lamongan,27.7,72.27,72.57,kota
Indonesia,2020,Jawa Timur,Lamongan,,72.4,72.58,kota
Indonesia,2021,Jawa Timur,Lamongan,20.5,72.49,73.12,kota
Indonesia,2022,Jawa Timur,Lamongan,27.5,72.86,74.02,kota
Indonesia,2023,Jawa Timur,Lamongan,9.4,73.22,74.53,kota
Indonesia,2024,Jawa Timur,Lamongan,6.9,73.41,75.13,kota
Indonesia,2013,Jawa Timur,Lumajang,,69.02,61.87,kota
Indonesia,2014,Jawa Timur,Lumajang,,69.07,62.33,kota
Indonesia,2015,Jawa Timur,Lumajang,,69.27,63.02,kota
Indonesia,2016,Jawa Timur,Lumajang,,69.38,63.74,kota
Indonesia,2017,Jawa Timur,Lumajang,,69.5,64.23,kota
Indonesia,2018,Jawa Timur,Lumajang,,69.7,64.83,kota
Indonesia,2019,Jawa Timur,Lumajang,34.47,69.94,65.33,kota
Indonesia,2020,Jawa Timur,Lumajang,,70.1,65.46,kota
Indonesia,2021,Jawa Timur,Lumajang,30.1,70.21,66.07,kota
Indonesia,2022,Jawa Timur,Lumajang,23.8,70.61,66.95,kota
Indonesia,2023,Jawa Timur,Lumajang,29.9,70.96,67.87,kota
Indonesia,2024,Jawa Timur,Lumajang,23.4,71.14,68.8,kota
Indonesia,2013,Jawa Timur,Madiun,,69.7,68.07,kota
Indonesia,2014,Jawa Timur,Madiun,,69.76,68.6,kota
Indonesia,2015,Jawa Timur,Madiun,,70.36,69.39,kota
Indonesia,2016,Jawa Timur,Madiun,,70.55,69.67,kota
Indonesia,2017,Jawa Timur,Madiun,,70.77,70.27,kota
Indonesia,2018,Jawa Timur,Madiun,,70.97,71.01,kota
Indonesia,2019,Jawa Timur,Madiun,24.94,71.22,71.69,kota
Indonesia,2019,Jawa Timur,Madiun,24.94,71.22,71.69,kota
Indonesia,2020,Jawa Timur,Madiun,,71.38,71.73,kota
Indonesia,2021,Jawa Timur,Madiun,12.4,71.5,71.88,kota
Indonesia,2021,Jawa Timur,Madiun,12.4,71.5,71.88,kota
Indonesia,2022,Jawa Timur,Madiun,17.6,71.9,72.39,kota
Indonesia,2022,Jawa Timur,Madiun,17.6,71.9,72.39,kota
Indonesia,2023,Jawa Timur,Madiun,16.5,72.28,72.97,kota
Indonesia,2023,Jawa Timur,Madiun,16.5,72.28,72.97,kota
Indonesia,2024,Jawa Timur,Madiun,12.1,72.47,73.74,kota
Indonesia,2024,Jawa Timur,Madiun,12.1,72.47,73.74,kota
Indonesia,2013,Jawa Timur,Magetan,,71.87,69.86,kota
Indonesia,2014,Jawa Timur,Magetan,,71.91,70.29,kota
Indonesia,2015,Jawa Timur,Magetan,,72.01,71.39,kota
Indonesia,2016,Jawa Timur,Magetan,,72.09,71.94,kota
Indonesia,2017,Jawa Timur,Magetan,,72.16,72.6,kota
Indonesia,2018,Jawa Timur,Magetan,,72.3,72.91,kota
Indonesia,2019,Jawa Timur,Magetan,21.54,72.49,73.49,kota
Indonesia,2020,Jawa Timur,Magetan,,72.59,73.92,kota
Indonesia,2021,Jawa Timur,Magetan,17.2,72.65,74.15,kota
Indonesia,2022,Jawa Timur,Magetan,14.9,72.97,74.85,kota
Indonesia,2023,Jawa Timur,Magetan,19.2,73.29,75.41,kota
Indonesia,2024,Jawa Timur,Magetan,10.3,73.49,75.87,kota
Indonesia,2013,Jawa Timur,Malang,,71.76,65.2,kota
Indonesia,2014,Jawa Timur,Malang,,71.78,65.59,kota
Indonesia,2015,Jawa Timur,Malang,,71.98,66.63,kota
Indonesia,2016,Jawa Timur,Malang,,72.05,67.51,kota
Indonesia,2017,Jawa Timur,Malang,,72.12,68.47,kota
Indonesia,2018,Jawa Timur,Malang,,72.26,69.4,kota
Indonesia,2019,Jawa Timur,Malang,25.56,72.45,70.35,kota
Indonesia,2020,Jawa Timur,Malang,,72.55,70.36,kota
Indonesia,2021,Jawa Timur,Malang,25.7,72.61,70.6,kota
Indonesia,2022,Jawa Timur,Malang,,72.95,71.38,kota
Indonesia,2023,Jawa Timur,Malang,,73.26,72.16,kota
Indonesia,2024,Jawa Timur,Malang,23.3,73.45,72.68,kota
Indonesia,2013,Jawa Timur,Mojokerto,,71.75,69.84,kota
Indonesia,2014,Jawa Timur,Mojokerto,,71.76,70.22,kota
Indonesia,2015,Jawa Timur,Mojokerto,,71.96,70.85,kota
Indonesia,2016,Jawa Timur,Mojokerto,,72.03,71.38,kota
Indonesia,2017,Jawa Timur,Mojokerto,,72.1,72.36,kota
Indonesia,2018,Jawa Timur,Mojokerto,,72.24,72.64,kota
Indonesia,2019,Jawa Timur,Mojokerto,17.2,72.43,73.53,kota
Indonesia,2019,Jawa Timur,Mojokerto,17.2,72.43,73.53,kota
Indonesia,2020,Jawa Timur,Mojokerto,,72.53,73.83,kota
Indonesia,2021,Jawa Timur,Mojokerto,6.9,72.59,74.15,kota
Indonesia,2021,Jawa Timur,Mojokerto,6.9,72.59,74.15,kota
Indonesia,2022,Jawa Timur,Mojokerto,11.6,72.93,74.89,kota
Indonesia,2022,Jawa Timur,Mojokerto,11.6,72.93,74.89,kota
Indonesia,2023,Jawa Timur,Mojokerto,16.2,73.25,75.53,kota
Indonesia,2023,Jawa Timur,Mojokerto,16.2,73.25,75.53,kota
Indonesia,2024,Jawa Timur,Mojokerto,15.2,73.45,75.98,kota
Indonesia,2024,Jawa Timur,Mojokerto,15.2,73.45,75.98,kota
Indonesia,2013,Jawa Timur,Nganjuk,,70.83,68.98,kota
Indonesia,2014,Jawa Timur,Nganjuk,,70.87,69.59,kota
Indonesia,2015,Jawa Timur,Nganjuk,,70.97,69.9,kota
Indonesia,2016,Jawa Timur,Nganjuk,,71.04,70.5,kota
Indonesia,2017,Jawa Timur,Nganjuk,,71.11,70.69,kota
Indonesia,2018,Jawa Timur,Nganjuk,,71.25,71.23,kota
Indonesia,2019,Jawa Timur,Nganjuk,26.61,71.44,71.71,kota
Indonesia,2020,Jawa Timur,Nganjuk,,71.54,71.72,kota
Indonesia,2021,Jawa Timur,Nganjuk,25.3,71.6,71.97,kota
Indonesia,2022,Jawa Timur,Nganjuk,20.0,71.95,72.93,kota
Indonesia,2023,Jawa Timur,Nganjuk,17.1,72.28,73.71,kota
Indonesia,2024,Jawa Timur,Nganjuk,22.8,72.48,74.23,kota
Indonesia,2013,Jawa Timur,Ngawi,,71.28,67.25,kota
Indonesia,2014,Jawa Timur,Ngawi,,71.33,67.78,kota
Indonesia,2015,Jawa Timur,Ngawi,,71.53,68.32,kota
Indonesia,2016,Jawa Timur,Ngawi,,71.63,68.96,kota
Indonesia,2017,Jawa Timur,Ngawi,,71.74,69.27,kota
Indonesia,2018,Jawa Timur,Ngawi,,71.92,69.91,kota
Indonesia,2019,Jawa Timur,Ngawi,28.7,72.16,70.41,kota
Indonesia,2020,Jawa Timur,Ngawi,,72.3,70.54,kota
Indonesia,2021,Jawa Timur,Ngawi,16.2,72.41,71.04,kota
Indonesia,2022,Jawa Timur,Ngawi,28.5,72.81,71.75,kota
Indonesia,2023,Jawa Timur,Ngawi,14.0,73.2,72.47,kota
Indonesia,2024,Jawa Timur,Ngawi,11.4,73.39,73.09,kota
Indonesia,2013,Jawa Timur,Pacitan,,70.7,63.38,kota
Indonesia,2014,Jawa Timur,Pacitan,,70.75,63.81,kota
Indonesia,2015,Jawa Timur,Pacitan,,71.05,64.92,kota
Indonesia,2016,Jawa Timur,Pacitan,,71.18,65.74,kota
Indonesia,2017,Jawa Timur,Pacitan,,71.31,66.51,kota
Indonesia,2018,Jawa Timur,Pacitan,,71.52,67.33,kota
Indonesia,2019,Jawa Timur,Pacitan,34.47,71.77,68.16,kota
Indonesia,2020,Jawa Timur,Pacitan,,71.94,68.39,kota
Indonesia,2021,Jawa Timur,Pacitan,22.7,72.07,68.57,kota
Indonesia,2022,Jawa Timur,Pacitan,20.6,72.48,69.37,kota
Indonesia,2023,Jawa Timur,Pacitan,20.9,72.86,70.19,kota
Indonesia,2024,Jawa Timur,Pacitan,11.7,73.04,70.74,kota
Indonesia,2013,Jawa Timur,Pamekasan,,66.53,62.27,kota
Indonesia,2014,Jawa Timur,Pamekasan,,66.56,62.66,kota
Indonesia,2015,Jawa Timur,Pamekasan,,66.86,63.1,kota
Indonesia,2016,Jawa Timur,Pamekasan,,66.95,63.98,kota
Indonesia,2017,Jawa Timur,Pamekasan,,67.05,64.93,kota
Indonesia,2018,Jawa Timur,Pamekasan,,67.22,65.41,kota
Indonesia,2019,Jawa Timur,Pamekasan,27.13,67.45,65.94,kota
Indonesia,2020,Jawa Timur,Pamekasan,,67.58,66.26,kota
Indonesia,2021,Jawa Timur,Pamekasan,38.7,67.67,66.4,kota
Indonesia,2022,Jawa Timur,Pamekasan,8.1,68.03,66.99,kota
Indonesia,2023,Jawa Timur,Pamekasan,25.1,68.31,67.96,kota
Indonesia,2024,Jawa Timur,Pamekasan,22.3,68.48,68.49,kota
Indonesia,2013,Jawa Timur,Pasuruan,,69.8,63.74,kota
Indonesia,2014,Jawa Timur,Pasuruan,,69.83,64.35,kota
Indonesia,2015,Jawa Timur,Pasuruan,,69.83,65.04,kota
Indonesia,2016,Jawa Timur,Pasuruan,,69.86,65.71,kota
Indonesia,2017,Jawa Timur,Pasuruan,,69.9,66.69,kota
Indonesia,2018,Jawa Timur,Pasuruan,,70.01,67.41,kota
Indonesia,2019,Jawa Timur,Pasuruan,29.27,70.17,68.29,kota
Indonesia,2019,Jawa Timur,Pasuruan,29.27,70.17,68.29,kota
Indonesia,2020,Jawa Timur,Pasuruan,,70.23,68.6,kota
Indonesia,2021,Jawa Timur,Pasuruan,21.5,70.25,68.93,kota
Indonesia,2021,Jawa Timur,Pasuruan,21.5,70.25,68.93,kota
Indonesia,2022,Jawa Timur,Pasuruan,20.5,70.55,69.68,kota
Indonesia,2022,Jawa Timur,Pasuruan,20.5,70.55,69.68,kota
Indonesia,2023,Jawa Timur,Pasuruan,27.9,70.81,70.29,kota
Indonesia,2023,Jawa Timur,Pasuruan,27.9,70.81,70.29,kota
Indonesia,2024,Jawa Timur,Pasuruan,26.1,71.0,70.73,kota
Indonesia,2024,Jawa Timur,Pasuruan,26.1,71.0,70.73,kota
Indonesia,2013,Jawa Timur,Ponorogo,,71.85,67.03,kota
Indonesia,2014,Jawa Timur,Ponorogo,,71.88,67.4,kota
Indonesia,2015,Jawa Timur,Ponorogo,,72.08,68.16,kota
Indonesia,2016,Jawa Timur,Ponorogo,,72.18,68.93,kota
Indonesia,2017,Jawa Timur,Ponorogo,,72.27,69.26,kota
Indonesia,2018,Jawa Timur,Ponorogo,,72.43,69.91,kota
Indonesia,2019,Jawa Timur,Ponorogo,27.55,72.65,70.56,kota
Indonesia,2020,Jawa Timur,Ponorogo,,72.77,70.81,kota
Indonesia,2021,Jawa Timur,Ponorogo,20.0,72.85,71.06,kota
Indonesia,2022,Jawa Timur,Ponorogo,14.2,73.2,71.87,kota
Indonesia,2023,Jawa Timur,Ponorogo,16.1,73.55,72.5,kota
Indonesia,2024,Jawa Timur,Ponorogo,13.4,73.74,73.01,kota
Indonesia,2013,Jawa Timur,Probolinggo,,65.69,62.61,kota
Indonesia,2014,Jawa Timur,Probolinggo,,65.75,63.04,kota
Indonesia,2015,Jawa Timur,Probolinggo,,66.15,63.83,kota
Indonesia,2016,Jawa Timur,Probolinggo,,66.31,64.12,kota
Indonesia,2017,Jawa Timur,Probolinggo,,66.47,64.28,kota
Indonesia,2018,Jawa Timur,Probolinggo,,66.71,64.85,kota
Indonesia,2019,Jawa Timur,Probolinggo,54.75,67.0,65.6,kota
Indonesia,2019,Jawa Timur,Probolinggo,54.75,67.0,65.6,kota
Indonesia,2020,Jawa Timur,Probolinggo,,67.2,66.07,kota
Indonesia,2021,Jawa Timur,Probolinggo,19.0,67.36,66.26,kota
Indonesia,2021,Jawa Timur,Probolinggo,19.0,67.36,66.26,kota
Indonesia,2022,Jawa Timur,Probolinggo,17.3,67.78,66.96,kota
Indonesia,2022,Jawa Timur,Probolinggo,17.3,67.78,66.96,kota
Indonesia,2023,Jawa Timur,Probolinggo,35.4,68.12,67.79,kota
Indonesia,2023,Jawa Timur,Probolinggo,35.4,68.12,67.79,kota
Indonesia,2024,Jawa Timur,Probolinggo,26.3,68.28,68.29,kota
Indonesia,2024,Jawa Timur,Probolinggo,26.3,68.28,68.29,kota
Indonesia,2013,Jawa Timur,Sampang,,67.46,56.45,kota
Indonesia,2014,Jawa Timur,Sampang,,67.48,56.98,kota
Indonesia,2015,Jawa Timur,Sampang,,67.58,58.18,kota
Indonesia,2016,Jawa Timur,Sampang,,67.62,59.09,kota
Indonesia,2017,Jawa Timur,Sampang,,67.67,59.9,kota
Indonesia,2018,Jawa Timur,Sampang,,67.79,61.0,kota
Indonesia,2019,Jawa Timur,Sampang,34.39,67.96,61.94,kota
Indonesia,2020,Jawa Timur,Sampang,,68.03,62.7,kota
Indonesia,2021,Jawa Timur,Sampang,17.2,68.07,62.8,kota
Indonesia,2022,Jawa Timur,Sampang,6.9,68.38,63.39,kota
Indonesia,2023,Jawa Timur,Sampang,14.1,68.64,64.13,kota
Indonesia,2024,Jawa Timur,Sampang,18.9,68.81,64.65,kota
Indonesia,2013,Jawa Timur,Sidoarjo,,73.43,76.39,kota
Indonesia,2014,Jawa Timur,Sidoarjo,,73.43,76.78,kota
Indonesia,2015,Jawa Timur,Sidoarjo,,73.63,77.43,kota
Indonesia,2016,Jawa Timur,Sidoarjo,,73.67,78.17,kota
Indonesia,2017,Jawa Timur,Sidoarjo,,73.71,78.7,kota
Indonesia,2018,Jawa Timur,Sidoarjo,,73.82,79.5,kota
Indonesia,2019,Jawa Timur,Sidoarjo,13.24,73.98,80.05,kota
Indonesia,2020,Jawa Timur,Sidoarjo,,74.04,80.29,kota
Indonesia,2021,Jawa Timur,Sidoarjo,14.8,74.06,80.65,kota
Indonesia,2022,Jawa Timur,Sidoarjo,16.1,74.36,81.02,kota
Indonesia,2023,Jawa Timur,Sidoarjo,8.4,74.69,81.55,kota
Indonesia,2024,Jawa Timur,Sidoarjo,10.6,74.91,82.31,kota
Indonesia,2013,Jawa Timur,Situbondo,,68.03,63.43,kota
Indonesia,2014,Jawa Timur,Situbondo,,68.08,63.91,kota
Indonesia,2015,Jawa Timur,Situbondo,,68.28,64.53,kota
Indonesia,2016,Jawa Timur,Situbondo,,68.41,65.08,kota
Indonesia,2017,Jawa Timur,Situbondo,,68.53,65.68,kota
Indonesia,2018,Jawa Timur,Situbondo,,68.73,66.42,kota
Indonesia,2019,Jawa Timur,Situbondo,26.74,68.97,67.09,kota
Indonesia,2020,Jawa Timur,Situbondo,,69.13,67.38,kota
Indonesia,2021,Jawa Timur,Situbondo,23.7,69.24,67.78,kota
Indonesia,2022,Jawa Timur,Situbondo,30.9,69.62,68.25,kota
Indonesia,2023,Jawa Timur,Situbondo,4.1,69.94,69.16,kota
Indonesia,2024,Jawa Timur,Situbondo,10.6,70.11,69.75,kota
Indonesia,2013,Jawa Timur,Sumenep,,69.98,60.84,kota
Indonesia,2014,Jawa Timur,Sumenep,,70.02,61.43,kota
Indonesia,2015,Jawa Timur,Sumenep,,70.42,62.38,kota
Indonesia,2016,Jawa Timur,Sumenep,,70.56,63.42,kota
Indonesia,2017,Jawa Timur,Sumenep,,70.71,64.28,kota
Indonesia,2018,Jawa Timur,Sumenep,,70.94,65.25,kota
Indonesia,2019,Jawa Timur,Sumenep,30.48,71.22,66.22,kota
Indonesia,2020,Jawa Timur,Sumenep,,71.41,66.43,kota
Indonesia,2021,Jawa Timur,Sumenep,29.0,71.56,67.04,kota
Indonesia,2022,Jawa Timur,Sumenep,21.6,71.99,67.87,kota
Indonesia,2023,Jawa Timur,Sumenep,16.7,72.47,68.61,kota
Indonesia,2024,Jawa Timur,Sumenep,11.2,72.65,69.26,kota
Indonesia,2013,Jawa Timur,Trenggalek,,72.49,65.76,kota
Indonesia,2014,Jawa Timur,Trenggalek,,72.51,66.16,kota
Indonesia,2015,Jawa Timur,Trenggalek,,72.91,67.25,kota
Indonesia,2016,Jawa Timur,Trenggalek,,73.03,67.78,kota
Indonesia,2017,Jawa Timur,Trenggalek,,73.15,68.1,kota
Indonesia,2018,Jawa Timur,Trenggalek,,73.35,68.71,kota
Indonesia,2019,Jawa Timur,Trenggalek,26.78,73.59,69.46,kota
Indonesia,2020,Jawa Timur,Trenggalek,,73.75,69.74,kota
Indonesia,2021,Jawa Timur,Trenggalek,18.1,73.86,70.06,kota
Indonesia,2022,Jawa Timur,Trenggalek,19.5,74.26,71.0,kota
Indonesia,2023,Jawa Timur,Trenggalek,15.8,74.64,71.73,kota
Indonesia,2024,Jawa Timur,Trenggalek,6.7,74.83,72.24,kota
Indonesia,2013,Jawa Timur,Tuban,,70.22,64.14,kota
Indonesia,2014,Jawa Timur,Tuban,,70.25,64.58,kota
Indonesia,2015,Jawa Timur,Tuban,,70.55,65.52,kota
Indonesia,2016,Jawa Timur,Tuban,,70.67,66.19,kota
Indonesia,2017,Jawa Timur,Tuban,,70.8,66.77,kota
Indonesia,2018,Jawa Timur,Tuban,,71.01,67.43,kota
Indonesia,2019,Jawa Timur,Tuban,27.15,71.26,68.37,kota
Indonesia,2020,Jawa Timur,Tuban,,71.43,68.4,kota
Indonesia,2021,Jawa Timur,Tuban,25.1,71.56,68.91,kota
Indonesia,2022,Jawa Timur,Tuban,24.9,71.97,69.67,kota
Indonesia,2023,Jawa Timur,Tuban,17.8,72.36,70.34,kota
Indonesia,2024,Jawa Timur,Tuban,11.3,72.54,71.23,kota
Indonesia,2013,Jawa Timur,Tulungagung,,72.86,69.3,kota
Indonesia,2014,Jawa Timur,Tulungagung,,72.88,69.49,kota
Indonesia,2015,Jawa Timur,Tulungagung,,73.28,70.07,kota
Indonesia,2016,Jawa Timur,Tulungagung,,73.4,70.82,kota
Indonesia,2017,Jawa Timur,Tulungagung,,73.53,71.24,kota
Indonesia,2018,Jawa Timur,Tulungagung,,73.74,71.99,kota
Indonesia,2019,Jawa Timur,Tulungagung,29.62,73.95,72.62,kota
Indonesia,2020,Jawa Timur,Tulungagung,,74.08,73.0,kota
Indonesia,2021,Jawa Timur,Tulungagung,13.1,74.16,73.15,kota
Indonesia,2022,Jawa Timur,Tulungagung,17.3,74.54,74.06,kota
Indonesia,2023,Jawa Timur,Tulungagung,21.5,74.91,74.61,kota
Indonesia,2024,Jawa Timur,Tulungagung,13.6,75.11,75.09,kota
Indonesia,2013,Kalimantan Barat,Bengkayang,,72.89,63.99,kota
Indonesia,2014,Kalimantan Barat,Bengkayang,,72.89,64.4,kota
Indonesia,2015,Kalimantan Barat,Bengkayang,,72.99,64.65,kota
Indonesia,2016,Kalimantan Barat,Bengkayang,,73.01,65.45,kota
Indonesia,2017,Kalimantan Barat,Bengkayang,,73.04,65.99,kota
Indonesia,2018,Kalimantan Barat,Bengkayang,,73.28,66.85,kota
Indonesia,2019,Kalimantan Barat,Bengkayang,41.56,73.67,67.57,kota
Indonesia,2020,Kalimantan Barat,Bengkayang,,73.83,67.87,kota
Indonesia,2021,Kalimantan Barat,Bengkayang,26.8,73.84,68.04,kota
Indonesia,2022,Kalimantan Barat,Bengkayang,30.1,74.0,68.74,kota
Indonesia,2023,Kalimantan Barat,Bengkayang,32.7,74.2,69.53,kota
Indonesia,2024,Kalimantan Barat,Bengkayang,23.4,74.42,70.3,kota
Indonesia,2013,Kalimantan Barat,Kapuas Hulu,,71.93,62.63,kota
Indonesia,2014,Kalimantan Barat,Kapuas Hulu,,71.94,62.9,kota
Indonesia,2015,Kalimantan Barat,Kapuas Hulu,,71.94,63.73,kota
Indonesia,2016,Kalimantan Barat,Kapuas Hulu,,71.94,63.83,kota
Indonesia,2017,Kalimantan Barat,Kapuas Hulu,,71.95,64.18,kota
Indonesia,2018,Kalimantan Barat,Kapuas Hulu,,72.12,65.03,kota
Indonesia,2019,Kalimantan Barat,Kapuas Hulu,34.65,72.44,65.65,kota
Indonesia,2020,Kalimantan Barat,Kapuas Hulu,,72.52,65.69,kota
Indonesia,2021,Kalimantan Barat,Kapuas Hulu,28.9,72.53,65.75,kota
Indonesia,2022,Kalimantan Barat,Kapuas Hulu,37.9,72.69,66.7,kota
Indonesia,2023,Kalimantan Barat,Kapuas Hulu,16.7,72.88,67.67,kota
Indonesia,2024,Kalimantan Barat,Kapuas Hulu,23.6,73.05,68.58,kota
Indonesia,2013,Kalimantan Barat,Kayong Utara,,67.03,57.92,kota
Indonesia,2014,Kalimantan Barat,Kayong Utara,,67.03,58.52,kota
Indonesia,2015,Kalimantan Barat,Kayong Utara,,67.33,60.09,kota
Indonesia,2016,Kalimantan Barat,Kayong Utara,,67.39,60.87,kota
Indonesia,2017,Kalimantan Barat,Kayong Utara,,67.46,61.52,kota
Indonesia,2018,Kalimantan Barat,Kayong Utara,,67.71,61.82,kota
Indonesia,2019,Kalimantan Barat,Kayong Utara,30.89,68.11,62.66,kota
Indonesia,2020,Kalimantan Barat,Kayong Utara,,68.28,62.68,kota
Indonesia,2021,Kalimantan Barat,Kayong Utara,24.5,68.48,62.9,kota
Indonesia,2022,Kalimantan Barat,Kayong Utara,25.1,68.82,63.81,kota
Indonesia,2023,Kalimantan Barat,Kayong Utara,22.9,69.22,64.79,kota
Indonesia,2024,Kalimantan Barat,Kayong Utara,23.8,69.51,65.74,kota
Indonesia,2013,Kalimantan Barat,Ketapang,,70.51,62.85,kota
Indonesia,2014,Kalimantan Barat,Ketapang,,70.51,63.27,kota
Indonesia,2015,Kalimantan Barat,Ketapang,,70.51,64.03,kota
Indonesia,2016,Kalimantan Barat,Ketapang,,70.52,64.74,kota
Indonesia,2017,Kalimantan Barat,Ketapang,,70.52,65.71,kota
Indonesia,2018,Kalimantan Barat,Ketapang,,70.69,66.41,kota
Indonesia,2019,Kalimantan Barat,Ketapang,21.79,71.01,67.16,kota
Indonesia,2020,Kalimantan Barat,Ketapang,,71.1,67.17,kota
Indonesia,2021,Kalimantan Barat,Ketapang,23.6,71.11,67.43,kota
Indonesia,2022,Kalimantan Barat,Ketapang,22.3,71.27,67.92,kota
Indonesia,2023,Kalimantan Barat,Ketapang,,71.45,68.68,kota
Indonesia,2024,Kalimantan Barat,Ketapang,17.9,71.64,69.42,kota
Indonesia,2013,Kalimantan Barat,Kota Pontianak,,72.0,75.98,kota
Indonesia,2014,Kalimantan Barat,Kota Pontianak,,72.01,76.63,kota
Indonesia,2015,Kalimantan Barat,Kota Pontianak,,72.11,77.52,kota
Indonesia,2016,Kalimantan Barat,Kota Pontianak,,72.14,77.63,kota
Indonesia,2017,Kalimantan Barat,Kota Pontianak,,72.17,77.93,kota
Indonesia,2018,Kalimantan Barat,Kota Pontianak,,72.41,78.56,kota
Indonesia,2019,Kalimantan Barat,Kota Pontianak,33.41,72.8,79.35,kota
Indonesia,2020,Kalimantan Barat,Kota Pontianak,,72.96,79.44,kota
Indonesia,2021,Kalimantan Barat,Kota Pontianak,24.4,73.12,79.93,kota
Indonesia,2022,Kalimantan Barat,Kota Pontianak,19.7,73.46,80.48,kota
Indonesia,2023,Kalimantan Barat,Kota Pontianak,16.7,73.87,81.03,kota
Indonesia,2024,Kalimantan Barat,Kota Pontianak,22.3,74.15,81.57,kota
Indonesia,2013,Kalimantan Barat,Kota Singkawang,,70.83,69.13,kota
Indonesia,2014,Kalimantan Barat,Kota Singkawang,,70.84,69.84,kota
Indonesia,2015,Kalimantan Barat,Kota Singkawang,,71.04,70.03,kota
Indonesia,2016,Kalimantan Barat,Kota Singkawang,,71.08,70.1,kota
Indonesia,2017,Kalimantan Barat,Kota Singkawang,,71.13,70.25,kota
Indonesia,2018,Kalimantan Barat,Kota Singkawang,,71.41,71.08,kota
Indonesia,2019,Kalimantan Barat,Kota Singkawang,24.23,71.85,71.72,kota
Indonesia,2020,Kalimantan Barat,Kota Singkawang,,72.06,71.94,kota
Indonesia,2021,Kalimantan Barat,Kota Singkawang,22.3,72.18,72.11,kota
Indonesia,2022,Kalimantan Barat,Kota Singkawang,23.5,72.46,72.89,kota
Indonesia,2023,Kalimantan Barat,Kota Singkawang,20.1,72.81,73.39,kota
Indonesia,2024,Kalimantan Barat,Kota Singkawang,21.9,72.98,73.87,kota
Indonesia,2013,Kalimantan Barat,Kubu Raya,,69.64,63.94,kota
Indonesia,2014,Kalimantan Barat,Kubu Raya,,69.64,64.52,kota
Indonesia,2015,Kalimantan Barat,Kubu Raya,,69.74,65.02,kota
Indonesia,2016,Kalimantan Barat,Kubu Raya,,69.77,65.54,kota
Indonesia,2017,Kalimantan Barat,Kubu Raya,,69.8,66.31,kota
Indonesia,2018,Kalimantan Barat,Kubu Raya,,70.04,67.23,kota
Indonesia,2019,Kalimantan Barat,Kubu Raya,25.17,70.43,67.76,kota
Indonesia,2020,Kalimantan Barat,Kubu Raya,,70.59,67.95,kota
Indonesia,2021,Kalimantan Barat,Kubu Raya,40.3,70.69,68.16,kota
Indonesia,2022,Kalimantan Barat,Kubu Raya,27.6,70.95,68.91,kota
Indonesia,2023,Kalimantan Barat,Kubu Raya,25.4,71.26,69.6,kota
Indonesia,2024,Kalimantan Barat,Kubu Raya,30.2,71.44,70.25,kota
Indonesia,2013,Kalimantan Barat,Landak,,71.97,62.72,kota
Indonesia,2014,Kalimantan Barat,Landak,,71.97,63.59,kota
Indonesia,2015,Kalimantan Barat,Landak,,72.07,64.12,kota
Indonesia,2016,Kalimantan Barat,Landak,,72.1,64.58,kota
Indonesia,2017,Kalimantan Barat,Landak,,72.12,64.93,kota
Indonesia,2018,Kalimantan Barat,Landak,,72.34,65.45,kota
Indonesia,2019,Kalimantan Barat,Landak,36.95,72.7,65.96,kota
Indonesia,2020,Kalimantan Barat,Landak,,72.84,65.98,kota
Indonesia,2021,Kalimantan Barat,Landak,27.8,73.04,66.21,kota
Indonesia,2022,Kalimantan Barat,Landak,32.5,73.39,67.17,kota
Indonesia,2023,Kalimantan Barat,Landak,31.0,73.77,68.14,kota
Indonesia,2024,Kalimantan Barat,Landak,28.6,74.0,69.08,kota
Indonesia,2013,Kalimantan Barat,Melawi,,72.38,62.27,kota
Indonesia,2014,Kalimantan Barat,Melawi,,72.38,62.89,kota
Indonesia,2015,Kalimantan Barat,Melawi,,72.38,63.78,kota
Indonesia,2016,Kalimantan Barat,Melawi,,72.39,64.25,kota
Indonesia,2017,Kalimantan Barat,Melawi,,72.39,64.43,kota
Indonesia,2018,Kalimantan Barat,Melawi,,72.56,65.05,kota
Indonesia,2019,Kalimantan Barat,Melawi,36.9,72.88,65.54,kota
Indonesia,2020,Kalimantan Barat,Melawi,,72.97,65.55,kota
Indonesia,2021,Kalimantan Barat,Melawi,37.2,72.98,65.87,kota
Indonesia,2022,Kalimantan Barat,Melawi,44.1,73.14,66.81,kota
Indonesia,2023,Kalimantan Barat,Melawi,35.3,73.32,67.76,kota
Indonesia,2024,Kalimantan Barat,Melawi,35.2,73.49,68.66,kota
Indonesia,2013,Kalimantan Barat,Mempawah,,70.27,62.09,kota
Indonesia,2014,Kalimantan Barat,Mempawah,,70.28,62.78,kota
Indonesia,2015,Kalimantan Barat,Mempawah,,70.28,63.37,kota
Indonesia,2016,Kalimantan Barat,Mempawah,,70.3,63.84,kota
Indonesia,2017,Kalimantan Barat,Mempawah,,70.32,64.0,kota
Indonesia,2018,Kalimantan Barat,Mempawah,,70.54,64.9,kota
Indonesia,2019,Kalimantan Barat,Mempawah,,70.9,65.5,kota
Indonesia,2020,Kalimantan Barat,Mempawah,,71.04,65.74,kota
Indonesia,2021,Kalimantan Barat,Mempawah,,71.18,66.03,kota
Indonesia,2022,Kalimantan Barat,Mempawah,25.1,71.47,66.94,kota
Indonesia,2023,Kalimantan Barat,Mempawah,27.2,71.74,67.92,kota
Indonesia,2024,Kalimantan Barat,Mempawah,28.6,71.87,68.56,kota
Indonesia,2013,Kalimantan Barat,Sambas,,67.69,62.47,kota
Indonesia,2014,Kalimantan Barat,Sambas,,67.74,63.28,kota
Indonesia,2015,Kalimantan Barat,Sambas,,67.94,64.14,kota
Indonesia,2016,Kalimantan Barat,Sambas,,68.05,64.94,kota
Indonesia,2017,Kalimantan Barat,Sambas,,68.17,65.92,kota
Indonesia,2018,Kalimantan Barat,Sambas,,68.5,66.61,kota
Indonesia,2019,Kalimantan Barat,Sambas,39.45,68.83,67.02,kota
Indonesia,2020,Kalimantan Barat,Sambas,,68.93,67.03,kota
Indonesia,2021,Kalimantan Barat,Sambas,32.6,69.08,67.1,kota
Indonesia,2022,Kalimantan Barat,Sambas,30.5,69.39,67.95,kota
Indonesia,2023,Kalimantan Barat,Sambas,30.8,69.76,68.69,kota
Indonesia,2024,Kalimantan Barat,Sambas,36.4,70.11,69.31,kota
Indonesia,2013,Kalimantan Barat,Sanggau,,70.27,61.72,kota
Indonesia,2014,Kalimantan Barat,Sanggau,,70.28,62.06,kota
Indonesia,2015,Kalimantan Barat,Sanggau,,70.58,63.05,kota
Indonesia,2016,Kalimantan Barat,Sanggau,,70.67,63.9,kota
Indonesia,2017,Kalimantan Barat,Sanggau,,70.75,64.61,kota
Indonesia,2018,Kalimantan Barat,Sanggau,,71.05,65.15,kota
Indonesia,2019,Kalimantan Barat,Sanggau,29.2,71.35,65.67,kota
Indonesia,2020,Kalimantan Barat,Sanggau,,71.42,65.77,kota
Indonesia,2021,Kalimantan Barat,Sanggau,26.2,71.42,66.2,kota
Indonesia,2022,Kalimantan Barat,Sanggau,32.5,71.58,66.91,kota
Indonesia,2023,Kalimantan Barat,Sanggau,22.1,71.77,67.77,kota
Indonesia,2024,Kalimantan Barat,Sanggau,21.3,71.91,68.43,kota
Indonesia,2013,Kalimantan Barat,Sekadau,,70.78,61.02,kota
Indonesia,2014,Kalimantan Barat,Sekadau,,70.8,61.98,kota
Indonesia,2015,Kalimantan Barat,Sekadau,,70.9,62.34,kota
Indonesia,2016,Kalimantan Barat,Sekadau,,70.94,62.52,kota
Indonesia,2017,Kalimantan Barat,Sekadau,,70.98,63.04,kota
Indonesia,2018,Kalimantan Barat,Sekadau,,71.24,63.69,kota
Indonesia,2019,Kalimantan Barat,Sekadau,39.73,71.65,64.34,kota
Indonesia,2020,Kalimantan Barat,Sekadau,,71.84,64.76,kota
Indonesia,2021,Kalimantan Barat,Sekadau,26.5,72.05,64.93,kota
Indonesia,2022,Kalimantan Barat,Sekadau,35.5,72.39,65.58,kota
Indonesia,2023,Kalimantan Barat,Sekadau,12.2,72.74,66.33,kota
Indonesia,2024,Kalimantan Barat,Sekadau,14.4,72.96,67.25,kota
Indonesia,2013,Kalimantan Barat,Sintang,,70.95,62.64,kota
Indonesia,2014,Kalimantan Barat,Sintang,,70.95,63.19,kota
Indonesia,2015,Kalimantan Barat,Sintang,,71.05,64.18,kota
Indonesia,2016,Kalimantan Barat,Sintang,,71.08,64.78,kota
Indonesia,2017,Kalimantan Barat,Sintang,,71.11,65.16,kota
Indonesia,2018,Kalimantan Barat,Sintang,,71.29,66.07,kota
Indonesia,2019,Kalimantan Barat,Sintang,26.07,71.62,66.7,kota
Indonesia,2020,Kalimantan Barat,Sintang,,71.71,66.88,kota
Indonesia,2021,Kalimantan Barat,Sintang,38.2,71.84,66.93,kota
Indonesia,2022,Kalimantan Barat,Sintang,18.7,72.12,67.86,kota
Indonesia,2023,Kalimantan Barat,Sintang,24.8,72.41,68.67,kota
Indonesia,2024,Kalimantan Barat,Sintang,31.0,72.72,69.42,kota
Indonesia,2013,Kalimantan Selatan,Balangan,,66.62,64.03,kota
Indonesia,2014,Kalimantan Selatan,Balangan,,66.65,64.44,kota
Indonesia,2015,Kalimantan Selatan,Balangan,,66.95,65.34,kota
Indonesia,2016,Kalimantan Selatan,Balangan,,67.07,66.25,kota
Indonesia,2017,Kalimantan Selatan,Balangan,,67.19,67.25,kota
Indonesia,2018,Kalimantan Selatan,Balangan,,67.37,67.88,kota
Indonesia,2019,Kalimantan Selatan,Balangan,52.1,67.59,68.39,kota
Indonesia,2020,Kalimantan Selatan,Balangan,,67.72,68.82,kota
Indonesia,2021,Kalimantan Selatan,Balangan,32.3,67.85,69.11,kota
Indonesia,2022,Kalimantan Selatan,Balangan,29.8,68.13,69.73,kota
Indonesia,2023,Kalimantan Selatan,Balangan,33.4,68.4,70.49,kota
Indonesia,2024,Kalimantan Selatan,Balangan,16.0,68.59,71.34,kota
Indonesia,2013,Kalimantan Selatan,Banjar,,65.27,65.36,kota
Indonesia,2014,Kalimantan Selatan,Banjar,,65.32,65.71,kota
Indonesia,2015,Kalimantan Selatan,Banjar,,65.97,66.39,kota
Indonesia,2016,Kalimantan Selatan,Banjar,,66.17,66.87,kota
Indonesia,2017,Kalimantan Selatan,Banjar,,66.38,67.77,kota
Indonesia,2018,Kalimantan Selatan,Banjar,,66.66,68.32,kota
Indonesia,2019,Kalimantan Selatan,Banjar,38.97,66.97,68.94,kota
Indonesia,2019,Kalimantan Selatan,Banjar,38.97,66.97,68.94,kota
Indonesia,2020,Kalimantan Selatan,Banjar,,67.21,69.18,kota
Indonesia,2021,Kalimantan Selatan,Banjar,40.2,67.41,69.89,kota
Indonesia,2021,Kalimantan Selatan,Banjar,40.2,67.41,69.89,kota
Indonesia,2022,Kalimantan Selatan,Banjar,26.4,67.73,70.72,kota
Indonesia,2022,Kalimantan Selatan,Banjar,26.4,67.73,70.72,kota
Indonesia,2023,Kalimantan Selatan,Banjar,30.1,68.01,71.46,kota
Indonesia,2023,Kalimantan Selatan,Banjar,30.1,68.01,71.46,kota
Indonesia,2024,Kalimantan Selatan,Banjar,32.3,68.26,71.87,kota
Indonesia,2024,Kalimantan Selatan,Banjar,32.3,68.26,71.87,kota
Indonesia,2013,Kalimantan Selatan,Barito Kuala,,64.42,62.12,kota
Indonesia,2014,Kalimantan Selatan,Barito Kuala,,64.49,62.56,kota
Indonesia,2015,Kalimantan Selatan,Barito Kuala,,64.94,63.53,kota
Indonesia,2016,Kalimantan Selatan,Barito Kuala,,65.14,64.33,kota
Indonesia,2017,Kalimantan Selatan,Barito Kuala,,65.33,64.93,kota
Indonesia,2018,Kalimantan Selatan,Barito Kuala,,65.59,65.91,kota
Indonesia,2019,Kalimantan Selatan,Barito Kuala,35.84,65.88,66.24,kota
Indonesia,2020,Kalimantan Selatan,Barito Kuala,,66.09,66.22,kota
Indonesia,2021,Kalimantan Selatan,Barito Kuala,32.4,66.27,66.64,kota
Indonesia,2022,Kalimantan Selatan,Barito Kuala,33.6,66.55,67.37,kota
Indonesia,2023,Kalimantan Selatan,Barito Kuala,15.9,66.8,68.11,kota
Indonesia,2024,Kalimantan Selatan,Barito Kuala,16.5,67.07,68.84,kota
Indonesia,2013,Kalimantan Selatan,Hulu Sungai Selatan,,63.55,64.59,kota
Indonesia,2014,Kalimantan Selatan,Hulu Sungai Selatan,,63.64,65.25,kota
Indonesia,2015,Kalimantan Selatan,Hulu Sungai Selatan,,64.14,66.31,kota
Indonesia,2016,Kalimantan Selatan,Hulu Sungai Selatan,,65.38,67.52,kota
Indonesia,2017,Kalimantan Selatan,Hulu Sungai Selatan,,65.39,67.8,kota
Indonesia,2018,Kalimantan Selatan,Hulu Sungai Selatan,,65.59,68.41,kota
Indonesia,2019,Kalimantan Selatan,Hulu Sungai Selatan,42.06,65.82,68.8,kota
Indonesia,2020,Kalimantan Selatan,Hulu Sungai Selatan,,65.97,68.85,kota
Indonesia,2021,Kalimantan Selatan,Hulu Sungai Selatan,29.1,66.12,69.21,kota
Indonesia,2022,Kalimantan Selatan,Hulu Sungai Selatan,20.3,66.51,69.76,kota
Indonesia,2023,Kalimantan Selatan,Hulu Sungai Selatan,25.4,66.9,70.5,kota
Indonesia,2024,Kalimantan Selatan,Hulu Sungai Selatan,19.8,67.17,71.21,kota
Indonesia,2013,Kalimantan Selatan,Hulu Sungai Tengah,,64.24,64.63,kota
Indonesia,2014,Kalimantan Selatan,Hulu Sungai Tengah,,64.33,65.37,kota
Indonesia,2015,Kalimantan Selatan,Hulu Sungai Tengah,,64.83,66.56,kota
Indonesia,2016,Kalimantan Selatan,Hulu Sungai Tengah,,65.06,67.07,kota
Indonesia,2017,Kalimantan Selatan,Hulu Sungai Tengah,,65.3,67.78,kota
Indonesia,2018,Kalimantan Selatan,Hulu Sungai Tengah,,65.54,68.32,kota
Indonesia,2019,Kalimantan Selatan,Hulu Sungai Tengah,27.78,65.82,68.8,kota
Indonesia,2020,Kalimantan Selatan,Hulu Sungai Tengah,,66.01,68.84,kota
Indonesia,2021,Kalimantan Selatan,Hulu Sungai Tengah,29.6,66.2,69.05,kota
Indonesia,2022,Kalimantan Selatan,Hulu Sungai Tengah,31.1,66.54,69.7,kota
Indonesia,2023,Kalimantan Selatan,Hulu Sungai Tengah,13.0,66.86,70.13,kota
Indonesia,2024,Kalimantan Selatan,Hulu Sungai Tengah,19.6,67.12,70.69,kota
Indonesia,2013,Kalimantan Selatan,Hulu Sungai Utara,,61.99,60.77,kota
Indonesia,2014,Kalimantan Selatan,Hulu Sungai Utara,,62.09,61.32,kota
Indonesia,2015,Kalimantan Selatan,Hulu Sungai Utara,,62.49,62.49,kota
Indonesia,2016,Kalimantan Selatan,Hulu Sungai Utara,,62.71,63.38,kota
Indonesia,2017,Kalimantan Selatan,Hulu Sungai Utara,,62.94,64.21,kota
Indonesia,2018,Kalimantan Selatan,Hulu Sungai Utara,,63.24,65.06,kota
Indonesia,2019,Kalimantan Selatan,Hulu Sungai Utara,36.61,63.58,65.49,kota
Indonesia,2020,Kalimantan Selatan,Hulu Sungai Utara,,63.83,65.59,kota
Indonesia,2021,Kalimantan Selatan,Hulu Sungai Utara,20.9,64.1,66.12,kota
Indonesia,2022,Kalimantan Selatan,Hulu Sungai Utara,28.0,64.53,66.84,kota
Indonesia,2023,Kalimantan Selatan,Hulu Sungai Utara,36.0,64.97,67.66,kota
Indonesia,2024,Kalimantan Selatan,Hulu Sungai Utara,27.6,65.26,68.28,kota
Indonesia,2013,Kalimantan Selatan,Kota Banjarbaru,,71.06,77.1,kota
Indonesia,2014,Kalimantan Selatan,Kota Banjarbaru,,71.06,77.3,kota
Indonesia,2015,Kalimantan Selatan,Kota Banjarbaru,,71.36,77.56,kota
Indonesia,2016,Kalimantan Selatan,Kota Banjarbaru,,71.43,77.96,kota
Indonesia,2017,Kalimantan Selatan,Kota Banjarbaru,,71.5,78.32,kota
Indonesia,2018,Kalimantan Selatan,Kota Banjarbaru,,71.67,78.83,kota
Indonesia,2019,Kalimantan Selatan,Kota Banjarbaru,,71.87,79.22,kota
Indonesia,2020,Kalimantan Selatan,Kota Banjarbaru,,71.99,79.1,kota
Indonesia,2021,Kalimantan Selatan,Kota Banjarbaru,19.0,72.1,79.26,kota
Indonesia,2022,Kalimantan Selatan,Kota Banjarbaru,,72.36,79.68,kota
Indonesia,2023,Kalimantan Selatan,Kota Banjarbaru,,72.62,80.11,kota
Indonesia,2024,Kalimantan Selatan,Kota Banjarbaru,15.4,72.82,80.51,kota
Indonesia,2013,Kalimantan Selatan,Kota Banjarmasin,,69.99,74.59,kota
Indonesia,2014,Kalimantan Selatan,Kota Banjarmasin,,70.02,74.94,kota
Indonesia,2015,Kalimantan Selatan,Kota Banjarmasin,,70.32,75.41,kota
Indonesia,2016,Kalimantan Selatan,Kota Banjarmasin,,70.44,75.94,kota
Indonesia,2017,Kalimantan Selatan,Kota Banjarmasin,,70.55,76.46,kota
Indonesia,2018,Kalimantan Selatan,Kota Banjarmasin,,70.75,76.83,kota
Indonesia,2019,Kalimantan Selatan,Kota Banjarmasin,26.58,70.98,77.16,kota
Indonesia,2020,Kalimantan Selatan,Kota Banjarmasin,,71.13,77.1,kota
Indonesia,2021,Kalimantan Selatan,Kota Banjarmasin,27.8,71.29,77.57,kota
Indonesia,2022,Kalimantan Selatan,Kota Banjarmasin,22.4,71.59,77.97,kota
Indonesia,2023,Kalimantan Selatan,Kota Banjarmasin,26.5,71.89,78.5,kota
Indonesia,2024,Kalimantan Selatan,Kota Banjarmasin,26.5,72.1,79.05,kota
Indonesia,2013,Kalimantan Selatan,Kotabaru,,68.12,65.41,kota
Indonesia,2014,Kalimantan Selatan,Kotabaru,,68.14,65.76,kota
Indonesia,2015,Kalimantan Selatan,Kotabaru,,68.49,66.61,kota
Indonesia,2016,Kalimantan Selatan,Kotabaru,,68.61,67.1,kota
Indonesia,2017,Kalimantan Selatan,Kotabaru,,68.72,67.79,kota
Indonesia,2018,Kalimantan Selatan,Kotabaru,,68.89,68.32,kota
Indonesia,2019,Kalimantan Selatan,Kotabaru,,69.1,68.95,kota
Indonesia,2020,Kalimantan Selatan,Kotabaru,,69.21,68.86,kota
Indonesia,2021,Kalimantan Selatan,Kotabaru,19.0,69.32,69.13,kota
Indonesia,2022,Kalimantan Selatan,Kotabaru,,69.56,69.74,kota
Indonesia,2023,Kalimantan Selatan,Kotabaru,,69.77,70.18,kota
Indonesia,2024,Kalimantan Selatan,Kotabaru,23.2,69.93,70.61,kota
Indonesia,2013,Kalimantan Selatan,Tabalong,,69.36,68.08,kota
Indonesia,2014,Kalimantan Selatan,Tabalong,,69.39,68.36,kota
Indonesia,2015,Kalimantan Selatan,Tabalong,,69.74,69.35,kota
Indonesia,2016,Kalimantan Selatan,Tabalong,,69.84,70.07,kota
Indonesia,2017,Kalimantan Selatan,Tabalong,,69.95,70.76,kota
Indonesia,2018,Kalimantan Selatan,Tabalong,,70.12,71.14,kota
Indonesia,2019,Kalimantan Selatan,Tabalong,44.51,70.33,71.78,kota
Indonesia,2020,Kalimantan Selatan,Tabalong,,70.44,72.19,kota
Indonesia,2021,Kalimantan Selatan,Tabalong,28.2,70.57,72.6,kota
Indonesia,2022,Kalimantan Selatan,Tabalong,19.7,70.84,73.13,kota
Indonesia,2023,Kalimantan Selatan,Tabalong,18.1,71.28,73.85,kota
Indonesia,2024,Kalimantan Selatan,Tabalong,23.1,71.46,74.41,kota
Indonesia,2013,Kalimantan Selatan,Tanah Bumbu,,68.81,66.51,kota
Indonesia,2014,Kalimantan Selatan,Tanah Bumbu,,68.84,66.94,kota
Indonesia,2015,Kalimantan Selatan,Tanah Bumbu,,69.19,67.58,kota
Indonesia,2016,Kalimantan Selatan,Tanah Bumbu,,69.19,68.28,kota
Indonesia,2017,Kalimantan Selatan,Tanah Bumbu,,69.44,69.12,kota
Indonesia,2018,Kalimantan Selatan,Tanah Bumbu,,69.74,70.05,kota
Indonesia,2019,Kalimantan Selatan,Tanah Bumbu,24.68,70.08,70.5,kota
Indonesia,2020,Kalimantan Selatan,Tanah Bumbu,,70.34,70.71,kota
Indonesia,2021,Kalimantan Selatan,Tanah Bumbu,18.7,70.45,71.0,kota
Indonesia,2022,Kalimantan Selatan,Tanah Bumbu,16.1,70.7,71.79,kota
Indonesia,2023,Kalimantan Selatan,Tanah Bumbu,25.1,70.94,72.31,kota
Indonesia,2024,Kalimantan Selatan,Tanah Bumbu,21.6,71.11,72.95,kota
Indonesia,2013,Kalimantan Selatan,Tanah Laut,,68.19,66.11,kota
Indonesia,2014,Kalimantan Selatan,Tanah Laut,,68.22,66.5,kota
Indonesia,2015,Kalimantan Selatan,Tanah Laut,,68.62,66.99,kota
Indonesia,2016,Kalimantan Selatan,Tanah Laut,,68.76,67.44,kota
Indonesia,2017,Kalimantan Selatan,Tanah Laut,,68.89,68.0,kota
Indonesia,2018,Kalimantan Selatan,Tanah Laut,,69.08,68.49,kota
Indonesia,2019,Kalimantan Selatan,Tanah Laut,33.5,69.31,69.04,kota
Indonesia,2020,Kalimantan Selatan,Tanah Laut,,69.45,69.38,kota
Indonesia,2021,Kalimantan Selatan,Tanah Laut,31.0,69.59,69.87,kota
Indonesia,2022,Kalimantan Selatan,Tanah Laut,26.6,69.86,70.35,kota
Indonesia,2023,Kalimantan Selatan,Tanah Laut,41.7,70.11,70.98,kota
Indonesia,2024,Kalimantan Selatan,Tanah Laut,22.5,70.31,71.43,kota
Indonesia,2013,Kalimantan Selatan,Tapin,,68.98,66.48,kota
Indonesia,2014,Kalimantan Selatan,Tapin,,69.02,66.99,kota
Indonesia,2015,Kalimantan Selatan,Tapin,,69.47,67.67,kota
Indonesia,2016,Kalimantan Selatan,Tapin,,69.62,68.05,kota
Indonesia,2017,Kalimantan Selatan,Tapin,,69.77,68.7,kota
Indonesia,2018,Kalimantan Selatan,Tapin,,69.98,69.53,kota
Indonesia,2019,Kalimantan Selatan,Tapin,29.57,70.23,70.13,kota
Indonesia,2020,Kalimantan Selatan,Tapin,,70.4,70.11,kota
Indonesia,2021,Kalimantan Selatan,Tapin,33.5,70.57,70.31,kota
Indonesia,2022,Kalimantan Selatan,Tapin,14.5,70.88,71.02,kota
Indonesia,2023,Kalimantan Selatan,Tapin,14.4,71.16,72.0,kota
Indonesia,2024,Kalimantan Selatan,Tapin,13.2,71.35,72.51,kota
Indonesia,2013,Kalimantan Tengah,Barito Selatan,,65.99,66.2,kota
Indonesia,2014,Kalimantan Tengah,Barito Selatan,,66.08,66.61,kota
Indonesia,2015,Kalimantan Tengah,Barito Selatan,,66.48,68.27,kota
Indonesia,2016,Kalimantan Tengah,Barito Selatan,,66.63,69.0,kota
Indonesia,2017,Kalimantan Tengah,Barito Selatan,,66.78,69.25,kota
Indonesia,2018,Kalimantan Tengah,Barito Selatan,,66.89,69.73,kota
Indonesia,2019,Kalimantan Tengah,Barito Selatan,33.9,66.99,70.1,kota
Indonesia,2020,Kalimantan Tengah,Barito Selatan,,67.09,70.22,kota
Indonesia,2021,Kalimantan Tengah,Barito Selatan,31.4,67.19,70.54,kota
Indonesia,2022,Kalimantan Tengah,Barito Selatan,35.6,67.48,71.01,kota
Indonesia,2023,Kalimantan Tengah,Barito Selatan,23.9,67.75,71.65,kota
Indonesia,2024,Kalimantan Tengah,Barito Selatan,33.3,67.86,72.36,kota
Indonesia,2013,Kalimantan Tengah,Barito Timur,,67.32,68.82,kota
Indonesia,2014,Kalimantan Tengah,Barito Timur,,67.41,69.12,kota
Indonesia,2015,Kalimantan Tengah,Barito Timur,,67.71,69.71,kota
Indonesia,2016,Kalimantan Tengah,Barito Timur,,67.84,70.33,kota
Indonesia,2017,Kalimantan Tengah,Barito Timur,,67.97,70.57,kota
Indonesia,2018,Kalimantan Tengah,Barito Timur,,68.06,70.82,kota
Indonesia,2019,Kalimantan Tengah,Barito Timur,38.53,68.14,71.34,kota
Indonesia,2020,Kalimantan Tengah,Barito Timur,,68.22,71.39,kota
Indonesia,2021,Kalimantan Tengah,Barito Timur,33.7,68.31,71.47,kota
Indonesia,2022,Kalimantan Tengah,Barito Timur,26.9,68.61,72.07,kota
Indonesia,2023,Kalimantan Tengah,Barito Timur,21.7,68.91,72.7,kota
Indonesia,2024,Kalimantan Tengah,Barito Timur,21.7,69.02,73.26,kota
Indonesia,2013,Kalimantan Tengah,Barito Utara,,70.81,65.12,kota
Indonesia,2014,Kalimantan Tengah,Barito Utara,,70.91,66.3,kota
Indonesia,2015,Kalimantan Tengah,Barito Utara,,71.01,67.38,kota
Indonesia,2016,Kalimantan Tengah,Barito Utara,,71.26,68.28,kota
Indonesia,2017,Kalimantan Tengah,Barito Utara,,71.27,69.07,kota
Indonesia,2018,Kalimantan Tengah,Barito Utara,,71.28,69.72,kota
Indonesia,2019,Kalimantan Tengah,Barito Utara,26.57,71.29,70.52,kota
Indonesia,2020,Kalimantan Tengah,Barito Utara,,71.3,70.59,kota
Indonesia,2021,Kalimantan Tengah,Barito Utara,28.3,71.3,70.79,kota
Indonesia,2022,Kalimantan Tengah,Barito Utara,19.6,71.5,71.21,kota
Indonesia,2023,Kalimantan Tengah,Barito Utara,15.3,71.68,71.84,kota
Indonesia,2024,Kalimantan Tengah,Barito Utara,20.4,71.8,72.31,kota
Indonesia,2013,Kalimantan Tengah,Gunung Mas,,69.5,67.75,kota
Indonesia,2014,Kalimantan Tengah,Gunung Mas,,69.59,68.13,kota
Indonesia,2015,Kalimantan Tengah,Gunung Mas,,69.89,69.24,kota
Indonesia,2016,Kalimantan Tengah,Gunung Mas,,70.02,69.73,kota
Indonesia,2017,Kalimantan Tengah,Gunung Mas,,70.15,69.95,kota
Indonesia,2018,Kalimantan Tengah,Gunung Mas,,70.24,70.23,kota
Indonesia,2019,Kalimantan Tengah,Gunung Mas,32.83,70.32,70.65,kota
Indonesia,2020,Kalimantan Tengah,Gunung Mas,,70.4,70.81,kota
Indonesia,2021,Kalimantan Tengah,Gunung Mas,35.9,70.46,71.03,kota
Indonesia,2022,Kalimantan Tengah,Gunung Mas,17.9,70.72,71.4,kota
Indonesia,2023,Kalimantan Tengah,Gunung Mas,12.9,70.96,72.09,kota
Indonesia,2024,Kalimantan Tengah,Gunung Mas,14.1,71.1,72.73,kota
Indonesia,2013,Kalimantan Tengah,Kapuas,,68.21,64.82,kota
Indonesia,2014,Kalimantan Tengah,Kapuas,,68.3,65.29,kota
Indonesia,2015,Kalimantan Tengah,Kapuas,,68.4,66.07,kota
Indonesia,2016,Kalimantan Tengah,Kapuas,,68.49,66.98,kota
Indonesia,2017,Kalimantan Tengah,Kapuas,,68.59,68.04,kota
Indonesia,2018,Kalimantan Tengah,Kapuas,,68.64,68.68,kota
Indonesia,2019,Kalimantan Tengah,Kapuas,42.37,68.69,69.38,kota
Indonesia,2020,Kalimantan Tengah,Kapuas,,68.74,69.48,kota
Indonesia,2021,Kalimantan Tengah,Kapuas,25.0,68.78,69.63,kota
Indonesia,2022,Kalimantan Tengah,Kapuas,20.1,69.02,70.01,kota
Indonesia,2023,Kalimantan Tengah,Kapuas,16.2,69.23,70.75,kota
Indonesia,2024,Kalimantan Tengah,Kapuas,22.5,69.34,71.32,kota
Indonesia,2013,Kalimantan Tengah,Katingan,,64.89,65.29,kota
Indonesia,2014,Kalimantan Tengah,Katingan,,64.98,65.79,kota
Indonesia,2015,Kalimantan Tengah,Katingan,,65.28,66.81,kota
Indonesia,2016,Kalimantan Tengah,Katingan,,65.4,67.41,kota
Indonesia,2017,Kalimantan Tengah,Katingan,,65.53,67.56,kota
Indonesia,2018,Kalimantan Tengah,Katingan,,65.62,67.91,kota
Indonesia,2019,Kalimantan Tengah,Katingan,30.52,65.7,68.55,kota
Indonesia,2020,Kalimantan Tengah,Katingan,,65.78,68.68,kota
Indonesia,2021,Kalimantan Tengah,Katingan,29.3,65.87,68.89,kota
Indonesia,2022,Kalimantan Tengah,Katingan,29.9,66.16,69.74,kota
Indonesia,2023,Kalimantan Tengah,Katingan,34.0,66.43,70.28,kota
Indonesia,2024,Kalimantan Tengah,Katingan,19.6,66.52,70.7,kota
Indonesia,2013,Kalimantan Tengah,Kota Palangkaraya,,72.85,78.02,kota
Indonesia,2014,Kalimantan Tengah,Kota Palangkaraya,,72.95,78.5,kota
Indonesia,2015,Kalimantan Tengah,Kota Palangkaraya,,72.97,78.62,kota
Indonesia,2016,Kalimantan Tengah,Kota Palangkaraya,,73.05,79.21,kota
Indonesia,2017,Kalimantan Tengah,Kota Palangkaraya,,73.13,79.69,kota
Indonesia,2018,Kalimantan Tengah,Kota Palangkaraya,,73.16,80.34,kota
Indonesia,2019,Kalimantan Tengah,Kota Palangkaraya,,73.19,80.77,kota
Indonesia,2020,Kalimantan Tengah,Kota Palangkaraya,,73.21,80.77,kota
Indonesia,2021,Kalimantan Tengah,Kota Palangkaraya,25.2,73.24,80.82,kota
Indonesia,2022,Kalimantan Tengah,Kota Palangkaraya,,73.47,81.16,kota
Indonesia,2023,Kalimantan Tengah,Kota Palangkaraya,,73.7,81.68,kota
Indonesia,2024,Kalimantan Tengah,Kota Palangkaraya,,73.82,82.2,kota
Indonesia,2013,Kalimantan Tengah,Kotawaringin Barat,,69.68,69.51,kota
Indonesia,2014,Kalimantan Tengah,Kotawaringin Barat,,69.77,70.14,kota
Indonesia,2015,Kalimantan Tengah,Kotawaringin Barat,,70.07,70.6,kota
Indonesia,2016,Kalimantan Tengah,Kotawaringin Barat,,70.21,71.13,kota
Indonesia,2017,Kalimantan Tengah,Kotawaringin Barat,,70.34,72.11,kota
Indonesia,2018,Kalimantan Tengah,Kotawaringin Barat,,70.43,72.46,kota
Indonesia,2019,Kalimantan Tengah,Kotawaringin Barat,23.98,70.51,72.85,kota
Indonesia,2020,Kalimantan Tengah,Kotawaringin Barat,,70.59,72.87,kota
Indonesia,2021,Kalimantan Tengah,Kotawaringin Barat,23.4,70.68,73.07,kota
Indonesia,2022,Kalimantan Tengah,Kotawaringin Barat,21.1,70.98,73.41,kota
Indonesia,2023,Kalimantan Tengah,Kotawaringin Barat,17.9,71.28,74.04,kota
Indonesia,2024,Kalimantan Tengah,Kotawaringin Barat,16.5,71.38,74.44,kota
Indonesia,2013,Kalimantan Tengah,Kotawaringin Timur,,69.32,67.95,kota
Indonesia,2014,Kalimantan Tengah,Kotawaringin Timur,,69.41,68.45,kota
Indonesia,2015,Kalimantan Tengah,Kotawaringin Timur,,69.51,68.61,kota
Indonesia,2016,Kalimantan Tengah,Kotawaringin Timur,,69.6,69.42,kota
Indonesia,2017,Kalimantan Tengah,Kotawaringin Timur,,69.7,70.17,kota
Indonesia,2018,Kalimantan Tengah,Kotawaringin Timur,,69.75,70.56,kota
Indonesia,2019,Kalimantan Tengah,Kotawaringin Timur,39.87,69.8,71.16,kota
Indonesia,2020,Kalimantan Tengah,Kotawaringin Timur,,69.85,71.31,kota
Indonesia,2021,Kalimantan Tengah,Kotawaringin Timur,32.5,69.9,71.38,kota
Indonesia,2022,Kalimantan Tengah,Kotawaringin Timur,27.9,70.15,71.67,kota
Indonesia,2023,Kalimantan Tengah,Kotawaringin Timur,35.5,70.39,72.21,kota
Indonesia,2024,Kalimantan Tengah,Kotawaringin Timur,21.6,70.51,72.66,kota
Indonesia,2013,Kalimantan Tengah,Lamandau,,68.98,67.23,kota
Indonesia,2014,Kalimantan Tengah,Lamandau,,69.07,67.53,kota
Indonesia,2015,Kalimantan Tengah,Lamandau,,69.12,68.3,kota
Indonesia,2016,Kalimantan Tengah,Lamandau,,69.2,68.54,kota
Indonesia,2017,Kalimantan Tengah,Lamandau,,69.28,69.17,kota
Indonesia,2018,Kalimantan Tengah,Lamandau,,69.31,69.7,kota
Indonesia,2019,Kalimantan Tengah,Lamandau,17.83,69.34,70.51,kota
Indonesia,2020,Kalimantan Tengah,Lamandau,,69.36,70.51,kota
Indonesia,2021,Kalimantan Tengah,Lamandau,23.2,69.39,70.58,kota
Indonesia,2022,Kalimantan Tengah,Lamandau,25.5,69.62,71.11,kota
Indonesia,2023,Kalimantan Tengah,Lamandau,13.2,69.84,71.81,kota
Indonesia,2024,Kalimantan Tengah,Lamandau,18.3,69.98,72.25,kota
Indonesia,2013,Kalimantan Tengah,Murung Raya,,69.02,65.62,kota
Indonesia,2014,Kalimantan Tengah,Murung Raya,,69.11,66.1,kota
Indonesia,2015,Kalimantan Tengah,Murung Raya,,69.21,66.46,kota
Indonesia,2016,Kalimantan Tengah,Murung Raya,,69.3,66.96,kota
Indonesia,2017,Kalimantan Tengah,Murung Raya,,69.39,67.16,kota
Indonesia,2018,Kalimantan Tengah,Murung Raya,,69.43,67.56,kota
Indonesia,2019,Kalimantan Tengah,Murung Raya,17.45,69.47,67.89,kota
Indonesia,2020,Kalimantan Tengah,Murung Raya,,69.51,67.98,kota
Indonesia,2021,Kalimantan Tengah,Murung Raya,31.8,69.53,68.12,kota
Indonesia,2022,Kalimantan Tengah,Murung Raya,40.9,69.75,68.63,kota
Indonesia,2023,Kalimantan Tengah,Murung Raya,21.0,69.94,69.42,kota
Indonesia,2024,Kalimantan Tengah,Murung Raya,15.8,70.04,70.03,kota
Indonesia,2013,Kalimantan Tengah,Pulang Pisau,,67.35,64.76,kota
Indonesia,2014,Kalimantan Tengah,Pulang Pisau,,67.44,65.0,kota
Indonesia,2015,Kalimantan Tengah,Pulang Pisau,,67.64,65.76,kota
Indonesia,2016,Kalimantan Tengah,Pulang Pisau,,67.75,66.49,kota
Indonesia,2017,Kalimantan Tengah,Pulang Pisau,,67.86,67.0,kota
Indonesia,2018,Kalimantan Tengah,Pulang Pisau,,67.92,67.54,kota
Indonesia,2019,Kalimantan Tengah,Pulang Pisau,33.72,67.98,68.34,kota
Indonesia,2020,Kalimantan Tengah,Pulang Pisau,,68.04,68.45,kota
Indonesia,2021,Kalimantan Tengah,Pulang Pisau,24.6,68.1,68.53,kota
Indonesia,2022,Kalimantan Tengah,Pulang Pisau,31.6,68.36,69.01,kota
Indonesia,2023,Kalimantan Tengah,Pulang Pisau,24.0,68.6,69.6,kota
Indonesia,2024,Kalimantan Tengah,Pulang Pisau,27.9,68.74,70.27,kota
Indonesia,2013,Kalimantan Tengah,Seruyan,,68.49,62.81,kota
Indonesia,2014,Kalimantan Tengah,Seruyan,,68.58,63.49,kota
Indonesia,2015,Kalimantan Tengah,Seruyan,,68.88,64.77,kota
Indonesia,2016,Kalimantan Tengah,Seruyan,,69.22,65.4,kota
Indonesia,2017,Kalimantan Tengah,Seruyan,,69.23,66.14,kota
Indonesia,2018,Kalimantan Tengah,Seruyan,,69.24,67.04,kota
Indonesia,2019,Kalimantan Tengah,Seruyan,34.1,69.25,67.57,kota
Indonesia,2020,Kalimantan Tengah,Seruyan,,69.26,67.58,kota
Indonesia,2021,Kalimantan Tengah,Seruyan,29.3,69.26,67.67,kota
Indonesia,2022,Kalimantan Tengah,Seruyan,34.7,69.46,68.24,kota
Indonesia,2023,Kalimantan Tengah,Seruyan,25.8,69.63,68.68,kota
Indonesia,2024,Kalimantan Tengah,Seruyan,32.2,69.72,69.05,kota
Indonesia,2013,Kalimantan Tengah,Sukamara,,71.1,63.92,kota
Indonesia,2014,Kalimantan Tengah,Sukamara,,71.19,64.44,kota
Indonesia,2015,Kalimantan Tengah,Sukamara,,71.24,65.8,kota
Indonesia,2016,Kalimantan Tengah,Sukamara,,71.32,66.4,kota
Indonesia,2017,Kalimantan Tengah,Sukamara,,71.41,66.98,kota
Indonesia,2018,Kalimantan Tengah,Sukamara,,71.45,67.52,kota
Indonesia,2019,Kalimantan Tengah,Sukamara,32.84,71.49,67.95,kota
Indonesia,2020,Kalimantan Tengah,Sukamara,,71.53,68.03,kota
Indonesia,2021,Kalimantan Tengah,Sukamara,24.7,71.56,68.27,kota
Indonesia,2022,Kalimantan Tengah,Sukamara,21.8,71.8,68.94,kota
Indonesia,2023,Kalimantan Tengah,Sukamara,29.1,72.03,69.44,kota
Indonesia,2024,Kalimantan Tengah,Sukamara,20.0,72.15,69.85,kota
Indonesia,2013,Kalimantan Timur,Berau,,71.15,72.02,kota
Indonesia,2014,Kalimantan Timur,Berau,,71.21,72.26,kota
Indonesia,2015,Kalimantan Timur,Berau,,71.31,72.72,kota
Indonesia,2016,Kalimantan Timur,Berau,,71.37,73.05,kota
Indonesia,2017,Kalimantan Timur,Berau,,71.44,73.56,kota
Indonesia,2018,Kalimantan Timur,Berau,,71.68,74.01,kota
Indonesia,2019,Kalimantan Timur,Berau,24.65,71.94,74.88,kota
Indonesia,2020,Kalimantan Timur,Berau,,72.06,74.71,kota
Indonesia,2021,Kalimantan Timur,Berau,25.7,72.32,75.2,kota
Indonesia,2022,Kalimantan Timur,Berau,21.6,72.32,75.74,kota
Indonesia,2023,Kalimantan Timur,Berau,23.0,72.41,76.21,kota
Indonesia,2024,Kalimantan Timur,Berau,23.4,72.59,76.66,kota
Indonesia,2013,Kalimantan Timur,Kota Balikpapan,,73.93,77.53,kota
Indonesia,2014,Kalimantan Timur,Kota Balikpapan,,73.94,77.93,kota
Indonesia,2015,Kalimantan Timur,Kota Balikpapan,,73.95,78.18,kota
Indonesia,2016,Kalimantan Timur,Kota Balikpapan,,73.96,78.57,kota
Indonesia,2017,Kalimantan Timur,Kota Balikpapan,,73.97,79.01,kota
Indonesia,2018,Kalimantan Timur,Kota Balikpapan,,74.18,79.81,kota
Indonesia,2019,Kalimantan Timur,Kota Balikpapan,13.95,74.41,80.11,kota
Indonesia,2020,Kalimantan Timur,Kota Balikpapan,,74.49,80.01,kota
Indonesia,2021,Kalimantan Timur,Kota Balikpapan,17.6,74.76,80.71,kota
Indonesia,2022,Kalimantan Timur,Kota Balikpapan,19.6,74.78,81.13,kota
Indonesia,2023,Kalimantan Timur,Kota Balikpapan,21.6,74.89,81.66,kota
Indonesia,2024,Kalimantan Timur,Kota Balikpapan,24.8,75.1,82.24,kota
Indonesia,2013,Kalimantan Timur,Kota Bontang,,73.67,78.34,kota
Indonesia,2014,Kalimantan Timur,Kota Bontang,,73.68,78.58,kota
Indonesia,2015,Kalimantan Timur,Kota Bontang,,73.69,78.78,kota
Indonesia,2016,Kalimantan Timur,Kota Bontang,,73.71,78.92,kota
Indonesia,2017,Kalimantan Timur,Kota Bontang,,73.72,79.47,kota
Indonesia,2018,Kalimantan Timur,Kota Bontang,,73.94,79.86,kota
Indonesia,2019,Kalimantan Timur,Kota Bontang,28.97,74.18,80.09,kota
Indonesia,2020,Kalimantan Timur,Kota Bontang,,74.28,80.02,kota
Indonesia,2021,Kalimantan Timur,Kota Bontang,26.3,74.55,80.59,kota
Indonesia,2022,Kalimantan Timur,Kota Bontang,21.0,74.57,80.94,kota
Indonesia,2023,Kalimantan Timur,Kota Bontang,27.4,74.67,81.56,kota
Indonesia,2024,Kalimantan Timur,Kota Bontang,20.7,74.88,82.42,kota
Indonesia,2013,Kalimantan Timur,Kota Samarinda,,73.59,77.84,kota
Indonesia,2014,Kalimantan Timur,Kota Samarinda,,73.63,78.39,kota
Indonesia,2015,Kalimantan Timur,Kota Samarinda,,73.65,78.69,kota
Indonesia,2016,Kalimantan Timur,Kota Samarinda,,73.68,78.91,kota
Indonesia,2017,Kalimantan Timur,Kota Samarinda,,73.71,79.46,kota
Indonesia,2018,Kalimantan Timur,Kota Samarinda,,73.93,79.93,kota
Indonesia,2019,Kalimantan Timur,Kota Samarinda,24.72,74.17,80.2,kota
Indonesia,2020,Kalimantan Timur,Kota Samarinda,,74.27,80.11,kota
Indonesia,2021,Kalimantan Timur,Kota Samarinda,21.6,74.54,80.76,kota
Indonesia,2022,Kalimantan Timur,Kota Samarinda,25.3,74.56,81.43,kota
Indonesia,2023,Kalimantan Timur,Kota Samarinda,24.4,74.68,82.32,kota
Indonesia,2024,Kalimantan Timur,Kota Samarinda,20.3,74.9,82.81,kota
Indonesia,2013,Kalimantan Timur,Kutai Barat,,71.96,68.13,kota
Indonesia,2014,Kalimantan Timur,Kutai Barat,,72.03,68.91,kota
Indonesia,2015,Kalimantan Timur,Kutai Barat,,72.19,69.34,kota
Indonesia,2016,Kalimantan Timur,Kutai Barat,,72.28,69.99,kota
Indonesia,2017,Kalimantan Timur,Kutai Barat,,72.37,70.18,kota
Indonesia,2018,Kalimantan Timur,Kutai Barat,,72.57,70.69,kota
Indonesia,2019,Kalimantan Timur,Kutai Barat,35.66,72.79,71.63,kota
Indonesia,2020,Kalimantan Timur,Kutai Barat,,72.86,71.19,kota
Indonesia,2021,Kalimantan Timur,Kutai Barat,15.8,73.1,72.07,kota
Indonesia,2022,Kalimantan Timur,Kutai Barat,23.1,73.1,72.92,kota
Indonesia,2023,Kalimantan Timur,Kutai Barat,22.0,73.19,73.72,kota
Indonesia,2024,Kalimantan Timur,Kutai Barat,27.6,73.37,74.5,kota
Indonesia,2013,Kalimantan Timur,Kutai Kartanegara,,71.48,70.71,kota
Indonesia,2014,Kalimantan Timur,Kutai Kartanegara,,71.5,71.2,kota
Indonesia,2015,Kalimantan Timur,Kutai Kartanegara,,71.6,71.78,kota
Indonesia,2016,Kalimantan Timur,Kutai Kartanegara,,71.64,72.19,kota
Indonesia,2017,Kalimantan Timur,Kutai Kartanegara,,71.68,72.75,kota
Indonesia,2018,Kalimantan Timur,Kutai Kartanegara,,71.93,73.15,kota
Indonesia,2019,Kalimantan Timur,Kutai Kartanegara,36.51,72.21,73.78,kota
Indonesia,2020,Kalimantan Timur,Kutai Kartanegara,,72.34,73.59,kota
Indonesia,2021,Kalimantan Timur,Kutai Kartanegara,26.4,72.64,74.06,kota
Indonesia,2022,Kalimantan Timur,Kutai Kartanegara,27.1,72.65,74.67,kota
Indonesia,2023,Kalimantan Timur,Kutai Kartanegara,17.6,72.75,75.3,kota
Indonesia,2024,Kalimantan Timur,Kutai Kartanegara,14.3,72.94,75.91,kota
Indonesia,2013,Kalimantan Timur,Kutai Timur,,72.3,69.79,kota
Indonesia,2014,Kalimantan Timur,Kutai Timur,,72.37,70.39,kota
Indonesia,2015,Kalimantan Timur,Kutai Timur,,72.39,70.76,kota
Indonesia,2016,Kalimantan Timur,Kutai Timur,,72.45,71.1,kota
Indonesia,2017,Kalimantan Timur,Kutai Timur,,72.51,71.91,kota
Indonesia,2018,Kalimantan Timur,Kutai Timur,,72.76,72.56,kota
Indonesia,2019,Kalimantan Timur,Kutai Timur,39.35,73.03,73.49,kota
Indonesia,2020,Kalimantan Timur,Kutai Timur,,73.16,73.0,kota
Indonesia,2021,Kalimantan Timur,Kutai Timur,27.5,73.46,73.81,kota
Indonesia,2022,Kalimantan Timur,Kutai Timur,24.7,73.47,74.35,kota
Indonesia,2023,Kalimantan Timur,Kutai Timur,29.0,73.57,74.98,kota
Indonesia,2024,Kalimantan Timur,Kutai Timur,26.9,73.75,75.53,kota
Indonesia,2013,Kalimantan Timur,Mahakam Ulu,,71.05,63.81,kota
Indonesia,2014,Kalimantan Timur,Mahakam Ulu,,71.12,64.32,kota
Indonesia,2015,Kalimantan Timur,Mahakam Ulu,,71.13,64.89,kota
Indonesia,2016,Kalimantan Timur,Mahakam Ulu,,71.19,65.51,kota
Indonesia,2017,Kalimantan Timur,Mahakam Ulu,,71.25,66.09,kota
Indonesia,2018,Kalimantan Timur,Mahakam Ulu,,71.56,66.67,kota
Indonesia,2019,Kalimantan Timur,Mahakam Ulu,,71.9,67.58,kota
Indonesia,2020,Kalimantan Timur,Mahakam Ulu,,72.1,67.09,kota
Indonesia,2021,Kalimantan Timur,Mahakam Ulu,20.3,72.33,67.95,kota
Indonesia,2022,Kalimantan Timur,Mahakam Ulu,,72.35,68.75,kota
Indonesia,2023,Kalimantan Timur,Mahakam Ulu,,72.46,69.59,kota
Indonesia,2024,Kalimantan Timur,Mahakam Ulu,23.2,72.65,70.35,kota
Indonesia,2013,Kalimantan Timur,Paser,,71.86,69.61,kota
Indonesia,2014,Kalimantan Timur,Paser,,71.88,69.87,kota
Indonesia,2015,Kalimantan Timur,Paser,,71.98,70.3,kota
Indonesia,2016,Kalimantan Timur,Paser,,72.02,71.0,kota
Indonesia,2017,Kalimantan Timur,Paser,,72.05,71.16,kota
Indonesia,2018,Kalimantan Timur,Paser,,72.28,71.61,kota
Indonesia,2019,Kalimantan Timur,Paser,34.21,72.52,72.29,kota
Indonesia,2020,Kalimantan Timur,Paser,,72.62,72.04,kota
Indonesia,2021,Kalimantan Timur,Paser,23.6,72.88,72.93,kota
Indonesia,2022,Kalimantan Timur,Paser,24.9,72.89,73.44,kota
Indonesia,2023,Kalimantan Timur,Paser,22.4,72.99,74.14,kota
Indonesia,2024,Kalimantan Timur,Paser,23.4,73.17,74.7,kota
Indonesia,2013,Kalimantan Timur,Penajam Paser Utara,,70.43,68.07,kota
Indonesia,2014,Kalimantan Timur,Penajam Paser Utara,,70.48,68.6,kota
Indonesia,2015,Kalimantan Timur,Penajam Paser Utara,,70.53,69.26,kota
Indonesia,2016,Kalimantan Timur,Penajam Paser Utara,,70.8,69.96,kota
Indonesia,2017,Kalimantan Timur,Penajam Paser Utara,,70.82,70.59,kota
Indonesia,2018,Kalimantan Timur,Penajam Paser Utara,,71.05,71.13,kota
Indonesia,2019,Kalimantan Timur,Penajam Paser Utara,26.98,71.3,71.64,kota
Indonesia,2020,Kalimantan Timur,Penajam Paser Utara,,71.41,71.41,kota
Indonesia,2021,Kalimantan Timur,Penajam Paser Utara,27.3,71.68,72.01,kota
Indonesia,2022,Kalimantan Timur,Penajam Paser Utara,21.8,71.71,72.55,kota
Indonesia,2023,Kalimantan Timur,Penajam Paser Utara,24.6,71.83,73.3,kota
Indonesia,2024,Kalimantan Timur,Penajam Paser Utara,32.0,72.04,73.9,kota
Indonesia,2013,Kalimantan Utara,Bulungan,,72.02,68.66,kota
Indonesia,2014,Kalimantan Utara,Bulungan,,72.11,69.25,kota
Indonesia,2015,Kalimantan Utara,Bulungan,,72.21,69.37,kota
Indonesia,2016,Kalimantan Utara,Bulungan,,72.36,69.88,kota
Indonesia,2017,Kalimantan Utara,Bulungan,,72.51,70.74,kota
Indonesia,2018,Kalimantan Utara,Bulungan,,72.55,71.23,kota
Indonesia,2019,Kalimantan Utara,Bulungan,29.23,72.6,71.66,kota
Indonesia,2020,Kalimantan Utara,Bulungan,,72.66,71.1,kota
Indonesia,2021,Kalimantan Utara,Bulungan,22.9,72.74,71.8,kota
Indonesia,2022,Kalimantan Utara,Bulungan,18.9,72.76,72.08,kota
Indonesia,2023,Kalimantan Utara,Bulungan,22.6,72.78,72.72,kota
Indonesia,2024,Kalimantan Utara,Bulungan,15.9,72.81,73.34,kota
Indonesia,2013,Kalimantan Utara,Kota Tarakan,,73.41,73.58,kota
Indonesia,2014,Kalimantan Utara,Kota Tarakan,,73.5,74.6,kota
Indonesia,2015,Kalimantan Utara,Kota Tarakan,,73.52,74.7,kota
Indonesia,2016,Kalimantan Utara,Kota Tarakan,,73.69,74.88,kota
Indonesia,2017,Kalimantan Utara,Kota Tarakan,,73.85,75.27,kota
Indonesia,2018,Kalimantan Utara,Kota Tarakan,,73.88,75.69,kota
Indonesia,2019,Kalimantan Utara,Kota Tarakan,22.78,73.92,76.09,kota
Indonesia,2020,Kalimantan Utara,Kota Tarakan,,73.97,75.83,kota
Indonesia,2021,Kalimantan Utara,Kota Tarakan,25.9,74.04,76.23,kota
Indonesia,2022,Kalimantan Utara,Kota Tarakan,15.4,74.06,76.68,kota
Indonesia,2023,Kalimantan Utara,Kota Tarakan,14.8,74.08,77.53,kota
Indonesia,2024,Kalimantan Utara,Kota Tarakan,12.6,74.11,77.96,kota
Indonesia,2013,Kalimantan Utara,Malinau,,70.82,69.84,kota
Indonesia,2014,Kalimantan Utara,Malinau,,70.93,70.0,kota
Indonesia,2015,Kalimantan Utara,Malinau,,71.03,70.15,kota
Indonesia,2016,Kalimantan Utara,Malinau,,71.24,70.71,kota
Indonesia,2017,Kalimantan Utara,Malinau,,71.39,71.23,kota
Indonesia,2018,Kalimantan Utara,Malinau,,71.4,71.74,kota
Indonesia,2019,Kalimantan Utara,Malinau,31.01,71.42,72.06,kota
Indonesia,2020,Kalimantan Utara,Malinau,,71.45,71.94,kota
Indonesia,2021,Kalimantan Utara,Malinau,24.2,71.49,72.32,kota
Indonesia,2022,Kalimantan Utara,Malinau,23.5,71.5,72.75,kota
Indonesia,2023,Kalimantan Utara,Malinau,20.5,71.51,73.19,kota
Indonesia,2024,Kalimantan Utara,Malinau,26.0,71.53,73.9,kota
Indonesia,2013,Kalimantan Utara,Nunukan,,70.74,62.18,kota
Indonesia,2014,Kalimantan Utara,Nunukan,,70.82,63.13,kota
Indonesia,2015,Kalimantan Utara,Nunukan,,70.83,63.35,kota
Indonesia,2016,Kalimantan Utara,Nunukan,,71.23,64.35,kota
Indonesia,2017,Kalimantan Utara,Nunukan,,71.25,65.1,kota
Indonesia,2018,Kalimantan Utara,Nunukan,,71.27,65.67,kota
Indonesia,2019,Kalimantan Utara,Nunukan,27.71,71.3,66.32,kota
Indonesia,2020,Kalimantan Utara,Nunukan,,71.34,65.79,kota
Indonesia,2021,Kalimantan Utara,Nunukan,30.0,71.4,66.46,kota
Indonesia,2022,Kalimantan Utara,Nunukan,30.5,71.41,67.16,kota
Indonesia,2023,Kalimantan Utara,Nunukan,15.8,71.42,67.7,kota
Indonesia,2024,Kalimantan Utara,Nunukan,21.7,71.44,68.52,kota
Indonesia,2013,Kalimantan Utara,Tana Tidung,,70.68,63.79,kota
Indonesia,2014,Kalimantan Utara,Tana Tidung,,70.8,64.7,kota
Indonesia,2015,Kalimantan Utara,Tana Tidung,,70.81,64.92,kota
Indonesia,2016,Kalimantan Utara,Tana Tidung,,71.31,65.64,kota
Indonesia,2017,Kalimantan Utara,Tana Tidung,,71.33,66.26,kota
Indonesia,2018,Kalimantan Utara,Tana Tidung,,71.35,67.05,kota
Indonesia,2019,Kalimantan Utara,Tana Tidung,17.94,71.38,67.79,kota
Indonesia,2020,Kalimantan Utara,Tana Tidung,,71.42,66.97,kota
Indonesia,2021,Kalimantan Utara,Tana Tidung,22.8,71.49,67.76,kota
Indonesia,2022,Kalimantan Utara,Tana Tidung,30.7,71.51,68.6,kota
Indonesia,2023,Kalimantan Utara,Tana Tidung,15.1,71.53,69.2,kota
Indonesia,2024,Kalimantan Utara,Tana Tidung,7.4,71.57,70.08,kota
Indonesia,2013,Kepulauan Bangka Belitung,Bangka,,70.45,69.34,kota
Indonesia,2014,Kepulauan Bangka Belitung,Bangka,,70.47,69.79,kota
Indonesia,2015,Kepulauan Bangka Belitung,Bangka,,70.48,70.03,kota
Indonesia,2016,Kepulauan Bangka Belitung,Bangka,,70.52,70.43,kota
Indonesia,2017,Kepulauan Bangka Belitung,Bangka,,70.56,71.09,kota
Indonesia,2018,Kepulauan Bangka Belitung,Bangka,,70.73,71.8,kota
Indonesia,2019,Kepulauan Bangka Belitung,Bangka,20.86,70.99,72.39,kota
Indonesia,2020,Kepulauan Bangka Belitung,Bangka,,71.06,72.4,kota
Indonesia,2021,Kepulauan Bangka Belitung,Bangka,5.0,71.14,72.46,kota
Indonesia,2022,Kepulauan Bangka Belitung,Bangka,16.2,71.37,72.95,kota
Indonesia,2023,Kepulauan Bangka Belitung,Bangka,23.2,71.6,73.66,kota
Indonesia,2024,Kepulauan Bangka Belitung,Bangka,21.2,71.8,73.98,kota
Indonesia,2013,Kepulauan Bangka Belitung,Bangka Barat,,69.44,65.85,kota
Indonesia,2014,Kepulauan Bangka Belitung,Bangka Barat,,69.46,66.43,kota
Indonesia,2015,Kepulauan Bangka Belitung,Bangka Barat,,69.47,67.23,kota
Indonesia,2016,Kepulauan Bangka Belitung,Bangka Barat,,69.52,67.6,kota
Indonesia,2017,Kepulauan Bangka Belitung,Bangka Barat,,69.56,67.94,kota
Indonesia,2018,Kepulauan Bangka Belitung,Bangka Barat,,69.73,68.68,kota
Indonesia,2019,Kepulauan Bangka Belitung,Bangka Barat,23.3,69.99,69.05,kota
Indonesia,2020,Kepulauan Bangka Belitung,Bangka Barat,,70.06,69.08,kota
Indonesia,2021,Kepulauan Bangka Belitung,Bangka Barat,5.6,70.08,69.6,kota
Indonesia,2022,Kepulauan Bangka Belitung,Bangka Barat,20.5,70.25,70.12,kota
Indonesia,2023,Kepulauan Bangka Belitung,Bangka Barat,20.6,70.43,70.45,kota
Indonesia,2024,Kepulauan Bangka Belitung,Bangka Barat,19.9,70.59,70.67,kota
Indonesia,2013,Kepulauan Bangka Belitung,Bangka Selatan,,66.51,62.96,kota
Indonesia,2014,Kepulauan Bangka Belitung,Bangka Selatan,,66.56,63.54,kota
Indonesia,2015,Kepulauan Bangka Belitung,Bangka Selatan,,66.86,63.89,kota
Indonesia,2016,Kepulauan Bangka Belitung,Bangka Selatan,,66.99,64.57,kota
Indonesia,2017,Kepulauan Bangka Belitung,Bangka Selatan,,67.13,65.02,kota
Indonesia,2018,Kepulauan Bangka Belitung,Bangka Selatan,,67.47,65.98,kota
Indonesia,2019,Kepulauan Bangka Belitung,Bangka Selatan,21.59,67.9,66.54,kota
Indonesia,2020,Kepulauan Bangka Belitung,Bangka Selatan,,68.16,66.9,kota
Indonesia,2021,Kepulauan Bangka Belitung,Bangka Selatan,8.3,68.35,67.06,kota
Indonesia,2022,Kepulauan Bangka Belitung,Bangka Selatan,23.0,68.68,67.95,kota
Indonesia,2023,Kepulauan Bangka Belitung,Bangka Selatan,20.7,68.98,68.51,kota
Indonesia,2024,Kepulauan Bangka Belitung,Bangka Selatan,24.6,69.24,68.86,kota
Indonesia,2013,Kepulauan Bangka Belitung,Bangka Tengah,,69.95,67.67,kota
Indonesia,2014,Kepulauan Bangka Belitung,Bangka Tengah,,69.98,68.09,kota
Indonesia,2015,Kepulauan Bangka Belitung,Bangka Tengah,,70.28,68.66,kota
Indonesia,2016,Kepulauan Bangka Belitung,Bangka Tengah,,70.38,68.76,kota
Indonesia,2017,Kepulauan Bangka Belitung,Bangka Tengah,,70.49,68.99,kota
Indonesia,2018,Kepulauan Bangka Belitung,Bangka Tengah,,70.78,69.52,kota
Indonesia,2019,Kepulauan Bangka Belitung,Bangka Tengah,16.42,71.16,70.33,kota
Indonesia,2020,Kepulauan Bangka Belitung,Bangka Tengah,,71.36,70.45,kota
Indonesia,2021,Kepulauan Bangka Belitung,Bangka Tengah,7.2,71.52,70.89,kota
Indonesia,2022,Kepulauan Bangka Belitung,Bangka Tengah,21.2,71.82,71.4,kota
Indonesia,2023,Kepulauan Bangka Belitung,Bangka Tengah,18.2,72.11,71.71,kota
Indonesia,2024,Kepulauan Bangka Belitung,Bangka Tengah,21.2,72.36,71.9,kota
Indonesia,2013,Kepulauan Bangka Belitung,Belitung,,70.2,69.27,kota
Indonesia,2014,Kepulauan Bangka Belitung,Belitung,,70.22,69.56,kota
Indonesia,2015,Kepulauan Bangka Belitung,Belitung,,70.32,70.29,kota
Indonesia,2016,Kepulauan Bangka Belitung,Belitung,,70.38,70.81,kota
Indonesia,2017,Kepulauan Bangka Belitung,Belitung,,70.44,70.93,kota
Indonesia,2018,Kepulauan Bangka Belitung,Belitung,,70.64,71.7,kota
Indonesia,2019,Kepulauan Bangka Belitung,Belitung,16.43,70.94,72.46,kota
Indonesia,2020,Kepulauan Bangka Belitung,Belitung,,71.05,72.51,kota
Indonesia,2021,Kepulauan Bangka Belitung,Belitung,6.4,71.1,72.57,kota
Indonesia,2022,Kepulauan Bangka Belitung,Belitung,19.6,71.31,73.38,kota
Indonesia,2023,Kepulauan Bangka Belitung,Belitung,20.8,71.54,74.02,kota
Indonesia,2024,Kepulauan Bangka Belitung,Belitung,18.1,71.75,74.47,kota
Indonesia,2013,Kepulauan Bangka Belitung,Belitung Timur,,71.01,67.71,kota
Indonesia,2014,Kepulauan Bangka Belitung,Belitung Timur,,71.03,68.1,kota
Indonesia,2015,Kepulauan Bangka Belitung,Belitung Timur,,71.23,68.83,kota
Indonesia,2016,Kepulauan Bangka Belitung,Belitung Timur,,71.3,69.3,kota
Indonesia,2017,Kepulauan Bangka Belitung,Belitung Timur,,71.37,69.57,kota
Indonesia,2018,Kepulauan Bangka Belitung,Belitung Timur,,71.59,70.22,kota
Indonesia,2019,Kepulauan Bangka Belitung,Belitung Timur,22.13,71.9,70.84,kota
Indonesia,2020,Kepulauan Bangka Belitung,Belitung Timur,,72.03,70.92,kota
Indonesia,2021,Kepulauan Bangka Belitung,Belitung Timur,7.3,72.1,71.42,kota
Indonesia,2022,Kepulauan Bangka Belitung,Belitung Timur,16.0,72.33,72.29,kota
Indonesia,2023,Kepulauan Bangka Belitung,Belitung Timur,17.3,72.59,72.86,kota
Indonesia,2024,Kepulauan Bangka Belitung,Belitung Timur,17.1,72.85,73.19,kota
Indonesia,2013,Kepulauan Bangka Belitung,Kota Pangkal Pinang,,72.29,76.14,kota
Indonesia,2014,Kepulauan Bangka Belitung,Kota Pangkal Pinang,,72.31,76.28,kota
Indonesia,2015,Kepulauan Bangka Belitung,Kota Pangkal Pinang,,72.51,76.61,kota
Indonesia,2016,Kepulauan Bangka Belitung,Kota Pangkal Pinang,,72.57,76.73,kota
Indonesia,2017,Kepulauan Bangka Belitung,Kota Pangkal Pinang,,72.64,76.86,kota
Indonesia,2018,Kepulauan Bangka Belitung,Kota Pangkal Pinang,,72.86,77.43,kota
Indonesia,2019,Kepulauan Bangka Belitung,Kota Pangkal Pinang,20.27,73.17,77.97,kota
Indonesia,2020,Kepulauan Bangka Belitung,Kota Pangkal Pinang,,73.3,78.22,kota
Indonesia,2021,Kepulauan Bangka Belitung,Kota Pangkal Pinang,5.1,73.41,78.57,kota
Indonesia,2022,Kepulauan Bangka Belitung,Kota Pangkal Pinang,12.9,73.68,79.24,kota
Indonesia,2023,Kepulauan Bangka Belitung,Kota Pangkal Pinang,,73.96,79.93,kota
Indonesia,2024,Kepulauan Bangka Belitung,Kota Pangkal Pinang,17.3,74.24,80.4,kota
Indonesia,2013,Kepulauan Riau,Bintan,,69.86,71.31,kota
Indonesia,2014,Kepulauan Riau,Bintan,,69.91,71.65,kota
Indonesia,2015,Kepulauan Riau,Bintan,,69.92,71.92,kota
Indonesia,2016,Kepulauan Riau,Bintan,,70.02,72.38,kota
Indonesia,2017,Kepulauan Riau,Bintan,,70.12,72.91,kota
Indonesia,2018,Kepulauan Riau,Bintan,,70.21,73.41,kota
Indonesia,2019,Kepulauan Riau,Bintan,24.37,70.3,73.98,kota
Indonesia,2020,Kepulauan Riau,Bintan,,70.38,74.13,kota
Indonesia,2021,Kepulauan Riau,Bintan,20.0,70.46,74.57,kota
Indonesia,2022,Kepulauan Riau,Bintan,17.8,70.76,74.99,kota
Indonesia,2023,Kepulauan Riau,Bintan,21.6,71.09,75.7,kota
Indonesia,2024,Kepulauan Riau,Bintan,16.3,71.21,76.18,kota
Indonesia,2013,Kepulauan Riau,Karimun,,68.93,68.52,kota
Indonesia,2014,Kepulauan Riau,Karimun,,69.01,68.72,kota
Indonesia,2015,Kepulauan Riau,Karimun,,69.71,69.21,kota
Indonesia,2016,Kepulauan Riau,Karimun,,70.02,69.84,kota
Indonesia,2017,Kepulauan Riau,Karimun,,70.32,70.26,kota
Indonesia,2018,Kepulauan Riau,Karimun,,70.52,70.56,kota
Indonesia,2019,Kepulauan Riau,Karimun,15.08,70.71,71.1,kota
Indonesia,2020,Kepulauan Riau,Karimun,,70.91,71.44,kota
Indonesia,2021,Kepulauan Riau,Karimun,17.6,71.11,71.7,kota
Indonesia,2022,Kepulauan Riau,Karimun,13.3,71.53,72.65,kota
Indonesia,2023,Kepulauan Riau,Karimun,17.9,72.01,73.51,kota
Indonesia,2024,Kepulauan Riau,Karimun,21.4,72.2,74.28,kota
Indonesia,2013,Kepulauan Riau,Kepulauan Anambas,,66.13,64.86,kota
Indonesia,2014,Kepulauan Riau,Kepulauan Anambas,,66.23,65.12,kota
Indonesia,2015,Kepulauan Riau,Kepulauan Anambas,,66.33,65.86,kota
Indonesia,2016,Kepulauan Riau,Kepulauan Anambas,,66.54,66.3,kota
Indonesia,2017,Kepulauan Riau,Kepulauan Anambas,,66.76,67.06,kota
Indonesia,2018,Kepulauan Riau,Kepulauan Anambas,,66.91,67.53,kota
Indonesia,2019,Kepulauan Riau,Kepulauan Anambas,12.54,67.06,68.48,kota
Indonesia,2020,Kepulauan Riau,Kepulauan Anambas,,67.21,68.8,kota
Indonesia,2021,Kepulauan Riau,Kepulauan Anambas,21.7,67.36,69.23,kota
Indonesia,2022,Kepulauan Riau,Kepulauan Anambas,14.0,67.73,69.61,kota
Indonesia,2023,Kepulauan Riau,Kepulauan Anambas,15.2,68.1,70.26,kota
Indonesia,2024,Kepulauan Riau,Kepulauan Anambas,15.8,68.37,70.93,kota
Indonesia,2013,Kepulauan Riau,Kota Batam,,72.77,78.65,kota
Indonesia,2014,Kepulauan Riau,Kota Batam,,72.8,79.13,kota
Indonesia,2015,Kepulauan Riau,Kota Batam,,73.0,79.34,kota
Indonesia,2016,Kepulauan Riau,Kota Batam,,73.09,79.79,kota
Indonesia,2017,Kepulauan Riau,Kota Batam,,73.19,80.26,kota
Indonesia,2018,Kepulauan Riau,Kota Batam,,73.24,80.54,kota
Indonesia,2019,Kepulauan Riau,Kota Batam,15.88,73.29,81.09,kota
Indonesia,2020,Kepulauan Riau,Kota Batam,,73.33,81.11,kota
Indonesia,2021,Kepulauan Riau,Kota Batam,17.5,73.36,81.12,kota
Indonesia,2022,Kepulauan Riau,Kota Batam,15.2,73.62,81.67,kota
Indonesia,2023,Kepulauan Riau,Kota Batam,16.1,73.94,82.11,kota
Indonesia,2024,Kepulauan Riau,Kota Batam,14.0,74.28,82.86,kota
Indonesia,2013,Kepulauan Riau,Kota Tanjung Pinang,,71.51,76.7,kota
Indonesia,2014,Kepulauan Riau,Kota Tanjung Pinang,,71.55,77.29,kota
Indonesia,2015,Kepulauan Riau,Kota Tanjung Pinang,,71.65,77.57,kota
Indonesia,2016,Kepulauan Riau,Kota Tanjung Pinang,,71.74,77.77,kota
Indonesia,2017,Kepulauan Riau,Kota Tanjung Pinang,,71.84,78.0,kota
Indonesia,2018,Kepulauan Riau,Kota Tanjung Pinang,,71.93,78.33,kota
Indonesia,2019,Kepulauan Riau,Kota Tanjung Pinang,21.69,72.02,78.73,kota
Indonesia,2020,Kepulauan Riau,Kota Tanjung Pinang,,72.1,78.91,kota
Indonesia,2021,Kepulauan Riau,Kota Tanjung Pinang,18.8,72.18,78.93,kota
Indonesia,2022,Kepulauan Riau,Kota Tanjung Pinang,15.7,72.49,79.64,kota
Indonesia,2023,Kepulauan Riau,Kota Tanjung Pinang,15.2,72.85,80.23,kota
Indonesia,2024,Kepulauan Riau,Kota Tanjung Pinang,12.9,73.02,80.63,kota
Indonesia,2013,Kepulauan Riau,Lingga,,59.13,60.13,kota
Indonesia,2014,Kepulauan Riau,Lingga,,59.47,60.75,kota
Indonesia,2015,Kepulauan Riau,Lingga,,59.77,61.28,kota
Indonesia,2016,Kepulauan Riau,Lingga,,60.44,62.44,kota
Indonesia,2017,Kepulauan Riau,Lingga,,61.14,63.45,kota
Indonesia,2018,Kepulauan Riau,Lingga,,61.44,64.06,kota
Indonesia,2019,Kepulauan Riau,Lingga,16.49,61.75,64.98,kota
Indonesia,2020,Kepulauan Riau,Lingga,,62.06,65.29,kota
Indonesia,2021,Kepulauan Riau,Lingga,25.4,62.39,65.83,kota
Indonesia,2022,Kepulauan Riau,Lingga,18.9,62.92,66.57,kota
Indonesia,2023,Kepulauan Riau,Lingga,20.5,63.5,67.44,kota
Indonesia,2024,Kepulauan Riau,Lingga,19.8,63.73,68.19,kota
Indonesia,2013,Kepulauan Riau,Natuna,,63.11,69.39,kota
Indonesia,2014,Kepulauan Riau,Natuna,,63.24,70.06,kota
Indonesia,2015,Kepulauan Riau,Natuna,,63.64,70.87,kota
Indonesia,2016,Kepulauan Riau,Natuna,,63.99,71.23,kota
Indonesia,2017,Kepulauan Riau,Natuna,,64.33,71.52,kota
Indonesia,2018,Kepulauan Riau,Natuna,,64.57,72.1,kota
Indonesia,2019,Kepulauan Riau,Natuna,17.36,64.81,72.63,kota
Indonesia,2020,Kepulauan Riau,Natuna,,65.06,72.72,kota
Indonesia,2021,Kepulauan Riau,Natuna,17.8,65.31,73.09,kota
Indonesia,2022,Kepulauan Riau,Natuna,18.0,65.76,73.47,kota
Indonesia,2023,Kepulauan Riau,Natuna,16.1,66.22,74.21,kota
Indonesia,2024,Kepulauan Riau,Natuna,18.5,66.41,74.56,kota
Indonesia,2013,Lampung,Kota Bandar Lampung,,70.26,73.93,kota
Indonesia,2014,Lampung,Kota Bandar Lampung,,70.55,74.34,kota
Indonesia,2015,Lampung,Kota Bandar Lampung,,70.65,74.81,kota
Indonesia,2016,Lampung,Kota Bandar Lampung,,70.75,75.34,kota
Indonesia,2017,Lampung,Kota Bandar Lampung,,70.84,75.98,kota
Indonesia,2018,Lampung,Kota Bandar Lampung,,71.01,76.63,kota
Indonesia,2019,Lampung,Kota Bandar Lampung,36.08,71.28,77.33,kota
Indonesia,2020,Lampung,Kota Bandar Lampung,,71.37,77.44,kota
Indonesia,2021,Lampung,Kota Bandar Lampung,19.4,71.42,77.58,kota
Indonesia,2022,Lampung,Kota Bandar Lampung,11.1,71.66,78.01,kota
Indonesia,2023,Lampung,Kota Bandar Lampung,13.4,71.91,78.56,kota
Indonesia,2024,Lampung,Kota Bandar Lampung,14.8,72.24,79.19,kota
Indonesia,2013,Lampung,Kota Metro,,70.68,74.27,kota
Indonesia,2014,Lampung,Kota Metro,,70.98,74.98,kota
Indonesia,2015,Lampung,Kota Metro,,70.98,75.1,kota
Indonesia,2016,Lampung,Kota Metro,,71.05,75.45,kota
Indonesia,2017,Lampung,Kota Metro,,71.13,75.87,kota
Indonesia,2018,Lampung,Kota Metro,,71.29,76.22,kota
Indonesia,2019,Lampung,Kota Metro,25.03,71.55,76.77,kota
Indonesia,2020,Lampung,Kota Metro,,71.63,77.19,kota
Indonesia,2021,Lampung,Kota Metro,19.7,71.66,77.49,kota
Indonesia,2022,Lampung,Kota Metro,10.4,71.88,77.89,kota
Indonesia,2023,Lampung,Kota Metro,7.1,72.12,78.36,kota
Indonesia,2024,Lampung,Kota Metro,14.8,72.44,78.93,kota
Indonesia,2013,Lampung,Lampung Barat,,65.69,63.21,kota
Indonesia,2014,Lampung,Lampung Barat,,66.02,63.54,kota
Indonesia,2015,Lampung,Lampung Barat,,66.42,64.54,kota
Indonesia,2016,Lampung,Lampung Barat,,66.64,65.45,kota
Indonesia,2017,Lampung,Lampung Barat,,66.86,66.06,kota
Indonesia,2018,Lampung,Lampung Barat,,67.09,66.74,kota
Indonesia,2019,Lampung,Lampung Barat,22.23,67.43,67.5,kota
Indonesia,2020,Lampung,Lampung Barat,,67.58,67.8,kota
Indonesia,2021,Lampung,Lampung Barat,22.7,67.65,67.9,kota
Indonesia,2022,Lampung,Lampung Barat,16.6,67.9,68.39,kota
Indonesia,2023,Lampung,Lampung Barat,24.6,68.13,69.11,kota
Indonesia,2024,Lampung,Lampung Barat,20.5,68.4,69.84,kota
Indonesia,2013,Lampung,Lampung Selatan,,67.8,63.35,kota
Indonesia,2014,Lampung,Lampung Selatan,,68.12,63.75,kota
Indonesia,2015,Lampung,Lampung Selatan,,68.32,65.22,kota
Indonesia,2016,Lampung,Lampung Selatan,,68.49,66.19,kota
Indonesia,2017,Lampung,Lampung Selatan,,68.65,66.95,kota
Indonesia,2018,Lampung,Lampung Selatan,,68.87,67.68,kota
Indonesia,2019,Lampung,Lampung Selatan,30.39,69.2,68.22,kota
Indonesia,2020,Lampung,Lampung Selatan,,69.33,68.36,kota
Indonesia,2021,Lampung,Lampung Selatan,16.3,69.42,68.49,kota
Indonesia,2022,Lampung,Lampung Selatan,9.9,69.69,69.0,kota
Indonesia,2023,Lampung,Lampung Selatan,10.3,69.97,69.63,kota
Indonesia,2024,Lampung,Lampung Selatan,10.4,70.32,70.28,kota
Indonesia,2013,Lampung,Lampung Tengah,,68.59,66.57,kota
Indonesia,2014,Lampung,Lampung Tengah,,68.91,67.07,kota
Indonesia,2015,Lampung,Lampung Tengah,,69.01,67.61,kota
Indonesia,2016,Lampung,Lampung Tengah,,69.15,68.33,kota
Indonesia,2017,Lampung,Lampung Tengah,,69.28,68.95,kota
Indonesia,2018,Lampung,Lampung Tengah,,69.46,69.73,kota
Indonesia,2019,Lampung,Lampung Tengah,21.41,69.75,70.04,kota
Indonesia,2020,Lampung,Lampung Tengah,,69.84,70.16,kota
Indonesia,2021,Lampung,Lampung Tengah,20.8,69.87,70.23,kota
Indonesia,2022,Lampung,Lampung Tengah,8.7,70.08,70.8,kota
Indonesia,2023,Lampung,Lampung Tengah,16.7,70.29,71.6,kota
Indonesia,2024,Lampung,Lampung Tengah,15.5,70.55,72.37,kota
Indonesia,2013,Lampung,Lampung Timur,,69.01,66.07,kota
Indonesia,2014,Lampung,Lampung Timur,,69.33,66.42,kota
Indonesia,2015,Lampung,Lampung Timur,,69.73,67.1,kota
Indonesia,2016,Lampung,Lampung Timur,,69.92,67.88,kota
Indonesia,2017,Lampung,Lampung Timur,,70.11,68.05,kota
Indonesia,2018,Lampung,Lampung Timur,,70.31,69.04,kota
Indonesia,2019,Lampung,Lampung Timur,26.12,70.61,69.34,kota
Indonesia,2020,Lampung,Lampung Timur,,70.73,69.37,kota
Indonesia,2021,Lampung,Lampung Timur,15.3,70.78,69.66,kota
Indonesia,2022,Lampung,Lampung Timur,18.1,71.01,70.58,kota
Indonesia,2023,Lampung,Lampung Timur,14.2,71.25,71.21,kota
Indonesia,2024,Lampung,Lampung Timur,14.0,71.53,71.84,kota
Indonesia,2013,Lampung,Lampung Utara,,67.68,64.0,kota
Indonesia,2014,Lampung,Lampung Utara,,68.02,64.89,kota
Indonesia,2015,Lampung,Lampung Utara,,68.12,65.2,kota
Indonesia,2016,Lampung,Lampung Utara,,68.3,65.95,kota
Indonesia,2017,Lampung,Lampung Utara,,68.48,66.58,kota
Indonesia,2018,Lampung,Lampung Utara,,68.71,67.17,kota
Indonesia,2019,Lampung,Lampung Utara,38.56,69.05,67.63,kota
Indonesia,2020,Lampung,Lampung Utara,,69.21,67.67,kota
Indonesia,2021,Lampung,Lampung Utara,20.2,69.3,67.89,kota
Indonesia,2022,Lampung,Lampung Utara,24.7,69.57,68.33,kota
Indonesia,2023,Lampung,Lampung Utara,23.5,69.83,68.95,kota
Indonesia,2024,Lampung,Lampung Utara,20.0,70.13,69.62,kota
Indonesia,2013,Lampung,Mesuji,,66.7,58.16,kota
Indonesia,2014,Lampung,Mesuji,,67.05,58.71,kota
Indonesia,2015,Lampung,Mesuji,,67.15,59.79,kota
Indonesia,2016,Lampung,Mesuji,,67.32,60.72,kota
Indonesia,2017,Lampung,Mesuji,,67.49,61.87,kota
Indonesia,2018,Lampung,Mesuji,,67.71,62.88,kota
Indonesia,2019,Lampung,Mesuji,27.44,68.04,63.52,kota
Indonesia,2020,Lampung,Mesuji,,68.19,63.63,kota
Indonesia,2021,Lampung,Mesuji,21.8,68.26,64.04,kota
Indonesia,2022,Lampung,Mesuji,22.5,68.51,64.94,kota
Indonesia,2023,Lampung,Mesuji,5.0,68.75,65.64,kota
Indonesia,2024,Lampung,Mesuji,11.1,69.04,66.46,kota
Indonesia,2013,Lampung,Pesawaran,,67.01,60.94,kota
Indonesia,2014,Lampung,Pesawaran,,67.33,61.7,kota
Indonesia,2015,Lampung,Pesawaran,,67.83,62.7,kota
Indonesia,2016,Lampung,Pesawaran,,68.05,63.47,kota
Indonesia,2017,Lampung,Pesawaran,,68.29,64.43,kota
Indonesia,2018,Lampung,Pesawaran,,68.53,64.97,kota
Indonesia,2019,Lampung,Pesawaran,25.84,68.88,65.75,kota
Indonesia,2020,Lampung,Pesawaran,,69.04,65.79,kota
Indonesia,2021,Lampung,Pesawaran,17.6,69.15,66.14,kota
Indonesia,2022,Lampung,Pesawaran,25.1,69.44,66.7,kota
Indonesia,2023,Lampung,Pesawaran,10.0,69.74,67.67,kota
Indonesia,2024,Lampung,Pesawaran,15.5,70.13,68.52,kota
Indonesia,2013,Lampung,Pesisir Barat,,61.37,58.95,kota
Indonesia,2014,Lampung,Pesisir Barat,,61.74,59.76,kota
Indonesia,2015,Lampung,Pesisir Barat,,62.04,60.55,kota
Indonesia,2016,Lampung,Pesisir Barat,,62.29,61.5,kota
Indonesia,2017,Lampung,Pesisir Barat,,62.54,62.2,kota
Indonesia,2018,Lampung,Pesisir Barat,,62.85,62.96,kota
Indonesia,2019,Lampung,Pesisir Barat,19.89,63.27,63.79,kota
Indonesia,2020,Lampung,Pesisir Barat,,63.5,63.91,kota
Indonesia,2021,Lampung,Pesisir Barat,22.8,63.66,64.3,kota
Indonesia,2022,Lampung,Pesisir Barat,16.7,63.99,65.14,kota
Indonesia,2023,Lampung,Pesisir Barat,16.1,64.29,66.0,kota
Indonesia,2024,Lampung,Pesisir Barat,19.8,64.69,66.73,kota
Indonesia,2013,Lampung,Pringsewu,,67.69,66.14,kota
Indonesia,2014,Lampung,Pringsewu,,68.01,66.58,kota
Indonesia,2015,Lampung,Pringsewu,,68.61,67.55,kota
Indonesia,2016,Lampung,Pringsewu,,68.88,68.26,kota
Indonesia,2017,Lampung,Pringsewu,,69.14,68.61,kota
Indonesia,2018,Lampung,Pringsewu,,69.44,69.42,kota
Indonesia,2019,Lampung,Pringsewu,17.76,69.85,69.97,kota
Indonesia,2020,Lampung,Pringsewu,,70.08,70.3,kota
Indonesia,2021,Lampung,Pringsewu,19.0,70.27,70.45,kota
Indonesia,2022,Lampung,Pringsewu,16.2,70.65,70.98,kota
Indonesia,2023,Lampung,Pringsewu,15.8,71.05,71.61,kota
Indonesia,2024,Lampung,Pringsewu,19.5,71.21,72.29,kota
Indonesia,2013,Lampung,Tanggamus,,66.79,61.89,kota
Indonesia,2014,Lampung,Tanggamus,,67.12,62.67,kota
Indonesia,2015,Lampung,Tanggamus,,67.42,63.66,kota
Indonesia,2016,Lampung,Tanggamus,,67.61,64.41,kota
Indonesia,2017,Lampung,Tanggamus,,67.8,64.94,kota
Indonesia,2018,Lampung,Tanggamus,,68.04,65.67,kota
Indonesia,2019,Lampung,Tanggamus,27.39,68.4,66.37,kota
Indonesia,2020,Lampung,Tanggamus,,68.56,66.42,kota
Indonesia,2021,Lampung,Tanggamus,25.0,68.67,66.65,kota
Indonesia,2022,Lampung,Tanggamus,20.4,68.95,67.22,kota
Indonesia,2023,Lampung,Tanggamus,17.1,69.23,67.86,kota
Indonesia,2024,Lampung,Tanggamus,24.9,69.56,68.52,kota
Indonesia,2013,Lampung,Tulang Bawang,,68.64,64.91,kota
Indonesia,2014,Lampung,Tulang Bawang,,68.94,65.83,kota
Indonesia,2015,Lampung,Tulang Bawang,,69.14,66.08,kota
Indonesia,2016,Lampung,Tulang Bawang,,69.28,66.74,kota
Indonesia,2017,Lampung,Tulang Bawang,,69.41,67.07,kota
Indonesia,2018,Lampung,Tulang Bawang,,69.59,67.7,kota
Indonesia,2019,Lampung,Tulang Bawang,15.39,69.88,68.23,kota
Indonesia,2020,Lampung,Tulang Bawang,,69.97,68.52,kota
Indonesia,2021,Lampung,Tulang Bawang,9.5,70.01,68.73,kota
Indonesia,2022,Lampung,Tulang Bawang,10.2,70.22,69.53,kota
Indonesia,2023,Lampung,Tulang Bawang,9.8,70.42,70.02,kota
Indonesia,2024,Lampung,Tulang Bawang,,70.56,70.66,kota
Indonesia,2013,Lampung,Tulang Bawang Barat,,68.66,61.46,kota
Indonesia,2014,Lampung,Tulang Bawang Barat,,68.98,62.46,kota
Indonesia,2015,Lampung,Tulang Bawang Barat,,69.08,63.01,kota
Indonesia,2016,Lampung,Tulang Bawang Barat,,69.21,63.77,kota
Indonesia,2017,Lampung,Tulang Bawang Barat,,69.35,64.58,kota
Indonesia,2018,Lampung,Tulang Bawang Barat,,69.56,65.3,kota
Indonesia,2019,Lampung,Tulang Bawang Barat,,69.88,65.93,kota
Indonesia,2020,Lampung,Tulang Bawang Barat,,70.0,65.97,kota
Indonesia,2021,Lampung,Tulang Bawang Barat,22.1,70.03,66.22,kota
Indonesia,2022,Lampung,Tulang Bawang Barat,,70.23,67.13,kota
Indonesia,2023,Lampung,Tulang Bawang Barat,,70.42,67.81,kota
Indonesia,2024,Lampung,Tulang Bawang Barat,13.4,70.64,68.46,kota
Indonesia,2013,Lampung,Way Kanan,,67.89,63.92,kota
Indonesia,2014,Lampung,Way Kanan,,68.21,64.32,kota
Indonesia,2015,Lampung,Way Kanan,,68.41,65.18,kota
Indonesia,2016,Lampung,Way Kanan,,68.58,65.74,kota
Indonesia,2017,Lampung,Way Kanan,,68.74,65.97,kota
Indonesia,2018,Lampung,Way Kanan,,68.95,66.63,kota
Indonesia,2019,Lampung,Way Kanan,18.95,69.27,67.19,kota
Indonesia,2020,Lampung,Way Kanan,,69.4,67.44,kota
Indonesia,2021,Lampung,Way Kanan,20.7,69.46,67.57,kota
Indonesia,2022,Lampung,Way Kanan,18.4,69.69,68.04,kota
Indonesia,2023,Lampung,Way Kanan,22.7,69.91,68.63,kota
Indonesia,2024,Lampung,Way Kanan,13.9,70.16,69.31,kota
Indonesia,2013,Maluku,Buru,,65.13,64.31,kota
Indonesia,2014,Maluku,Buru,,65.5,65.15,kota
Indonesia,2015,Maluku,Buru,,65.6,65.75,kota
Indonesia,2016,Maluku,Buru,,65.82,66.63,kota
Indonesia,2017,Maluku,Buru,,66.03,67.61,kota
Indonesia,2018,Maluku,Buru,,66.16,68.25,kota
Indonesia,2019,Maluku,Buru,33.3,66.32,68.91,kota
Indonesia,2020,Maluku,Buru,,66.41,68.95,kota
Indonesia,2021,Maluku,Buru,31.7,66.44,69.33,kota
Indonesia,2022,Maluku,Buru,23.3,66.72,69.94,kota
Indonesia,2023,Maluku,Buru,20.3,67.03,70.56,kota
Indonesia,2024,Maluku,Buru,25.4,67.21,71.01,kota
Indonesia,2013,Maluku,Buru Selatan,,65.04,59.89,kota
Indonesia,2014,Maluku,Buru Selatan,,65.36,60.74,kota
Indonesia,2015,Maluku,Buru Selatan,,65.46,61.48,kota
Indonesia,2016,Maluku,Buru Selatan,,65.6,62.19,kota
Indonesia,2017,Maluku,Buru Selatan,,65.74,62.75,kota
Indonesia,2018,Maluku,Buru Selatan,,65.92,63.62,kota
Indonesia,2019,Maluku,Buru Selatan,41.56,66.13,64.42,kota
Indonesia,2020,Maluku,Buru Selatan,,66.27,64.69,kota
Indonesia,2021,Maluku,Buru Selatan,39.1,66.36,64.8,kota
Indonesia,2022,Maluku,Buru Selatan,41.6,66.69,65.37,kota
Indonesia,2023,Maluku,Buru Selatan,35.5,66.96,66.23,kota
Indonesia,2024,Maluku,Buru Selatan,39.7,67.15,67.09,kota
Indonesia,2013,Maluku,Kepulauan Aru,,61.26,59.62,kota
Indonesia,2014,Maluku,Kepulauan Aru,,61.57,59.91,kota
Indonesia,2015,Maluku,Kepulauan Aru,,61.97,60.5,kota
Indonesia,2016,Maluku,Kepulauan Aru,,62.16,61.32,kota
Indonesia,2017,Maluku,Kepulauan Aru,,62.34,62.13,kota
Indonesia,2018,Maluku,Kepulauan Aru,,62.52,63.12,kota
Indonesia,2019,Maluku,Kepulauan Aru,42.12,62.73,63.64,kota
Indonesia,2020,Maluku,Kepulauan Aru,,62.87,63.71,kota
Indonesia,2021,Maluku,Kepulauan Aru,35.8,62.96,63.83,kota
Indonesia,2022,Maluku,Kepulauan Aru,28.1,63.29,64.21,kota
Indonesia,2023,Maluku,Kepulauan Aru,40.6,63.57,65.01,kota
Indonesia,2024,Maluku,Kepulauan Aru,37.6,63.76,65.83,kota
Indonesia,2013,Maluku,Kepulauan Tanimbar (Maluku Tenggara Barat),,62.21,59.34,kota
Indonesia,2014,Maluku,Kepulauan Tanimbar (Maluku Tenggara Barat),,62.5,59.81,kota
Indonesia,2015,Maluku,Kepulauan Tanimbar (Maluku Tenggara Barat),,62.8,60.26,kota
Indonesia,2016,Maluku,Kepulauan Tanimbar (Maluku Tenggara Barat),,62.93,61.12,kota
Indonesia,2017,Maluku,Kepulauan Tanimbar (Maluku Tenggara Barat),,63.06,61.64,kota
Indonesia,2018,Maluku,Kepulauan Tanimbar (Maluku Tenggara Barat),,63.19,62.39,kota
Indonesia,2019,Maluku,Kepulauan Tanimbar (Maluku Tenggara Barat),,63.34,62.86,kota
Indonesia,2020,Maluku,Kepulauan Tanimbar (Maluku Tenggara Barat),,63.42,62.86,kota
Indonesia,2021,Maluku,Kepulauan Tanimbar (Maluku Tenggara Barat),21.6,63.45,62.97,kota
Indonesia,2022,Maluku,Kepulauan Tanimbar (Maluku Tenggara Barat),,63.73,63.45,kota
Indonesia,2023,Maluku,Kepulauan Tanimbar (Maluku Tenggara Barat),,63.99,64.16,kota
Indonesia,2024,Maluku,Kepulauan Tanimbar (Maluku Tenggara Barat),,64.11,64.83,kota
Indonesia,2013,Maluku,Kota Ambon,,69.11,78.16,kota
Indonesia,2014,Maluku,Kota Ambon,,69.46,79.09,kota
Indonesia,2015,Maluku,Kota Ambon,,69.56,79.3,kota
Indonesia,2016,Maluku,Kota Ambon,,69.74,79.55,kota
Indonesia,2017,Maluku,Kota Ambon,,69.92,79.82,kota
Indonesia,2018,Maluku,Kota Ambon,,70.12,80.24,kota
Indonesia,2019,Maluku,Kota Ambon,20.08,70.35,80.81,kota
Indonesia,2020,Maluku,Kota Ambon,,70.52,80.84,kota
Indonesia,2021,Maluku,Kota Ambon,21.8,70.63,81.23,kota
Indonesia,2022,Maluku,Kota Ambon,21.1,71.0,81.63,kota
Indonesia,2023,Maluku,Kota Ambon,20.7,71.37,82.06,kota
Indonesia,2024,Maluku,Kota Ambon,19.7,71.62,82.56,kota
Indonesia,2013,Maluku,Kota Tual,,63.37,64.16,kota
Indonesia,2014,Maluku,Kota Tual,,63.76,64.95,kota
Indonesia,2015,Maluku,Kota Tual,,64.06,65.2,kota
Indonesia,2016,Maluku,Kota Tual,,64.33,65.64,kota
Indonesia,2017,Maluku,Kota Tual,,64.61,66.25,kota
Indonesia,2018,Maluku,Kota Tual,,64.89,67.21,kota
Indonesia,2019,Maluku,Kota Tual,26.43,65.21,67.74,kota
Indonesia,2020,Maluku,Kota Tual,,65.47,67.96,kota
Indonesia,2021,Maluku,Kota Tual,27.7,65.68,68.16,kota
Indonesia,2022,Maluku,Kota Tual,24.9,66.16,68.6,kota
Indonesia,2023,Maluku,Kota Tual,32.0,66.65,69.43,kota
Indonesia,2024,Maluku,Kota Tual,25.2,67.01,70.21,kota
Indonesia,2013,Maluku,Maluku Barat Daya,,60.28,57.34,kota
Indonesia,2014,Maluku,Maluku Barat Daya,,60.63,58.09,kota
Indonesia,2015,Maluku,Maluku Barat Daya,,61.13,58.64,kota
Indonesia,2016,Maluku,Maluku Barat Daya,,61.37,59.43,kota
Indonesia,2017,Maluku,Maluku Barat Daya,,61.62,60.16,kota
Indonesia,2018,Maluku,Maluku Barat Daya,,61.87,60.64,kota
Indonesia,2019,Maluku,Maluku Barat Daya,29.16,62.16,61.55,kota
Indonesia,2020,Maluku,Maluku Barat Daya,,62.38,61.9,kota
Indonesia,2021,Maluku,Maluku Barat Daya,29.6,62.55,62.37,kota
Indonesia,2022,Maluku,Maluku Barat Daya,25.7,62.98,63.07,kota
Indonesia,2023,Maluku,Maluku Barat Daya,29.9,63.39,63.93,kota
Indonesia,2024,Maluku,Maluku Barat Daya,23.8,63.7,64.86,kota
Indonesia,2013,Maluku,Maluku Tengah,,65.29,67.89,kota
Indonesia,2014,Maluku,Maluku Tengah,,65.59,68.69,kota
Indonesia,2015,Maluku,Maluku Tengah,,65.79,68.85,kota
Indonesia,2016,Maluku,Maluku Tengah,,65.93,69.54,kota
Indonesia,2017,Maluku,Maluku Tengah,,66.06,70.09,kota
Indonesia,2018,Maluku,Maluku Tengah,,66.19,70.6,kota
Indonesia,2019,Maluku,Maluku Tengah,31.43,66.34,71.25,kota
Indonesia,2020,Maluku,Maluku Tengah,,66.42,71.25,kota
Indonesia,2021,Maluku,Maluku Tengah,29.8,66.45,71.32,kota
Indonesia,2022,Maluku,Maluku Tengah,27.0,66.73,71.81,kota
Indonesia,2023,Maluku,Maluku Tengah,29.4,67.04,72.45,kota
Indonesia,2024,Maluku,Maluku Tengah,27.0,67.26,73.21,kota
Indonesia,2013,Maluku,Maluku Tenggara,,63.66,62.11,kota
Indonesia,2014,Maluku,Maluku Tenggara,,63.98,62.74,kota
Indonesia,2015,Maluku,Maluku Tenggara,,64.28,63.35,kota
Indonesia,2016,Maluku,Maluku Tenggara,,64.45,64.2,kota
Indonesia,2017,Maluku,Maluku Tenggara,,64.61,64.94,kota
Indonesia,2018,Maluku,Maluku Tenggara,,64.77,65.53,kota
Indonesia,2019,Maluku,Maluku Tenggara,35.21,64.95,65.85,kota
Indonesia,2020,Maluku,Maluku Tenggara,,65.07,66.2,kota
Indonesia,2021,Maluku,Maluku Tenggara,21.6,65.14,66.33,kota
Indonesia,2022,Maluku,Maluku Tenggara,,65.46,66.88,kota
Indonesia,2023,Maluku,Maluku Tenggara,34.0,65.78,67.57,kota
Indonesia,2024,Maluku,Maluku Tenggara,28.1,66.02,68.24,kota
Indonesia,2013,Maluku,Seram Bagian Barat,,59.59,61.79,kota
Indonesia,2014,Maluku,Seram Bagian Barat,,59.9,62.39,kota
Indonesia,2015,Maluku,Seram Bagian Barat,,60.5,63.02,kota
Indonesia,2016,Maluku,Seram Bagian Barat,,60.72,63.76,kota
Indonesia,2017,Maluku,Seram Bagian Barat,,60.96,64.34,kota
Indonesia,2018,Maluku,Seram Bagian Barat,,61.2,65.14,kota
Indonesia,2019,Maluku,Seram Bagian Barat,26.14,61.48,65.49,kota
Indonesia,2020,Maluku,Seram Bagian Barat,,61.69,65.62,kota
Indonesia,2021,Maluku,Seram Bagian Barat,28.7,61.85,65.83,kota
Indonesia,2022,Maluku,Seram Bagian Barat,27.5,62.25,66.67,kota
Indonesia,2023,Maluku,Seram Bagian Barat,31.4,62.61,67.56,kota
Indonesia,2024,Maluku,Seram Bagian Barat,33.8,62.9,68.39,kota
Indonesia,2013,Maluku,Seram Bagian Timur,,57.36,58.88,kota
Indonesia,2014,Maluku,Seram Bagian Timur,,57.7,59.5,kota
Indonesia,2015,Maluku,Seram Bagian Timur,,58.1,60.27,kota
Indonesia,2016,Maluku,Seram Bagian Timur,,58.32,61.15,kota
Indonesia,2017,Maluku,Seram Bagian Timur,,58.56,62.06,kota
Indonesia,2018,Maluku,Seram Bagian Timur,,58.84,62.98,kota
Indonesia,2019,Maluku,Seram Bagian Timur,40.54,59.16,63.74,kota
Indonesia,2020,Maluku,Seram Bagian Timur,,59.41,64.12,kota
Indonesia,2021,Maluku,Seram Bagian Timur,41.9,59.62,64.3,kota
Indonesia,2022,Maluku,Seram Bagian Timur,24.1,60.06,65.05,kota
Indonesia,2023,Maluku,Seram Bagian Timur,27.5,60.46,65.82,kota
Indonesia,2024,Maluku,Seram Bagian Timur,35.0,60.8,66.24,kota
Indonesia,2013,Maluku Utara,Halmahera Barat,,64.87,61.47,kota
Indonesia,2014,Maluku Utara,Halmahera Barat,,65.15,62.06,kota
Indonesia,2015,Maluku Utara,Halmahera Barat,,65.35,62.97,kota
Indonesia,2016,Maluku Utara,Halmahera Barat,,65.45,63.83,kota
Indonesia,2017,Maluku Utara,Halmahera Barat,,65.55,64.19,kota
Indonesia,2018,Maluku Utara,Halmahera Barat,,65.78,64.54,kota
Indonesia,2019,Maluku Utara,Halmahera Barat,23.09,66.13,65.34,kota
Indonesia,2020,Maluku Utara,Halmahera Barat,,66.25,65.31,kota
Indonesia,2021,Maluku Utara,Halmahera Barat,30.0,66.34,65.56,kota
Indonesia,2022,Maluku Utara,Halmahera Barat,23.9,66.64,66.2,kota
Indonesia,2023,Maluku Utara,Halmahera Barat,26.1,66.91,66.91,kota
Indonesia,2024,Maluku Utara,Halmahera Barat,22.1,67.13,67.53,kota
Indonesia,2013,Maluku Utara,Halmahera Selatan,,64.65,59.92,kota
Indonesia,2014,Maluku Utara,Halmahera Selatan,,64.93,60.34,kota
Indonesia,2015,Maluku Utara,Halmahera Selatan,,65.03,61.26,kota
Indonesia,2016,Maluku Utara,Halmahera Selatan,,65.11,62.17,kota
Indonesia,2017,Maluku Utara,Halmahera Selatan,,65.2,62.64,kota
Indonesia,2018,Maluku Utara,Halmahera Selatan,,65.42,63.39,kota
Indonesia,2019,Maluku Utara,Halmahera Selatan,37.79,65.75,64.11,kota
Indonesia,2020,Maluku Utara,Halmahera Selatan,,65.86,63.84,kota
Indonesia,2021,Maluku Utara,Halmahera Selatan,33.7,65.93,64.19,kota
Indonesia,2022,Maluku Utara,Halmahera Selatan,31.4,66.22,65.06,kota
Indonesia,2023,Maluku Utara,Halmahera Selatan,30.4,66.5,65.83,kota
Indonesia,2024,Maluku Utara,Halmahera Selatan,32.3,66.71,66.66,kota
Indonesia,2013,Maluku Utara,Halmahera Tengah,,61.86,60.89,kota
Indonesia,2014,Maluku Utara,Halmahera Tengah,,62.2,61.49,kota
Indonesia,2015,Maluku Utara,Halmahera Tengah,,62.4,62.07,kota
Indonesia,2016,Maluku Utara,Halmahera Tengah,,62.6,63.05,kota
Indonesia,2017,Maluku Utara,Halmahera Tengah,,62.8,63.89,kota
Indonesia,2018,Maluku Utara,Halmahera Tengah,,63.16,64.66,kota
Indonesia,2019,Maluku Utara,Halmahera Tengah,27.87,63.65,65.55,kota
Indonesia,2020,Maluku Utara,Halmahera Tengah,,63.91,65.42,kota
Indonesia,2021,Maluku Utara,Halmahera Tengah,29.1,64.15,65.82,kota
Indonesia,2022,Maluku Utara,Halmahera Tengah,32.2,64.61,66.49,kota
Indonesia,2023,Maluku Utara,Halmahera Tengah,29.5,65.06,67.48,kota
Indonesia,2024,Maluku Utara,Halmahera Tengah,19.7,65.35,68.45,kota
Indonesia,2013,Maluku Utara,Halmahera Timur,,66.87,62.71,kota
Indonesia,2014,Maluku Utara,Halmahera Timur,,67.19,63.26,kota
Indonesia,2015,Maluku Utara,Halmahera Timur,,67.49,63.99,kota
Indonesia,2016,Maluku Utara,Halmahera Timur,,67.67,64.92,kota
Indonesia,2017,Maluku Utara,Halmahera Timur,,67.85,65.77,kota
Indonesia,2018,Maluku Utara,Halmahera Timur,,68.19,66.2,kota
Indonesia,2019,Maluku Utara,Halmahera Timur,30.38,68.64,66.74,kota
Indonesia,2020,Maluku Utara,Halmahera Timur,,68.88,66.75,kota
Indonesia,2021,Maluku Utara,Halmahera Timur,32.7,69.08,67.0,kota
Indonesia,2022,Maluku Utara,Halmahera Timur,32.3,69.5,67.93,kota
Indonesia,2023,Maluku Utara,Halmahera Timur,19.0,69.9,68.82,kota
Indonesia,2024,Maluku Utara,Halmahera Timur,24.3,70.04,69.58,kota
Indonesia,2013,Maluku Utara,Halmahera Utara,,68.39,63.81,kota
Indonesia,2014,Maluku Utara,Halmahera Utara,,68.67,64.18,kota
Indonesia,2015,Maluku Utara,Halmahera Utara,,68.77,65.04,kota
Indonesia,2016,Maluku Utara,Halmahera Utara,,68.86,66.02,kota
Indonesia,2017,Maluku Utara,Halmahera Utara,,68.94,66.52,kota
Indonesia,2018,Maluku Utara,Halmahera Utara,,69.15,67.3,kota
Indonesia,2019,Maluku Utara,Halmahera Utara,30.62,69.47,67.75,kota
Indonesia,2020,Maluku Utara,Halmahera Utara,,69.56,67.5,kota
Indonesia,2021,Maluku Utara,Halmahera Utara,30.5,69.61,67.82,kota
Indonesia,2022,Maluku Utara,Halmahera Utara,24.9,69.88,68.38,kota
Indonesia,2023,Maluku Utara,Halmahera Utara,24.3,70.11,69.05,kota
Indonesia,2024,Maluku Utara,Halmahera Utara,21.8,70.35,69.78,kota
Indonesia,2013,Maluku Utara,Kepulauan Sula,,61.99,59.77,kota
Indonesia,2014,Maluku Utara,Kepulauan Sula,,62.29,60.18,kota
Indonesia,2015,Maluku Utara,Kepulauan Sula,,62.39,60.5,kota
Indonesia,2016,Maluku Utara,Kepulauan Sula,,62.5,61.25,kota
Indonesia,2017,Maluku Utara,Kepulauan Sula,,62.6,62.04,kota
Indonesia,2018,Maluku Utara,Kepulauan Sula,,62.83,62.96,kota
Indonesia,2019,Maluku Utara,Kepulauan Sula,27.3,63.18,63.64,kota
Indonesia,2020,Maluku Utara,Kepulauan Sula,,63.3,63.53,kota
Indonesia,2021,Maluku Utara,Kepulauan Sula,27.7,63.39,63.8,kota
Indonesia,2022,Maluku Utara,Kepulauan Sula,28.5,63.68,64.7,kota
Indonesia,2023,Maluku Utara,Kepulauan Sula,18.8,63.94,65.29,kota
Indonesia,2024,Maluku Utara,Kepulauan Sula,22.5,64.22,65.99,kota
Indonesia,2013,Maluku Utara,Kota Ternate,,69.67,76.69,kota
Indonesia,2014,Maluku Utara,Kota Ternate,,69.97,77.15,kota
Indonesia,2015,Maluku Utara,Kota Ternate,,70.07,77.64,kota
Indonesia,2016,Maluku Utara,Kota Ternate,,70.17,77.8,kota
Indonesia,2017,Maluku Utara,Kota Ternate,,70.27,78.48,kota
Indonesia,2018,Maluku Utara,Kota Ternate,,70.5,79.13,kota
Indonesia,2019,Maluku Utara,Kota Ternate,,70.85,80.03,kota
Indonesia,2020,Maluku Utara,Kota Ternate,,70.97,79.82,kota
Indonesia,2021,Maluku Utara,Kota Ternate,24.0,71.06,80.14,kota
Indonesia,2022,Maluku Utara,Kota Ternate,,71.38,80.81,kota
Indonesia,2023,Maluku Utara,Kota Ternate,21.1,71.7,81.35,kota
Indonesia,2024,Maluku Utara,Kota Ternate,16.6,71.98,82.12,kota
Indonesia,2013,Maluku Utara,Kota Tidore Kepulauan,,68.04,66.25,kota
Indonesia,2014,Maluku Utara,Kota Tidore Kepulauan,,68.33,66.76,kota
Indonesia,2015,Maluku Utara,Kota Tidore Kepulauan,,68.43,67.45,kota
Indonesia,2016,Maluku Utara,Kota Tidore Kepulauan,,68.54,68.37,kota
Indonesia,2017,Maluku Utara,Kota Tidore Kepulauan,,68.64,69.25,kota
Indonesia,2018,Maluku Utara,Kota Tidore Kepulauan,,68.87,69.89,kota
Indonesia,2019,Maluku Utara,Kota Tidore Kepulauan,,69.22,70.83,kota
Indonesia,2020,Maluku Utara,Kota Tidore Kepulauan,,69.34,70.53,kota
Indonesia,2021,Maluku Utara,Kota Tidore Kepulauan,25.1,69.43,70.99,kota
Indonesia,2022,Maluku Utara,Kota Tidore Kepulauan,,69.75,71.55,kota
Indonesia,2023,Maluku Utara,Kota Tidore Kepulauan,21.3,70.1,72.4,kota
Indonesia,2024,Maluku Utara,Kota Tidore Kepulauan,,70.22,72.91,kota
Indonesia,2013,Maluku Utara,Pulau Morotai,,65.46,57.97,kota
Indonesia,2014,Maluku Utara,Pulau Morotai,,65.78,58.34,kota
Indonesia,2015,Maluku Utara,Pulau Morotai,,65.98,59.27,kota
Indonesia,2016,Maluku Utara,Pulau Morotai,,66.13,59.87,kota
Indonesia,2017,Maluku Utara,Pulau Morotai,,66.28,60.71,kota
Indonesia,2018,Maluku Utara,Pulau Morotai,,66.58,61.39,kota
Indonesia,2019,Maluku Utara,Pulau Morotai,34.98,66.99,62.38,kota
Indonesia,2020,Maluku Utara,Pulau Morotai,,67.18,62.5,kota
Indonesia,2021,Maluku Utara,Pulau Morotai,28.3,67.35,62.9,kota
Indonesia,2022,Maluku Utara,Pulau Morotai,31.2,67.74,63.8,kota
Indonesia,2023,Maluku Utara,Pulau Morotai,11.7,68.1,64.73,kota
Indonesia,2024,Maluku Utara,Pulau Morotai,17.7,68.39,65.68,kota
Indonesia,2013,Maluku Utara,Pulau Taliabu,,60.67,56.86,kota
Indonesia,2014,Maluku Utara,Pulau Taliabu,,60.98,57.31,kota
Indonesia,2015,Maluku Utara,Pulau Taliabu,,61.08,58.26,kota
Indonesia,2016,Maluku Utara,Pulau Taliabu,,61.2,58.66,kota
Indonesia,2017,Maluku Utara,Pulau Taliabu,,61.32,59.03,kota
Indonesia,2018,Maluku Utara,Pulau Taliabu,,61.58,59.67,kota
Indonesia,2019,Maluku Utara,Pulau Taliabu,31.03,61.95,60.62,kota
Indonesia,2020,Maluku Utara,Pulau Taliabu,,62.1,60.48,kota
Indonesia,2021,Maluku Utara,Pulau Taliabu,35.2,62.22,60.73,kota
Indonesia,2022,Maluku Utara,Pulau Taliabu,23.7,62.53,61.64,kota
Indonesia,2023,Maluku Utara,Pulau Taliabu,30.6,62.79,62.31,kota
Indonesia,2024,Maluku Utara,Pulau Taliabu,24.9,63.05,62.9,kota
Indonesia,2013,Nusa Tenggara Barat (NTB),Bima,,64.42,62.08,kota
Indonesia,2014,Nusa Tenggara Barat (NTB),Bima,,64.56,62.61,kota
Indonesia,2015,Nusa Tenggara Barat (NTB),Bima,,64.86,63.48,kota
Indonesia,2016,Nusa Tenggara Barat (NTB),Bima,,65.13,64.15,kota
Indonesia,2017,Nusa Tenggara Barat (NTB),Bima,,65.4,65.01,kota
Indonesia,2018,Nusa Tenggara Barat (NTB),Bima,,65.71,65.62,kota
Indonesia,2019,Nusa Tenggara Barat (NTB),Bima,33.56,66.11,66.37,kota
Indonesia,2019,Nusa Tenggara Barat (NTB),Bima,33.56,66.11,66.37,kota
Indonesia,2020,Nusa Tenggara Barat (NTB),Bima,,66.33,66.3,kota
Indonesia,2021,Nusa Tenggara Barat (NTB),Bima,23.7,66.5,66.66,kota
Indonesia,2021,Nusa Tenggara Barat (NTB),Bima,23.7,66.5,66.66,kota
Indonesia,2022,Nusa Tenggara Barat (NTB),Bima,29.5,66.87,67.57,kota
Indonesia,2022,Nusa Tenggara Barat (NTB),Bima,29.5,66.87,67.57,kota
Indonesia,2023,Nusa Tenggara Barat (NTB),Bima,36.7,67.27,68.28,kota
Indonesia,2023,Nusa Tenggara Barat (NTB),Bima,36.7,67.27,68.28,kota
Indonesia,2024,Nusa Tenggara Barat (NTB),Bima,23.8,67.52,68.94,kota
Indonesia,2024,Nusa Tenggara Barat (NTB),Bima,23.8,67.52,68.94,kota
Indonesia,2013,Nusa Tenggara Barat (NTB),Dompu,,64.92,63.16,kota
Indonesia,2014,Nusa Tenggara Barat (NTB),Dompu,,65.06,63.53,kota
Indonesia,2015,Nusa Tenggara Barat (NTB),Dompu,,65.36,64.56,kota
Indonesia,2016,Nusa Tenggara Barat (NTB),Dompu,,65.62,65.48,kota
Indonesia,2017,Nusa Tenggara Barat (NTB),Dompu,,65.89,66.33,kota
Indonesia,2018,Nusa Tenggara Barat (NTB),Dompu,,66.2,66.97,kota
Indonesia,2019,Nusa Tenggara Barat (NTB),Dompu,41.49,66.6,67.83,kota
Indonesia,2020,Nusa Tenggara Barat (NTB),Dompu,,66.82,67.84,kota
Indonesia,2021,Nusa Tenggara Barat (NTB),Dompu,31.5,66.99,68.45,kota
Indonesia,2022,Nusa Tenggara Barat (NTB),Dompu,34.5,67.36,69.15,kota
Indonesia,2023,Nusa Tenggara Barat (NTB),Dompu,12.4,67.76,69.98,kota
Indonesia,2024,Nusa Tenggara Barat (NTB),Dompu,19.8,67.99,70.78,kota
Indonesia,2013,Nusa Tenggara Barat (NTB),Kota Bima,,68.88,71.72,kota
Indonesia,2014,Nusa Tenggara Barat (NTB),Kota Bima,,69.03,72.23,kota
Indonesia,2015,Nusa Tenggara Barat (NTB),Kota Bima,,69.12,72.99,kota
Indonesia,2016,Nusa Tenggara Barat (NTB),Kota Bima,,69.35,73.67,kota
Indonesia,2017,Nusa Tenggara Barat (NTB),Kota Bima,,69.58,74.36,kota
Indonesia,2018,Nusa Tenggara Barat (NTB),Kota Bima,,69.84,75.04,kota
Indonesia,2019,Nusa Tenggara Barat (NTB),Kota Bima,33.62,70.2,75.8,kota
Indonesia,2020,Nusa Tenggara Barat (NTB),Kota Bima,,70.38,75.81,kota
Indonesia,2021,Nusa Tenggara Barat (NTB),Kota Bima,23.7,70.5,76.11,kota
Indonesia,2022,Nusa Tenggara Barat (NTB),Kota Bima,31.2,70.83,76.84,kota
Indonesia,2023,Nusa Tenggara Barat (NTB),Kota Bima,31.8,71.19,77.36,kota
Indonesia,2024,Nusa Tenggara Barat (NTB),Kota Bima,28.4,71.41,78.04,kota
Indonesia,2013,Nusa Tenggara Barat (NTB),Kota Mataram,,70.03,75.22,kota
Indonesia,2014,Nusa Tenggara Barat (NTB),Kota Mataram,,70.18,75.93,kota
Indonesia,2015,Nusa Tenggara Barat (NTB),Kota Mataram,,70.43,76.37,kota
Indonesia,2016,Nusa Tenggara Barat (NTB),Kota Mataram,,70.7,77.2,kota
Indonesia,2017,Nusa Tenggara Barat (NTB),Kota Mataram,,70.98,77.84,kota
Indonesia,2018,Nusa Tenggara Barat (NTB),Kota Mataram,,71.24,78.43,kota
Indonesia,2019,Nusa Tenggara Barat (NTB),Kota Mataram,28.64,71.59,79.1,kota
Indonesia,2020,Nusa Tenggara Barat (NTB),Kota Mataram,,71.76,78.91,kota
Indonesia,2021,Nusa Tenggara Barat (NTB),Kota Mataram,25.3,71.88,79.14,kota
Indonesia,2022,Nusa Tenggara Barat (NTB),Kota Mataram,25.8,72.2,79.59,kota
Indonesia,2023,Nusa Tenggara Barat (NTB),Kota Mataram,25.6,72.55,80.09,kota
Indonesia,2024,Nusa Tenggara Barat (NTB),Kota Mataram,23.5,72.75,80.6,kota
Indonesia,2013,Nusa Tenggara Barat (NTB),Lombok Barat,,64.36,62.91,kota
Indonesia,2014,Nusa Tenggara Barat (NTB),Lombok Barat,,64.5,63.52,kota
Indonesia,2015,Nusa Tenggara Barat (NTB),Lombok Barat,,65.1,64.62,kota
Indonesia,2016,Nusa Tenggara Barat (NTB),Lombok Barat,,65.44,65.55,kota
Indonesia,2017,Nusa Tenggara Barat (NTB),Lombok Barat,,65.78,66.37,kota
Indonesia,2018,Nusa Tenggara Barat (NTB),Lombok Barat,,66.16,67.18,kota
Indonesia,2019,Nusa Tenggara Barat (NTB),Lombok Barat,36.3,66.64,68.03,kota
Indonesia,2020,Nusa Tenggara Barat (NTB),Lombok Barat,,66.94,68.2,kota
Indonesia,2021,Nusa Tenggara Barat (NTB),Lombok Barat,28.9,67.19,68.61,kota
Indonesia,2022,Nusa Tenggara Barat (NTB),Lombok Barat,34.0,67.63,69.41,kota
Indonesia,2023,Nusa Tenggara Barat (NTB),Lombok Barat,19.9,68.08,70.15,kota
Indonesia,2024,Nusa Tenggara Barat (NTB),Lombok Barat,27.3,68.35,70.67,kota
Indonesia,2013,Nusa Tenggara Barat (NTB),Lombok Tengah,,64.3,61.25,kota
Indonesia,2014,Nusa Tenggara Barat (NTB),Lombok Tengah,,64.45,61.88,kota
Indonesia,2015,Nusa Tenggara Barat (NTB),Lombok Tengah,,64.75,62.74,kota
Indonesia,2016,Nusa Tenggara Barat (NTB),Lombok Tengah,,65.01,63.22,kota
Indonesia,2017,Nusa Tenggara Barat (NTB),Lombok Tengah,,65.28,64.36,kota
Indonesia,2018,Nusa Tenggara Barat (NTB),Lombok Tengah,,65.59,65.36,kota
Indonesia,2019,Nusa Tenggara Barat (NTB),Lombok Tengah,45.25,65.99,66.36,kota
Indonesia,2020,Nusa Tenggara Barat (NTB),Lombok Tengah,,66.21,66.43,kota
Indonesia,2021,Nusa Tenggara Barat (NTB),Lombok Tengah,32.1,66.38,66.72,kota
Indonesia,2022,Nusa Tenggara Barat (NTB),Lombok Tengah,37.0,66.75,67.57,kota
Indonesia,2023,Nusa Tenggara Barat (NTB),Lombok Tengah,17.6,67.12,68.4,kota
Indonesia,2024,Nusa Tenggara Barat (NTB),Lombok Tengah,24.9,67.32,69.17,kota
Indonesia,2013,Nusa Tenggara Barat (NTB),Lombok Timur,,63.9,61.43,kota
Indonesia,2014,Nusa Tenggara Barat (NTB),Lombok Timur,,64.04,62.07,kota
Indonesia,2015,Nusa Tenggara Barat (NTB),Lombok Timur,,64.44,62.83,kota
Indonesia,2016,Nusa Tenggara Barat (NTB),Lombok Timur,,64.73,63.7,kota
Indonesia,2017,Nusa Tenggara Barat (NTB),Lombok Timur,,65.01,64.37,kota
Indonesia,2018,Nusa Tenggara Barat (NTB),Lombok Timur,,65.33,65.35,kota
Indonesia,2019,Nusa Tenggara Barat (NTB),Lombok Timur,39.57,65.74,66.23,kota
Indonesia,2020,Nusa Tenggara Barat (NTB),Lombok Timur,,65.97,66.3,kota
Indonesia,2021,Nusa Tenggara Barat (NTB),Lombok Timur,37.6,66.16,66.66,kota
Indonesia,2022,Nusa Tenggara Barat (NTB),Lombok Timur,35.6,66.55,67.59,kota
Indonesia,2023,Nusa Tenggara Barat (NTB),Lombok Timur,27.6,66.95,68.41,kota
Indonesia,2024,Nusa Tenggara Barat (NTB),Lombok Timur,33.0,67.2,69.23,kota
Indonesia,2013,Nusa Tenggara Barat (NTB),Lombok Utara,,65.04,59.2,kota
Indonesia,2014,Nusa Tenggara Barat (NTB),Lombok Utara,,65.19,60.17,kota
Indonesia,2015,Nusa Tenggara Barat (NTB),Lombok Utara,,65.59,61.15,kota
Indonesia,2016,Nusa Tenggara Barat (NTB),Lombok Utara,,65.88,62.24,kota
Indonesia,2017,Nusa Tenggara Barat (NTB),Lombok Utara,,66.17,63.04,kota
Indonesia,2018,Nusa Tenggara Barat (NTB),Lombok Utara,,66.5,63.83,kota
Indonesia,2019,Nusa Tenggara Barat (NTB),Lombok Utara,41.36,66.92,64.49,kota
Indonesia,2020,Nusa Tenggara Barat (NTB),Lombok Utara,,67.17,64.42,kota
Indonesia,2021,Nusa Tenggara Barat (NTB),Lombok Utara,34.0,67.36,64.77,kota
Indonesia,2022,Nusa Tenggara Barat (NTB),Lombok Utara,35.9,67.75,65.7,kota
Indonesia,2023,Nusa Tenggara Barat (NTB),Lombok Utara,33.5,68.17,66.62,kota
Indonesia,2024,Nusa Tenggara Barat (NTB),Lombok Utara,35.3,68.43,67.24,kota
Indonesia,2013,Nusa Tenggara Barat (NTB),Sumbawa,,65.58,62.44,kota
Indonesia,2014,Nusa Tenggara Barat (NTB),Sumbawa,,65.72,62.88,kota
Indonesia,2015,Nusa Tenggara Barat (NTB),Sumbawa,,66.02,63.91,kota
Indonesia,2016,Nusa Tenggara Barat (NTB),Sumbawa,,66.3,64.89,kota
Indonesia,2017,Nusa Tenggara Barat (NTB),Sumbawa,,66.58,65.84,kota
Indonesia,2018,Nusa Tenggara Barat (NTB),Sumbawa,,66.9,66.77,kota
Indonesia,2019,Nusa Tenggara Barat (NTB),Sumbawa,28.99,67.31,67.6,kota
Indonesia,2020,Nusa Tenggara Barat (NTB),Sumbawa,,67.54,67.61,kota
Indonesia,2021,Nusa Tenggara Barat (NTB),Sumbawa,29.7,67.73,68.01,kota
Indonesia,2022,Nusa Tenggara Barat (NTB),Sumbawa,29.7,68.12,68.89,kota
Indonesia,2023,Nusa Tenggara Barat (NTB),Sumbawa,25.7,68.54,69.87,kota
Indonesia,2024,Nusa Tenggara Barat (NTB),Sumbawa,29.8,68.81,70.55,kota
Indonesia,2013,Nusa Tenggara Barat (NTB),Sumbawa Barat,,65.69,66.86,kota
Indonesia,2014,Nusa Tenggara Barat (NTB),Sumbawa Barat,,65.85,67.19,kota
Indonesia,2015,Nusa Tenggara Barat (NTB),Sumbawa Barat,,66.35,68.38,kota
Indonesia,2016,Nusa Tenggara Barat (NTB),Sumbawa Barat,,66.66,69.26,kota
Indonesia,2017,Nusa Tenggara Barat (NTB),Sumbawa Barat,,66.98,70.08,kota
Indonesia,2018,Nusa Tenggara Barat (NTB),Sumbawa Barat,,67.34,70.71,kota
Indonesia,2019,Nusa Tenggara Barat (NTB),Sumbawa Barat,42.73,67.8,71.52,kota
Indonesia,2020,Nusa Tenggara Barat (NTB),Sumbawa Barat,,68.07,71.63,kota
Indonesia,2021,Nusa Tenggara Barat (NTB),Sumbawa Barat,23.6,68.31,71.85,kota
Indonesia,2022,Nusa Tenggara Barat (NTB),Sumbawa Barat,13.9,68.74,72.65,kota
Indonesia,2023,Nusa Tenggara Barat (NTB),Sumbawa Barat,10.5,69.2,73.17,kota
Indonesia,2024,Nusa Tenggara Barat (NTB),Sumbawa Barat,18.2,69.54,73.86,kota
Indonesia,2013,Nusa Tenggara Timur (NTT),Alor,,59.71,57.52,kota
Indonesia,2014,Nusa Tenggara Timur (NTT),Alor,,59.73,58.0,kota
Indonesia,2015,Nusa Tenggara Timur (NTT),Alor,,60.23,58.5,kota
Indonesia,2016,Nusa Tenggara Timur (NTT),Alor,,60.35,58.99,kota
Indonesia,2017,Nusa Tenggara Timur (NTT),Alor,,60.47,59.61,kota
Indonesia,2018,Nusa Tenggara Timur (NTT),Alor,,60.8,60.14,kota
Indonesia,2019,Nusa Tenggara Timur (NTT),Alor,37.77,61.29,61.03,kota
Indonesia,2020,Nusa Tenggara Timur (NTT),Alor,,61.48,61.33,kota
Indonesia,2021,Nusa Tenggara Timur (NTT),Alor,44.8,61.64,61.37,kota
Indonesia,2022,Nusa Tenggara Timur (NTT),Alor,,61.99,62.26,kota
Indonesia,2023,Nusa Tenggara Timur (NTT),Alor,39.3,62.35,62.99,kota
Indonesia,2024,Nusa Tenggara Timur (NTT),Alor,37.4,62.62,63.82,kota
Indonesia,2013,Nusa Tenggara Timur (NTT),Belu,,62.26,59.12,kota
Indonesia,2014,Nusa Tenggara Timur (NTT),Belu,,62.31,59.72,kota
Indonesia,2015,Nusa Tenggara Timur (NTT),Belu,,63.01,60.54,kota
Indonesia,2016,Nusa Tenggara Timur (NTT),Belu,,63.21,61.04,kota
Indonesia,2017,Nusa Tenggara Timur (NTT),Belu,,63.42,61.44,kota
Indonesia,2018,Nusa Tenggara Timur (NTT),Belu,,63.81,61.86,kota
Indonesia,2019,Nusa Tenggara Timur (NTT),Belu,46.09,64.35,62.54,kota
Indonesia,2020,Nusa Tenggara Timur (NTT),Belu,,64.61,62.68,kota
Indonesia,2021,Nusa Tenggara Timur (NTT),Belu,39.9,64.89,62.77,kota
Indonesia,2022,Nusa Tenggara Timur (NTT),Belu,,65.28,63.22,kota
Indonesia,2023,Nusa Tenggara Timur (NTT),Belu,48.1,65.63,63.83,kota
Indonesia,2024,Nusa Tenggara Timur (NTT),Belu,44.3,65.93,64.43,kota
Indonesia,2013,Nusa Tenggara Timur (NTT),Ende,,64.24,64.64,kota
Indonesia,2014,Nusa Tenggara Timur (NTT),Ende,,64.27,65.25,kota
Indonesia,2015,Nusa Tenggara Timur (NTT),Ende,,64.37,65.54,kota
Indonesia,2016,Nusa Tenggara Timur (NTT),Ende,,64.42,65.74,kota
Indonesia,2017,Nusa Tenggara Timur (NTT),Ende,,64.48,66.11,kota
Indonesia,2018,Nusa Tenggara Timur (NTT),Ende,,64.75,66.62,kota
Indonesia,2019,Nusa Tenggara Timur (NTT),Ende,35.76,65.17,67.2,kota
Indonesia,2020,Nusa Tenggara Timur (NTT),Ende,,65.29,67.04,kota
Indonesia,2021,Nusa Tenggara Timur (NTT),Ende,27.2,65.43,67.3,kota
Indonesia,2022,Nusa Tenggara Timur (NTT),Ende,,65.76,67.97,kota
Indonesia,2023,Nusa Tenggara Timur (NTT),Ende,27.5,66.12,68.63,kota
Indonesia,2024,Nusa Tenggara Timur (NTT),Ende,30.7,66.3,69.11,kota
Indonesia,2013,Nusa Tenggara Timur (NTT),Flores Timur,,63.88,59.8,kota
Indonesia,2014,Nusa Tenggara Timur (NTT),Flores Timur,,63.88,60.42,kota
Indonesia,2015,Nusa Tenggara Timur (NTT),Flores Timur,,64.28,61.24,kota
Indonesia,2016,Nusa Tenggara Timur (NTT),Flores Timur,,64.36,61.9,kota
Indonesia,2017,Nusa Tenggara Timur (NTT),Flores Timur,,64.45,62.89,kota
Indonesia,2018,Nusa Tenggara Timur (NTT),Flores Timur,,64.7,63.55,kota
Indonesia,2019,Nusa Tenggara Timur (NTT),Flores Timur,36.28,65.1,64.34,kota
Indonesia,2020,Nusa Tenggara Timur (NTT),Flores Timur,,65.2,64.22,kota
Indonesia,2021,Nusa Tenggara Timur (NTT),Flores Timur,23.4,65.31,64.22,kota
Indonesia,2022,Nusa Tenggara Timur (NTT),Flores Timur,,65.62,64.93,kota
Indonesia,2023,Nusa Tenggara Timur (NTT),Flores Timur,37.2,65.96,65.79,kota
Indonesia,2024,Nusa Tenggara Timur (NTT),Flores Timur,31.3,66.21,66.29,kota
Indonesia,2013,Nusa Tenggara Timur (NTT),Kota Kupang,,68.09,77.24,kota
Indonesia,2014,Nusa Tenggara Timur (NTT),Kota Kupang,,68.14,77.58,kota
Indonesia,2015,Nusa Tenggara Timur (NTT),Kota Kupang,,68.34,77.95,kota
Indonesia,2016,Nusa Tenggara Timur (NTT),Kota Kupang,,68.46,78.14,kota
Indonesia,2017,Nusa Tenggara Timur (NTT),Kota Kupang,,68.58,78.25,kota
Indonesia,2018,Nusa Tenggara Timur (NTT),Kota Kupang,,68.9,78.84,kota
Indonesia,2019,Nusa Tenggara Timur (NTT),Kota Kupang,32.02,69.37,79.55,kota
Indonesia,2020,Nusa Tenggara Timur (NTT),Kota Kupang,,69.55,79.71,kota
Indonesia,2021,Nusa Tenggara Timur (NTT),Kota Kupang,26.1,69.73,79.74,kota
Indonesia,2022,Nusa Tenggara Timur (NTT),Kota Kupang,,70.11,80.2,kota
Indonesia,2023,Nusa Tenggara Timur (NTT),Kota Kupang,29.9,70.52,80.62,kota
Indonesia,2024,Nusa Tenggara Timur (NTT),Kota Kupang,26.9,70.84,81.08,kota
Indonesia,2013,Nusa Tenggara Timur (NTT),Kupang,,62.87,61.07,kota
Indonesia,2014,Nusa Tenggara Timur (NTT),Kupang,,62.97,61.68,kota
Indonesia,2015,Nusa Tenggara Timur (NTT),Kupang,,63.17,62.04,kota
Indonesia,2016,Nusa Tenggara Timur (NTT),Kupang,,63.33,62.39,kota
Indonesia,2017,Nusa Tenggara Timur (NTT),Kupang,,63.49,62.79,kota
Indonesia,2018,Nusa Tenggara Timur (NTT),Kupang,,63.86,63.55,kota
Indonesia,2019,Nusa Tenggara Timur (NTT),Kupang,50.35,64.39,64.43,kota
Indonesia,2020,Nusa Tenggara Timur (NTT),Kupang,,64.63,64.32,kota
Indonesia,2021,Nusa Tenggara Timur (NTT),Kupang,26.1,64.91,64.41,kota
Indonesia,2022,Nusa Tenggara Timur (NTT),Kupang,,65.28,65.04,kota
Indonesia,2023,Nusa Tenggara Timur (NTT),Kupang,38.4,65.64,65.82,kota
Indonesia,2024,Nusa Tenggara Timur (NTT),Kupang,39.5,65.95,66.57,kota
Indonesia,2013,Nusa Tenggara Timur (NTT),Lembata,,65.3,60.56,kota
Indonesia,2014,Nusa Tenggara Timur (NTT),Lembata,,65.35,61.45,kota
Indonesia,2015,Nusa Tenggara Timur (NTT),Lembata,,65.85,62.16,kota
Indonesia,2016,Nusa Tenggara Timur (NTT),Lembata,,66.02,62.81,kota
Indonesia,2017,Nusa Tenggara Timur (NTT),Lembata,,66.19,63.09,kota
Indonesia,2018,Nusa Tenggara Timur (NTT),Lembata,,66.57,63.96,kota
Indonesia,2019,Nusa Tenggara Timur (NTT),Lembata,34.6,66.97,64.91,kota
Indonesia,2020,Nusa Tenggara Timur (NTT),Lembata,,67.07,64.74,kota
Indonesia,2021,Nusa Tenggara Timur (NTT),Lembata,31.7,67.2,64.75,kota
Indonesia,2022,Nusa Tenggara Timur (NTT),Lembata,,67.52,65.47,kota
Indonesia,2023,Nusa Tenggara Timur (NTT),Lembata,35.1,67.87,66.12,kota
Indonesia,2024,Nusa Tenggara Timur (NTT),Lembata,25.7,68.12,66.62,kota
Indonesia,2013,Nusa Tenggara Timur (NTT),Malaka,,64.11,56.14,kota
Indonesia,2014,Nusa Tenggara Timur (NTT),Malaka,,64.15,56.94,kota
Indonesia,2015,Nusa Tenggara Timur (NTT),Malaka,,64.15,57.51,kota
Indonesia,2016,Nusa Tenggara Timur (NTT),Malaka,,64.27,58.29,kota
Indonesia,2017,Nusa Tenggara Timur (NTT),Malaka,,64.29,58.9,kota
Indonesia,2018,Nusa Tenggara Timur (NTT),Malaka,,64.52,59.66,kota
Indonesia,2019,Nusa Tenggara Timur (NTT),Malaka,51.0,64.89,60.34,kota
Indonesia,2020,Nusa Tenggara Timur (NTT),Malaka,,64.97,60.21,kota
Indonesia,2021,Nusa Tenggara Timur (NTT),Malaka,31.4,65.01,60.42,kota
Indonesia,2022,Nusa Tenggara Timur (NTT),Malaka,,65.34,61.34,kota
Indonesia,2023,Nusa Tenggara Timur (NTT),Malaka,47.7,65.67,62.06,kota
Indonesia,2024,Nusa Tenggara Timur (NTT),Malaka,31.6,65.99,62.73,kota
Indonesia,2013,Nusa Tenggara Timur (NTT),Manggarai,,64.75,59.49,kota
Indonesia,2014,Nusa Tenggara Timur (NTT),Manggarai,,64.78,60.08,kota
Indonesia,2015,Nusa Tenggara Timur (NTT),Manggarai,,65.48,60.87,kota
Indonesia,2016,Nusa Tenggara Timur (NTT),Manggarai,,65.66,61.67,kota
Indonesia,2017,Nusa Tenggara Timur (NTT),Manggarai,,65.84,62.24,kota
Indonesia,2018,Nusa Tenggara Timur (NTT),Manggarai,,66.23,63.32,kota
Indonesia,2019,Nusa Tenggara Timur (NTT),Manggarai,45.46,66.77,64.15,kota
Indonesia,2020,Nusa Tenggara Timur (NTT),Manggarai,,67.03,64.54,kota
Indonesia,2021,Nusa Tenggara Timur (NTT),Manggarai,33.1,67.11,65.01,kota
Indonesia,2022,Nusa Tenggara Timur (NTT),Manggarai,,67.38,65.83,kota
Indonesia,2023,Nusa Tenggara Timur (NTT),Manggarai,36.8,67.63,66.42,kota
Indonesia,2024,Nusa Tenggara Timur (NTT),Manggarai,41.0,67.89,67.28,kota
Indonesia,2013,Nusa Tenggara Timur (NTT),Manggarai Barat,,65.92,59.02,kota
Indonesia,2014,Nusa Tenggara Timur (NTT),Manggarai Barat,,65.98,59.64,kota
Indonesia,2015,Nusa Tenggara Timur (NTT),Manggarai Barat,,65.98,60.04,kota
Indonesia,2016,Nusa Tenggara Timur (NTT),Manggarai Barat,,66.19,60.63,kota
Indonesia,2017,Nusa Tenggara Timur (NTT),Manggarai Barat,,66.19,61.65,kota
Indonesia,2018,Nusa Tenggara Timur (NTT),Manggarai Barat,,66.58,62.58,kota
Indonesia,2019,Nusa Tenggara Timur (NTT),Manggarai Barat,56.8,67.12,63.5,kota
Indonesia,2020,Nusa Tenggara Timur (NTT),Manggarai Barat,,67.38,63.89,kota
Indonesia,2021,Nusa Tenggara Timur (NTT),Manggarai Barat,38.5,67.46,64.17,kota
Indonesia,2022,Nusa Tenggara Timur (NTT),Manggarai Barat,,67.73,64.92,kota
Indonesia,2023,Nusa Tenggara Timur (NTT),Manggarai Barat,36.2,68.0,65.81,kota
Indonesia,2024,Nusa Tenggara Timur (NTT),Manggarai Barat,31.1,68.3,66.65,kota
Indonesia,2013,Nusa Tenggara Timur (NTT),Manggarai Timur,,67.26,55.74,kota
Indonesia,2014,Nusa Tenggara Timur (NTT),Manggarai Timur,,67.27,56.58,kota
Indonesia,2015,Nusa Tenggara Timur (NTT),Manggarai Timur,,67.27,56.83,kota
Indonesia,2016,Nusa Tenggara Timur (NTT),Manggarai Timur,,67.39,57.5,kota
Indonesia,2017,Nusa Tenggara Timur (NTT),Manggarai Timur,,67.4,58.51,kota
Indonesia,2018,Nusa Tenggara Timur (NTT),Manggarai Timur,,67.62,59.49,kota
Indonesia,2019,Nusa Tenggara Timur (NTT),Manggarai Timur,42.73,67.98,60.47,kota
Indonesia,2020,Nusa Tenggara Timur (NTT),Manggarai Timur,,68.04,60.85,kota
Indonesia,2021,Nusa Tenggara Timur (NTT),Manggarai Timur,42.9,68.07,61.37,kota
Indonesia,2022,Nusa Tenggara Timur (NTT),Manggarai Timur,,68.29,62.3,kota
Indonesia,2023,Nusa Tenggara Timur (NTT),Manggarai Timur,43.7,68.49,63.24,kota
Indonesia,2024,Nusa Tenggara Timur (NTT),Manggarai Timur,38.8,68.69,64.2,kota
Indonesia,2013,Nusa Tenggara Timur (NTT),Nagekeo,,66.04,62.24,kota
Indonesia,2014,Nusa Tenggara Timur (NTT),Nagekeo,,66.05,62.71,kota
Indonesia,2015,Nusa Tenggara Timur (NTT),Nagekeo,,66.25,63.33,kota
Indonesia,2016,Nusa Tenggara Timur (NTT),Nagekeo,,66.31,63.93,kota
Indonesia,2017,Nusa Tenggara Timur (NTT),Nagekeo,,66.36,64.74,kota
Indonesia,2018,Nusa Tenggara Timur (NTT),Nagekeo,,66.62,65.35,kota
Indonesia,2019,Nusa Tenggara Timur (NTT),Nagekeo,34.6,67.03,65.88,kota
Indonesia,2020,Nusa Tenggara Timur (NTT),Nagekeo,,67.13,65.81,kota
Indonesia,2021,Nusa Tenggara Timur (NTT),Nagekeo,28.1,67.25,65.82,kota
Indonesia,2022,Nusa Tenggara Timur (NTT),Nagekeo,,67.56,66.22,kota
Indonesia,2023,Nusa Tenggara Timur (NTT),Nagekeo,24.9,67.91,67.07,kota
Indonesia,2024,Nusa Tenggara Timur (NTT),Nagekeo,25.0,68.17,67.72,kota
Indonesia,2013,Nusa Tenggara Timur (NTT),Ngada,,67.3,64.43,kota
Indonesia,2014,Nusa Tenggara Timur (NTT),Ngada,,67.32,64.64,kota
Indonesia,2015,Nusa Tenggara Timur (NTT),Ngada,,67.32,65.1,kota
Indonesia,2016,Nusa Tenggara Timur (NTT),Ngada,,67.34,65.61,kota
Indonesia,2017,Nusa Tenggara Timur (NTT),Ngada,,67.36,66.47,kota
Indonesia,2018,Nusa Tenggara Timur (NTT),Ngada,,67.59,67.1,kota
Indonesia,2019,Nusa Tenggara Timur (NTT),Ngada,17.06,67.96,67.76,kota
Indonesia,2020,Nusa Tenggara Timur (NTT),Ngada,,68.04,67.88,kota
Indonesia,2021,Nusa Tenggara Timur (NTT),Ngada,29.0,68.12,67.88,kota
Indonesia,2022,Nusa Tenggara Timur (NTT),Ngada,,68.4,68.26,kota
Indonesia,2023,Nusa Tenggara Timur (NTT),Ngada,21.3,68.71,69.14,kota
Indonesia,2024,Nusa Tenggara Timur (NTT),Ngada,28.9,68.92,69.52,kota
Indonesia,2013,Nusa Tenggara Timur (NTT),Rote Ndao,,62.67,57.28,kota
Indonesia,2014,Nusa Tenggara Timur (NTT),Rote Ndao,,62.86,57.82,kota
Indonesia,2015,Nusa Tenggara Timur (NTT),Rote Ndao,,62.86,58.32,kota
Indonesia,2016,Nusa Tenggara Timur (NTT),Rote Ndao,,63.13,59.28,kota
Indonesia,2017,Nusa Tenggara Timur (NTT),Rote Ndao,,63.41,60.51,kota
Indonesia,2018,Nusa Tenggara Timur (NTT),Rote Ndao,,63.8,61.51,kota
Indonesia,2019,Nusa Tenggara Timur (NTT),Rote Ndao,51.59,64.34,62.22,kota
Indonesia,2020,Nusa Tenggara Timur (NTT),Rote Ndao,,64.6,62.39,kota
Indonesia,2021,Nusa Tenggara Timur (NTT),Rote Ndao,40.1,64.88,62.6,kota
Indonesia,2022,Nusa Tenggara Timur (NTT),Rote Ndao,,65.26,63.21,kota
Indonesia,2023,Nusa Tenggara Timur (NTT),Rote Ndao,39.8,65.6,64.0,kota
Indonesia,2024,Nusa Tenggara Timur (NTT),Rote Ndao,32.4,65.85,64.59,kota
Indonesia,2013,Nusa Tenggara Timur (NTT),Sabu Raijua,,57.83,51.55,kota
Indonesia,2014,Nusa Tenggara Timur (NTT),Sabu Raijua,,57.98,52.51,kota
Indonesia,2015,Nusa Tenggara Timur (NTT),Sabu Raijua,,58.38,53.28,kota
Indonesia,2016,Nusa Tenggara Timur (NTT),Sabu Raijua,,58.69,54.16,kota
Indonesia,2017,Nusa Tenggara Timur (NTT),Sabu Raijua,,59.0,55.22,kota
Indonesia,2018,Nusa Tenggara Timur (NTT),Sabu Raijua,,59.53,55.79,kota
Indonesia,2019,Nusa Tenggara Timur (NTT),Sabu Raijua,46.66,60.23,56.66,kota
Indonesia,2020,Nusa Tenggara Timur (NTT),Sabu Raijua,,60.64,57.02,kota
Indonesia,2021,Nusa Tenggara Timur (NTT),Sabu Raijua,33.9,60.66,57.03,kota
Indonesia,2022,Nusa Tenggara Timur (NTT),Sabu Raijua,,60.87,57.9,kota
Indonesia,2023,Nusa Tenggara Timur (NTT),Sabu Raijua,36.9,61.06,58.89,kota
Indonesia,2024,Nusa Tenggara Timur (NTT),Sabu Raijua,32.2,61.27,59.58,kota
Indonesia,2013,Nusa Tenggara Timur (NTT),Sikka,,65.68,60.84,kota
Indonesia,2014,Nusa Tenggara Timur (NTT),Sikka,,65.7,61.36,kota
Indonesia,2015,Nusa Tenggara Timur (NTT),Sikka,,66.1,61.81,kota
Indonesia,2016,Nusa Tenggara Timur (NTT),Sikka,,66.2,62.42,kota
Indonesia,2017,Nusa Tenggara Timur (NTT),Sikka,,66.3,63.08,kota
Indonesia,2018,Nusa Tenggara Timur (NTT),Sikka,,66.61,63.89,kota
Indonesia,2019,Nusa Tenggara Timur (NTT),Sikka,34.42,67.07,64.75,kota
Indonesia,2020,Nusa Tenggara Timur (NTT),Sikka,,67.24,65.11,kota
Indonesia,2021,Nusa Tenggara Timur (NTT),Sikka,26.6,67.45,65.41,kota
Indonesia,2022,Nusa Tenggara Timur (NTT),Sikka,,67.86,66.06,kota
Indonesia,2023,Nusa Tenggara Timur (NTT),Sikka,33.3,68.3,66.89,kota
Indonesia,2024,Nusa Tenggara Timur (NTT),Sikka,32.3,68.52,67.41,kota
Indonesia,2013,Nusa Tenggara Timur (NTT),Sumba Barat,,66.07,60.55,kota
Indonesia,2014,Nusa Tenggara Timur (NTT),Sumba Barat,,66.11,60.9,kota
Indonesia,2015,Nusa Tenggara Timur (NTT),Sumba Barat,,66.11,61.36,kota
Indonesia,2016,Nusa Tenggara Timur (NTT),Sumba Barat,,66.15,61.85,kota
Indonesia,2017,Nusa Tenggara Timur (NTT),Sumba Barat,,66.2,62.3,kota
Indonesia,2018,Nusa Tenggara Timur (NTT),Sumba Barat,,66.58,62.91,kota
Indonesia,2019,Nusa Tenggara Timur (NTT),Sumba Barat,48.39,66.98,63.56,kota
Indonesia,2020,Nusa Tenggara Timur (NTT),Sumba Barat,,67.08,63.53,kota
Indonesia,2021,Nusa Tenggara Timur (NTT),Sumba Barat,37.0,67.12,63.83,kota
Indonesia,2022,Nusa Tenggara Timur (NTT),Sumba Barat,,67.35,64.43,kota
Indonesia,2023,Nusa Tenggara Timur (NTT),Sumba Barat,42.5,67.57,65.22,kota
Indonesia,2024,Nusa Tenggara Timur (NTT),Sumba Barat,35.2,67.72,66.06,kota
Indonesia,2013,Nusa Tenggara Timur (NTT),Sumba Barat Daya,,67.05,59.26,kota
Indonesia,2014,Nusa Tenggara Timur (NTT),Sumba Barat Daya,,67.08,59.9,kota
Indonesia,2015,Nusa Tenggara Timur (NTT),Sumba Barat Daya,,67.08,60.53,kota
Indonesia,2016,Nusa Tenggara Timur (NTT),Sumba Barat Daya,,67.71,61.31,kota
Indonesia,2017,Nusa Tenggara Timur (NTT),Sumba Barat Daya,,67.76,61.46,kota
Indonesia,2018,Nusa Tenggara Timur (NTT),Sumba Barat Daya,,68.02,61.89,kota
Indonesia,2019,Nusa Tenggara Timur (NTT),Sumba Barat Daya,46.42,68.43,62.6,kota
Indonesia,2020,Nusa Tenggara Timur (NTT),Sumba Barat Daya,,68.53,62.28,kota
Indonesia,2021,Nusa Tenggara Timur (NTT),Sumba Barat Daya,44.0,68.57,62.29,kota
Indonesia,2022,Nusa Tenggara Timur (NTT),Sumba Barat Daya,,68.79,63.15,kota
Indonesia,2023,Nusa Tenggara Timur (NTT),Sumba Barat Daya,44.3,68.99,63.74,kota
Indonesia,2024,Nusa Tenggara Timur (NTT),Sumba Barat Daya,47.5,69.2,64.27,kota
Indonesia,2013,Nusa Tenggara Timur (NTT),Sumba Tengah,,67.61,57.25,kota
Indonesia,2014,Nusa Tenggara Timur (NTT),Sumba Tengah,,67.65,57.6,kota
Indonesia,2015,Nusa Tenggara Timur (NTT),Sumba Tengah,,67.65,57.91,kota
Indonesia,2016,Nusa Tenggara Timur (NTT),Sumba Tengah,,67.73,58.52,kota
Indonesia,2017,Nusa Tenggara Timur (NTT),Sumba Tengah,,67.74,59.39,kota
Indonesia,2018,Nusa Tenggara Timur (NTT),Sumba Tengah,,67.96,60.07,kota
Indonesia,2019,Nusa Tenggara Timur (NTT),Sumba Tengah,41.06,68.32,61.01,kota
Indonesia,2020,Nusa Tenggara Timur (NTT),Sumba Tengah,,68.38,61.53,kota
Indonesia,2021,Nusa Tenggara Timur (NTT),Sumba Tengah,34.0,68.42,61.8,kota
Indonesia,2022,Nusa Tenggara Timur (NTT),Sumba Tengah,,68.65,62.71,kota
Indonesia,2023,Nusa Tenggara Timur (NTT),Sumba Tengah,39.5,68.87,63.48,kota
Indonesia,2024,Nusa Tenggara Timur (NTT),Sumba Tengah,37.4,69.1,64.31,kota
Indonesia,2013,Nusa Tenggara Timur (NTT),Sumba Timur,,63.45,61.44,kota
Indonesia,2014,Nusa Tenggara Timur (NTT),Sumba Timur,,63.48,62.04,kota
Indonesia,2015,Nusa Tenggara Timur (NTT),Sumba Timur,,63.88,62.54,kota
Indonesia,2016,Nusa Tenggara Timur (NTT),Sumba Timur,,64.0,63.22,kota
Indonesia,2017,Nusa Tenggara Timur (NTT),Sumba Timur,,64.12,64.19,kota
Indonesia,2018,Nusa Tenggara Timur (NTT),Sumba Timur,,64.45,64.65,kota
Indonesia,2019,Nusa Tenggara Timur (NTT),Sumba Timur,37.02,64.94,65.34,kota
Indonesia,2020,Nusa Tenggara Timur (NTT),Sumba Timur,,65.13,65.52,kota
Indonesia,2021,Nusa Tenggara Timur (NTT),Sumba Timur,28.8,65.16,65.74,kota
Indonesia,2022,Nusa Tenggara Timur (NTT),Sumba Timur,,65.38,66.17,kota
Indonesia,2023,Nusa Tenggara Timur (NTT),Sumba Timur,26.3,65.82,67.05,kota
Indonesia,2024,Nusa Tenggara Timur (NTT),Sumba Timur,30.9,66.05,67.68,kota
Indonesia,2013,Nusa Tenggara Timur (NTT),Timor Tengah Selatan,,65.42,58.76,kota
Indonesia,2014,Nusa Tenggara Timur (NTT),Timor Tengah Selatan,,65.45,59.41,kota
Indonesia,2015,Nusa Tenggara Timur (NTT),Timor Tengah Selatan,,65.55,59.9,kota
Indonesia,2016,Nusa Tenggara Timur (NTT),Timor Tengah Selatan,,65.6,60.37,kota
Indonesia,2017,Nusa Tenggara Timur (NTT),Timor Tengah Selatan,,65.65,61.08,kota
Indonesia,2018,Nusa Tenggara Timur (NTT),Timor Tengah Selatan,,65.91,61.58,kota
Indonesia,2019,Nusa Tenggara Timur (NTT),Timor Tengah Selatan,58.65,66.32,62.23,kota
Indonesia,2020,Nusa Tenggara Timur (NTT),Timor Tengah Selatan,,66.42,62.15,kota
Indonesia,2021,Nusa Tenggara Timur (NTT),Timor Tengah Selatan,48.3,66.46,62.16,kota
Indonesia,2022,Nusa Tenggara Timur (NTT),Timor Tengah Selatan,,66.68,62.73,kota
Indonesia,2023,Nusa Tenggara Timur (NTT),Timor Tengah Selatan,50.1,66.89,63.58,kota
Indonesia,2024,Nusa Tenggara Timur (NTT),Timor Tengah Selatan,56.8,67.03,64.36,kota
Indonesia,2013,Nusa Tenggara Timur (NTT),Timor Tengah Utara,,65.89,59.56,kota
Indonesia,2014,Nusa Tenggara Timur (NTT),Timor Tengah Utara,,65.89,60.41,kota
Indonesia,2015,Nusa Tenggara Timur (NTT),Timor Tengah Utara,,66.09,60.96,kota
Indonesia,2016,Nusa Tenggara Timur (NTT),Timor Tengah Utara,,66.14,61.54,kota
Indonesia,2017,Nusa Tenggara Timur (NTT),Timor Tengah Utara,,66.19,62.03,kota
Indonesia,2018,Nusa Tenggara Timur (NTT),Timor Tengah Utara,,66.45,62.65,kota
Indonesia,2019,Nusa Tenggara Timur (NTT),Timor Tengah Utara,50.8,66.86,63.34,kota
Indonesia,2020,Nusa Tenggara Timur (NTT),Timor Tengah Utara,,66.96,63.53,kota
Indonesia,2021,Nusa Tenggara Timur (NTT),Timor Tengah Utara,46.7,67.09,63.69,kota
Indonesia,2022,Nusa Tenggara Timur (NTT),Timor Tengah Utara,,67.35,64.26,kota
Indonesia,2023,Nusa Tenggara Timur (NTT),Timor Tengah Utara,42.7,67.61,65.16,kota
Indonesia,2024,Nusa Tenggara Timur (NTT),Timor Tengah Utara,47.3,67.82,65.83,kota
Indonesia,2013,Papua,Biak Numfor,,67.84,69.35,kota
Indonesia,2014,Papua,Biak Numfor,,67.85,70.32,kota
Indonesia,2015,Papua,Biak Numfor,,67.86,70.85,kota
Indonesia,2016,Papua,Biak Numfor,,67.86,71.13,kota
Indonesia,2017,Papua,Biak Numfor,,67.87,71.56,kota
Indonesia,2018,Papua,Biak Numfor,,68.0,71.96,kota
Indonesia,2019,Papua,Biak Numfor,34.63,68.2,72.57,kota
Indonesia,2020,Papua,Biak Numfor,,68.25,72.19,kota
Indonesia,2021,Papua,Biak Numfor,34.0,68.29,72.33,kota
Indonesia,2022,Papua,Biak Numfor,27.3,68.5,72.85,kota
Indonesia,2023,Papua,Biak Numfor,33.7,68.74,73.46,kota
Indonesia,2024,Papua,Biak Numfor,20.6,68.97,73.98,kota
Indonesia,2013,Papua,Jayapura,,66.01,69.21,kota
Indonesia,2014,Papua,Jayapura,,66.02,69.55,kota
Indonesia,2015,Papua,Jayapura,,66.32,70.04,kota
Indonesia,2016,Papua,Jayapura,,66.4,70.5,kota
Indonesia,2017,Papua,Jayapura,,66.47,70.97,kota
Indonesia,2018,Papua,Jayapura,,66.66,71.25,kota
Indonesia,2019,Papua,Jayapura,34.16,66.93,71.84,kota
Indonesia,2019,Papua,Jayapura,34.16,66.93,71.84,kota
Indonesia,2020,Papua,Jayapura,,67.05,71.69,kota
Indonesia,2021,Papua,Jayapura,22.9,67.16,72.03,kota
Indonesia,2021,Papua,Jayapura,22.9,67.16,72.03,kota
Indonesia,2022,Papua,Jayapura,20.2,67.45,72.67,kota
Indonesia,2022,Papua,Jayapura,20.2,67.45,72.67,kota
Indonesia,2023,Papua,Jayapura,26.9,67.78,73.5,kota
Indonesia,2023,Papua,Jayapura,26.9,67.78,73.5,kota
Indonesia,2024,Papua,Jayapura,22.5,68.08,74.11,kota
Indonesia,2024,Papua,Jayapura,22.5,68.08,74.11,kota
Indonesia,2013,Papua,Keerom,,65.97,62.49,kota
Indonesia,2014,Papua,Keerom,,65.99,62.73,kota
Indonesia,2015,Papua,Keerom,,66.09,63.43,kota
Indonesia,2016,Papua,Keerom,,66.13,64.1,kota
Indonesia,2017,Papua,Keerom,,66.18,64.99,kota
Indonesia,2018,Papua,Keerom,,66.35,65.75,kota
Indonesia,2019,Papua,Keerom,28.15,66.6,66.59,kota
Indonesia,2020,Papua,Keerom,,66.69,66.4,kota
Indonesia,2021,Papua,Keerom,30.5,66.78,66.49,kota
Indonesia,2022,Papua,Keerom,25.9,67.04,67.24,kota
Indonesia,2023,Papua,Keerom,34.4,67.24,68.08,kota
Indonesia,2024,Papua,Keerom,24.4,67.44,68.68,kota
Indonesia,2013,Papua,Kepulauan Yapen,,68.63,64.34,kota
Indonesia,2014,Papua,Kepulauan Yapen,,68.63,64.89,kota
Indonesia,2015,Papua,Kepulauan Yapen,,68.67,65.28,kota
Indonesia,2016,Papua,Kepulauan Yapen,,68.69,65.55,kota
Indonesia,2017,Papua,Kepulauan Yapen,,68.71,66.07,kota
Indonesia,2018,Papua,Kepulauan Yapen,,68.85,67.0,kota
Indonesia,2019,Papua,Kepulauan Yapen,,69.06,67.76,kota
Indonesia,2020,Papua,Kepulauan Yapen,,69.12,67.66,kota
Indonesia,2021,Papua,Kepulauan Yapen,,69.17,67.72,kota
Indonesia,2022,Papua,Kepulauan Yapen,31.1,69.39,68.41,kota
Indonesia,2023,Papua,Kepulauan Yapen,39.9,69.63,69.11,kota
Indonesia,2024,Papua,Kepulauan Yapen,33.5,69.83,69.65,kota
Indonesia,2013,Papua,Kota Jayapura,,69.95,77.46,kota
Indonesia,2014,Papua,Kota Jayapura,,69.95,77.86,kota
Indonesia,2015,Papua,Kota Jayapura,,69.97,78.05,kota
Indonesia,2016,Papua,Kota Jayapura,,69.99,78.56,kota
Indonesia,2017,Papua,Kota Jayapura,,70.0,79.23,kota
Indonesia,2018,Papua,Kota Jayapura,,70.15,79.58,kota
Indonesia,2019,Papua,Kota Jayapura,26.22,70.38,80.16,kota
Indonesia,2020,Papua,Kota Jayapura,,70.45,79.94,kota
Indonesia,2021,Papua,Kota Jayapura,22.9,70.52,80.11,kota
Indonesia,2022,Papua,Kota Jayapura,20.6,70.76,80.61,kota
Indonesia,2023,Papua,Kota Jayapura,21.3,71.07,81.14,kota
Indonesia,2024,Papua,Kota Jayapura,24.1,71.41,81.67,kota
Indonesia,2013,Papua,Mamberamo Raya,,56.37,47.28,kota
Indonesia,2014,Papua,Mamberamo Raya,,56.37,47.88,kota
Indonesia,2015,Papua,Mamberamo Raya,,56.57,48.29,kota
Indonesia,2016,Papua,Mamberamo Raya,,56.74,49.0,kota
Indonesia,2017,Papua,Mamberamo Raya,,56.9,50.25,kota
Indonesia,2018,Papua,Mamberamo Raya,,57.18,51.24,kota
Indonesia,2019,Papua,Mamberamo Raya,21.9,57.55,52.2,kota
Indonesia,2020,Papua,Mamberamo Raya,,57.77,51.78,kota
Indonesia,2021,Papua,Mamberamo Raya,22.5,58.0,52.18,kota
Indonesia,2022,Papua,Mamberamo Raya,29.0,58.29,53.1,kota
Indonesia,2023,Papua,Mamberamo Raya,40.0,58.54,54.08,kota
Indonesia,2024,Papua,Mamberamo Raya,33.8,58.71,55.0,kota
Indonesia,2013,Papua,Sarmi,,65.46,59.51,kota
Indonesia,2014,Papua,Sarmi,,65.49,60.48,kota
Indonesia,2015,Papua,Sarmi,,65.69,60.99,kota
Indonesia,2016,Papua,Sarmi,,65.76,61.27,kota
Indonesia,2017,Papua,Sarmi,,65.82,62.31,kota
Indonesia,2018,Papua,Sarmi,,66.0,63.0,kota
Indonesia,2019,Papua,Sarmi,27.36,66.26,63.45,kota
Indonesia,2020,Papua,Sarmi,,66.36,63.63,kota
Indonesia,2021,Papua,Sarmi,32.7,66.46,63.94,kota
Indonesia,2022,Papua,Sarmi,25.6,66.74,64.86,kota
Indonesia,2023,Papua,Sarmi,26.5,67.07,65.8,kota
Indonesia,2024,Papua,Sarmi,31.6,67.38,66.72,kota
Indonesia,2013,Papua,Supiori,,65.15,59.4,kota
Indonesia,2014,Papua,Supiori,,65.15,59.7,kota
Indonesia,2015,Papua,Supiori,,65.25,60.09,kota
Indonesia,2016,Papua,Supiori,,65.29,60.59,kota
Indonesia,2017,Papua,Supiori,,65.33,61.23,kota
Indonesia,2018,Papua,Supiori,,65.53,61.84,kota
Indonesia,2019,Papua,Supiori,53.53,65.81,62.3,kota
Indonesia,2020,Papua,Supiori,,65.94,62.3,kota
Indonesia,2021,Papua,Supiori,29.7,66.06,62.72,kota
Indonesia,2022,Papua,Supiori,40.2,66.36,63.65,kota
Indonesia,2023,Papua,Supiori,37.7,66.66,64.61,kota
Indonesia,2024,Papua,Supiori,37.5,66.93,65.15,kota
Indonesia,2013,Papua,Waropen,,65.71,61.68,kota
Indonesia,2014,Papua,Waropen,,65.72,61.97,kota
Indonesia,2015,Papua,Waropen,,65.73,62.35,kota
Indonesia,2016,Papua,Waropen,,65.77,63.1,kota
Indonesia,2017,Papua,Waropen,,65.82,64.08,kota
Indonesia,2018,Papua,Waropen,,65.99,64.8,kota
Indonesia,2019,Papua,Waropen,32.11,66.24,65.34,kota
Indonesia,2020,Papua,Waropen,,66.33,64.94,kota
Indonesia,2021,Papua,Waropen,26.0,66.42,65.1,kota
Indonesia,2022,Papua,Waropen,22.2,66.68,65.67,kota
Indonesia,2023,Papua,Waropen,26.2,66.92,66.46,kota
Indonesia,2024,Papua,Waropen,22.3,67.11,66.92,kota
Indonesia,2013,Papua Barat,Fak Fak,,67.4,64.29,kota
Indonesia,2014,Papua Barat,Fak Fak,,67.62,64.73,kota
Indonesia,2015,Papua Barat,Fak Fak,,67.72,64.92,kota
Indonesia,2016,Papua Barat,Fak Fak,,67.84,65.55,kota
Indonesia,2017,Papua Barat,Fak Fak,,67.95,66.09,kota
Indonesia,2018,Papua Barat,Fak Fak,,68.12,66.99,kota
Indonesia,2019,Papua Barat,Fak Fak,,68.41,67.87,kota
Indonesia,2020,Papua Barat,Fak Fak,,68.47,68.36,kota
Indonesia,2021,Papua Barat,Fak Fak,26.0,68.5,68.52,kota
Indonesia,2022,Papua Barat,Fak Fak,,68.75,69.12,kota
Indonesia,2023,Papua Barat,Fak Fak,,69.02,69.72,kota
Indonesia,2024,Papua Barat,Fak Fak,,69.16,70.39,kota
Indonesia,2013,Papua Barat,Kaimana,,63.21,60.36,kota
Indonesia,2014,Papua Barat,Kaimana,,63.57,61.07,kota
Indonesia,2015,Papua Barat,Kaimana,,63.59,61.33,kota
Indonesia,2016,Papua Barat,Kaimana,,63.79,62.15,kota
Indonesia,2017,Papua Barat,Kaimana,,63.99,62.74,kota
Indonesia,2018,Papua Barat,Kaimana,,64.25,63.67,kota
Indonesia,2019,Papua Barat,Kaimana,24.1,64.64,64.59,kota
Indonesia,2020,Papua Barat,Kaimana,,64.81,65.0,kota
Indonesia,2021,Papua Barat,Kaimana,28.5,64.93,65.31,kota
Indonesia,2022,Papua Barat,Kaimana,29.2,65.27,66.11,kota
Indonesia,2023,Papua Barat,Kaimana,25.7,65.62,66.72,kota
Indonesia,2024,Papua Barat,Kaimana,20.2,65.86,67.6,kota
Indonesia,2013,Papua Barat,Manokwari,,67.34,68.81,kota
Indonesia,2014,Papua Barat,Manokwari,,67.6,69.35,kota
Indonesia,2015,Papua Barat,Manokwari,,67.69,69.91,kota
Indonesia,2016,Papua Barat,Manokwari,,67.84,70.34,kota
Indonesia,2017,Papua Barat,Manokwari,,68.0,70.67,kota
Indonesia,2018,Papua Barat,Manokwari,,68.22,71.17,kota
Indonesia,2019,Papua Barat,Manokwari,13.47,68.56,71.67,kota
Indonesia,2020,Papua Barat,Manokwari,,68.68,72.01,kota
Indonesia,2021,Papua Barat,Manokwari,26.9,68.82,72.02,kota
Indonesia,2022,Papua Barat,Manokwari,36.6,69.18,72.6,kota
Indonesia,2023,Papua Barat,Manokwari,,69.55,73.21,kota
Indonesia,2024,Papua Barat,Manokwari,23.5,69.8,73.83,kota
Indonesia,2013,Papua Barat,Manokwari Selatan,,66.4,54.95,kota
Indonesia,2014,Papua Barat,Manokwari Selatan,,66.67,55.32,kota
Indonesia,2015,Papua Barat,Manokwari Selatan,,66.68,56.59,kota
Indonesia,2016,Papua Barat,Manokwari Selatan,,66.82,57.12,kota
Indonesia,2017,Papua Barat,Manokwari Selatan,,66.96,58.08,kota
Indonesia,2018,Papua Barat,Manokwari Selatan,,67.16,58.84,kota
Indonesia,2019,Papua Barat,Manokwari Selatan,28.6,67.48,59.72,kota
Indonesia,2020,Papua Barat,Manokwari Selatan,,67.58,59.84,kota
Indonesia,2021,Papua Barat,Manokwari Selatan,28.5,67.6,59.85,kota
Indonesia,2022,Papua Barat,Manokwari Selatan,27.2,67.84,60.68,kota
Indonesia,2023,Papua Barat,Manokwari Selatan,20.4,68.09,61.55,kota
Indonesia,2024,Papua Barat,Manokwari Selatan,26.4,68.26,62.45,kota
Indonesia,2013,Papua Barat,Pegunungan Arfak,,66.25,53.36,kota
Indonesia,2014,Papua Barat,Pegunungan Arfak,,66.49,53.69,kota
Indonesia,2015,Papua Barat,Pegunungan Arfak,,66.49,53.73,kota
Indonesia,2016,Papua Barat,Pegunungan Arfak,,66.61,53.89,kota
Indonesia,2017,Papua Barat,Pegunungan Arfak,,66.72,54.39,kota
Indonesia,2018,Papua Barat,Pegunungan Arfak,,66.89,55.31,kota
Indonesia,2019,Papua Barat,Pegunungan Arfak,28.5,67.18,56.15,kota
Indonesia,2020,Papua Barat,Pegunungan Arfak,,67.24,56.33,kota
Indonesia,2021,Papua Barat,Pegunungan Arfak,40.1,67.26,56.13,kota
Indonesia,2022,Papua Barat,Pegunungan Arfak,51.5,67.5,57.01,kota
Indonesia,2023,Papua Barat,Pegunungan Arfak,34.7,67.71,57.82,kota
Indonesia,2024,Papua Barat,Pegunungan Arfak,39.3,67.84,58.73,kota
Indonesia,2013,Papua Barat,Teluk Bintuni,,58.13,59.73,kota
Indonesia,2014,Papua Barat,Teluk Bintuni,,58.42,60.4,kota
Indonesia,2015,Papua Barat,Teluk Bintuni,,59.12,61.09,kota
Indonesia,2016,Papua Barat,Teluk Bintuni,,59.48,61.81,kota
Indonesia,2017,Papua Barat,Teluk Bintuni,,59.83,62.39,kota
Indonesia,2018,Papua Barat,Teluk Bintuni,,60.15,63.13,kota
Indonesia,2019,Papua Barat,Teluk Bintuni,37.02,60.6,64.0,kota
Indonesia,2020,Papua Barat,Teluk Bintuni,,60.83,64.55,kota
Indonesia,2021,Papua Barat,Teluk Bintuni,27.5,60.99,64.65,kota
Indonesia,2022,Papua Barat,Teluk Bintuni,22.8,61.37,65.27,kota
Indonesia,2023,Papua Barat,Teluk Bintuni,19.6,61.76,66.0,kota
Indonesia,2024,Papua Barat,Teluk Bintuni,22.3,62.04,66.75,kota
Indonesia,2013,Papua Barat,Teluk Wondama,,58.04,55.65,kota
Indonesia,2014,Papua Barat,Teluk Wondama,,58.36,56.27,kota
Indonesia,2015,Papua Barat,Teluk Wondama,,58.66,56.64,kota
Indonesia,2016,Papua Barat,Teluk Wondama,,58.96,57.16,kota
Indonesia,2017,Papua Barat,Teluk Wondama,,59.26,58.1,kota
Indonesia,2018,Papua Barat,Teluk Wondama,,59.53,58.86,kota
Indonesia,2019,Papua Barat,Teluk Wondama,26.03,59.93,59.82,kota
Indonesia,2020,Papua Barat,Teluk Wondama,,60.1,60.21,kota
Indonesia,2021,Papua Barat,Teluk Wondama,31.0,60.24,60.33,kota
Indonesia,2022,Papua Barat,Teluk Wondama,26.1,60.57,60.87,kota
Indonesia,2023,Papua Barat,Teluk Wondama,19.7,60.86,61.67,kota
Indonesia,2024,Papua Barat,Teluk Wondama,29.2,61.08,62.36,kota
Indonesia,2013,Papua Barat Daya,Kota Sorong,,67.96,74.96,kota
Indonesia,2014,Papua Barat Daya,Kota Sorong,,69.02,75.78,kota
Indonesia,2015,Papua Barat Daya,Kota Sorong,,69.04,75.91,kota
Indonesia,2016,Papua Barat Daya,Kota Sorong,,69.36,76.33,kota
Indonesia,2017,Papua Barat Daya,Kota Sorong,,69.67,76.73,kota
Indonesia,2018,Papua Barat Daya,Kota Sorong,,70.0,77.35,kota
Indonesia,2019,Papua Barat Daya,Kota Sorong,15.75,70.46,77.98,kota
Indonesia,2020,Papua Barat Daya,Kota Sorong,,70.7,78.45,kota
Indonesia,2021,Papua Barat Daya,Kota Sorong,19.9,70.93,78.49,kota
Indonesia,2022,Papua Barat Daya,Kota Sorong,27.2,71.4,78.98,kota
Indonesia,2023,Papua Barat Daya,Kota Sorong,31.0,71.92,79.65,kota
Indonesia,2024,Papua Barat Daya,Kota Sorong,29.3,71.97,79.93,kota
Indonesia,2013,Papua Barat Daya,Maybrat,,64.43,54.93,kota
Indonesia,2014,Papua Barat Daya,Maybrat,,64.65,55.36,kota
Indonesia,2015,Papua Barat Daya,Maybrat,,64.65,55.78,kota
Indonesia,2016,Papua Barat Daya,Maybrat,,64.73,56.35,kota
Indonesia,2017,Papua Barat Daya,Maybrat,,64.8,57.23,kota
Indonesia,2018,Papua Barat Daya,Maybrat,,64.93,58.16,kota
Indonesia,2019,Papua Barat Daya,Maybrat,44.83,65.17,59.15,kota
Indonesia,2020,Papua Barat Daya,Maybrat,,65.19,59.52,kota
Indonesia,2021,Papua Barat Daya,Maybrat,34.5,65.25,59.7,kota
Indonesia,2022,Papua Barat Daya,Maybrat,27.3,65.53,60.49,kota
Indonesia,2023,Papua Barat Daya,Maybrat,,65.82,61.29,kota
Indonesia,2024,Papua Barat Daya,Maybrat,30.7,65.97,61.83,kota
Indonesia,2013,Papua Barat Daya,Raja Ampat,,63.84,60.36,kota
Indonesia,2014,Papua Barat Daya,Raja Ampat,,64.05,60.86,kota
Indonesia,2015,Papua Barat Daya,Raja Ampat,,64.06,61.23,kota
Indonesia,2016,Papua Barat Daya,Raja Ampat,,64.16,61.95,kota
Indonesia,2017,Papua Barat Daya,Raja Ampat,,64.26,62.35,kota
Indonesia,2018,Papua Barat Daya,Raja Ampat,,64.42,62.84,kota
Indonesia,2019,Papua Barat Daya,Raja Ampat,32.25,64.7,63.66,kota
Indonesia,2020,Papua Barat Daya,Raja Ampat,,64.74,63.89,kota
Indonesia,2021,Papua Barat Daya,Raja Ampat,31.1,64.83,63.92,kota
Indonesia,2022,Papua Barat Daya,Raja Ampat,31.1,65.12,64.65,kota
Indonesia,2023,Papua Barat Daya,Raja Ampat,30.9,65.41,65.26,kota
Indonesia,2024,Papua Barat Daya,Raja Ampat,37.4,65.56,65.86,kota
Indonesia,2013,Papua Barat Daya,Sorong,,64.99,60.86,kota
Indonesia,2014,Papua Barat Daya,Sorong,,65.23,61.23,kota
Indonesia,2015,Papua Barat Daya,Sorong,,65.25,61.86,kota
Indonesia,2016,Papua Barat Daya,Sorong,,65.39,62.42,kota
Indonesia,2017,Papua Barat Daya,Sorong,,65.52,63.42,kota
Indonesia,2018,Papua Barat Daya,Sorong,,65.71,64.32,kota
Indonesia,2019,Papua Barat Daya,Sorong,26.93,66.02,65.29,kota
Indonesia,2020,Papua Barat Daya,Sorong,,66.1,65.74,kota
Indonesia,2021,Papua Barat Daya,Sorong,19.9,66.22,65.77,kota
Indonesia,2022,Papua Barat Daya,Sorong,23.8,66.55,66.69,kota
Indonesia,2023,Papua Barat Daya,Sorong,27.3,66.89,67.49,kota
Indonesia,2024,Papua Barat Daya,Sorong,25.1,67.12,68.29,kota
Indonesia,2013,Papua Barat Daya,Sorong Selatan,,65.08,57.73,kota
Indonesia,2014,Papua Barat Daya,Sorong Selatan,,65.34,58.24,kota
Indonesia,2015,Papua Barat Daya,Sorong Selatan,,65.35,58.6,kota
Indonesia,2016,Papua Barat Daya,Sorong Selatan,,65.49,59.2,kota
Indonesia,2017,Papua Barat Daya,Sorong Selatan,,65.63,60.19,kota
Indonesia,2018,Papua Barat Daya,Sorong Selatan,,65.83,61.01,kota
Indonesia,2019,Papua Barat Daya,Sorong Selatan,40.26,66.15,61.93,kota
Indonesia,2020,Papua Barat Daya,Sorong Selatan,,66.25,62.42,kota
Indonesia,2021,Papua Barat Daya,Sorong Selatan,39.6,66.39,62.46,kota
Indonesia,2022,Papua Barat Daya,Sorong Selatan,36.7,66.72,63.08,kota
Indonesia,2023,Papua Barat Daya,Sorong Selatan,31.3,67.01,63.94,kota
Indonesia,2024,Papua Barat Daya,Sorong Selatan,31.3,67.14,64.5,kota
Indonesia,2013,Papua Barat Daya,Tambrauw,,58.48,48.69,kota
Indonesia,2014,Papua Barat Daya,Tambrauw,,58.72,49.4,kota
Indonesia,2015,Papua Barat Daya,Tambrauw,,59.02,49.77,kota
Indonesia,2016,Papua Barat Daya,Tambrauw,,59.16,50.35,kota
Indonesia,2017,Papua Barat Daya,Tambrauw,,59.29,51.01,kota
Indonesia,2018,Papua Barat Daya,Tambrauw,,59.56,51.95,kota
Indonesia,2019,Papua Barat Daya,Tambrauw,48.21,59.96,52.9,kota
Indonesia,2020,Papua Barat Daya,Tambrauw,,60.13,53.45,kota
Indonesia,2021,Papua Barat Daya,Tambrauw,39.4,60.2,53.71,kota
Indonesia,2022,Papua Barat Daya,Tambrauw,39.1,60.68,54.63,kota
Indonesia,2023,Papua Barat Daya,Tambrauw,31.8,61.14,55.55,kota
Indonesia,2024,Papua Barat Daya,Tambrauw,37.9,61.35,56.32,kota
Indonesia,2013,Papua Pegunungan,Jayawijaya,,57.71,52.94,kota
Indonesia,2014,Papua Pegunungan,Jayawijaya,,57.79,53.37,kota
Indonesia,2015,Papua Pegunungan,Jayawijaya,,58.29,54.18,kota
Indonesia,2016,Papua Pegunungan,Jayawijaya,,58.48,54.96,kota
Indonesia,2017,Papua Pegunungan,Jayawijaya,,58.67,55.99,kota
Indonesia,2018,Papua Pegunungan,Jayawijaya,,58.99,56.82,kota
Indonesia,2019,Papua Pegunungan,Jayawijaya,34.53,59.39,57.79,kota
Indonesia,2020,Papua Pegunungan,Jayawijaya,,59.64,58.03,kota
Indonesia,2021,Papua Pegunungan,Jayawijaya,49.3,59.9,58.67,kota
Indonesia,2022,Papua Pegunungan,Jayawijaya,46.7,60.26,59.6,kota
Indonesia,2023,Papua Pegunungan,Jayawijaya,33.2,60.5,60.5,kota
Indonesia,2024,Papua Pegunungan,Jayawijaya,41.3,60.65,61.03,kota
Indonesia,2013,Papua Pegunungan,Lanny Jaya,,64.82,43.05,kota
Indonesia,2014,Papua Pegunungan,Lanny Jaya,,64.85,43.28,kota
Indonesia,2015,Papua Pegunungan,Lanny Jaya,,64.86,44.18,kota
Indonesia,2016,Papua Pegunungan,Lanny Jaya,,65.63,45.16,kota
Indonesia,2017,Papua Pegunungan,Lanny Jaya,,65.65,46.49,kota
Indonesia,2018,Papua Pegunungan,Lanny Jaya,,65.79,47.34,kota
Indonesia,2019,Papua Pegunungan,Lanny Jaya,17.02,66.0,48.0,kota
Indonesia,2020,Papua Pegunungan,Lanny Jaya,,66.06,47.86,kota
Indonesia,2021,Papua Pegunungan,Lanny Jaya,38.6,66.11,48.68,kota
Indonesia,2022,Papua Pegunungan,Lanny Jaya,34.8,66.31,49.62,kota
Indonesia,2023,Papua Pegunungan,Lanny Jaya,39.5,66.51,50.56,kota
Indonesia,2024,Papua Pegunungan,Lanny Jaya,,66.62,51.59,kota
Indonesia,2013,Papua Pegunungan,Mamberamo Tengah,,62.59,42.43,kota
Indonesia,2014,Papua Pegunungan,Mamberamo Tengah,,62.62,43.19,kota
Indonesia,2015,Papua Pegunungan,Mamberamo Tengah,,62.72,43.55,kota
Indonesia,2016,Papua Pegunungan,Mamberamo Tengah,,62.82,44.15,kota
Indonesia,2017,Papua Pegunungan,Mamberamo Tengah,,62.92,45.5,kota
Indonesia,2018,Papua Pegunungan,Mamberamo Tengah,,63.14,46.41,kota
Indonesia,2019,Papua Pegunungan,Mamberamo Tengah,,63.44,47.23,kota
Indonesia,2020,Papua Pegunungan,Mamberamo Tengah,,63.59,47.57,kota
Indonesia,2021,Papua Pegunungan,Mamberamo Tengah,42.4,63.75,48.32,kota
Indonesia,2022,Papua Pegunungan,Mamberamo Tengah,,64.05,49.25,kota
Indonesia,2023,Papua Pegunungan,Mamberamo Tengah,33.0,64.14,50.22,kota
Indonesia,2024,Papua Pegunungan,Mamberamo Tengah,42.0,64.18,50.72,kota
Indonesia,2013,Papua Pegunungan,Nduga,,53.54,24.42,kota
Indonesia,2014,Papua Pegunungan,Nduga,,53.6,25.38,kota
Indonesia,2015,Papua Pegunungan,Nduga,,53.6,25.47,kota
Indonesia,2016,Papua Pegunungan,Nduga,,54.5,26.56,kota
Indonesia,2017,Papua Pegunungan,Nduga,,54.6,27.87,kota
Indonesia,2018,Papua Pegunungan,Nduga,,54.82,29.42,kota
Indonesia,2019,Papua Pegunungan,Nduga,12.1,55.12,30.75,kota
Indonesia,2020,Papua Pegunungan,Nduga,,55.27,31.55,kota
Indonesia,2021,Papua Pegunungan,Nduga,38.8,55.43,32.84,kota
Indonesia,2022,Papua Pegunungan,Nduga,50.2,55.7,34.1,kota
Indonesia,2023,Papua Pegunungan,Nduga,,55.72,35.19,kota
Indonesia,2024,Papua Pegunungan,Nduga,36.0,55.74,36.3,kota
Indonesia,2013,Papua Pegunungan,Pegunungan Bintang,,63.56,38.94,kota
Indonesia,2014,Papua Pegunungan,Pegunungan Bintang,,63.58,39.68,kota
Indonesia,2015,Papua Pegunungan,Pegunungan Bintang,,63.78,40.91,kota
Indonesia,2016,Papua Pegunungan,Pegunungan Bintang,,63.84,41.9,kota
Indonesia,2017,Papua Pegunungan,Pegunungan Bintang,,63.9,43.24,kota
Indonesia,2018,Papua Pegunungan,Pegunungan Bintang,,64.08,44.22,kota
Indonesia,2019,Papua Pegunungan,Pegunungan Bintang,35.87,64.34,45.21,kota
Indonesia,2020,Papua Pegunungan,Pegunungan Bintang,,64.44,45.44,kota
Indonesia,2021,Papua Pegunungan,Pegunungan Bintang,55.4,64.54,46.28,kota
Indonesia,2022,Papua Pegunungan,Pegunungan Bintang,48.9,64.79,47.21,kota
Indonesia,2023,Papua Pegunungan,Pegunungan Bintang,,64.99,48.18,kota
Indonesia,2024,Papua Pegunungan,Pegunungan Bintang,41.4,65.17,49.36,kota
Indonesia,2013,Papua Pegunungan,Tolikara,,64.64,45.68,kota
Indonesia,2014,Papua Pegunungan,Tolikara,,64.66,46.16,kota
Indonesia,2015,Papua Pegunungan,Tolikara,,64.86,46.38,kota
Indonesia,2016,Papua Pegunungan,Tolikara,,64.98,47.11,kota
Indonesia,2017,Papua Pegunungan,Tolikara,,65.1,47.89,kota
Indonesia,2018,Papua Pegunungan,Tolikara,,65.3,48.85,kota
Indonesia,2019,Papua Pegunungan,Tolikara,49.56,65.58,49.68,kota
Indonesia,2020,Papua Pegunungan,Tolikara,,65.71,49.5,kota
Indonesia,2021,Papua Pegunungan,Tolikara,28.9,65.83,49.6,kota
Indonesia,2022,Papua Pegunungan,Tolikara,50.1,66.08,50.51,kota
Indonesia,2023,Papua Pegunungan,Tolikara,,66.33,51.48,kota
Indonesia,2024,Papua Pegunungan,Tolikara,46.4,66.53,52.05,kota
Indonesia,2013,Papua Pegunungan,Yahukimo,,64.54,45.63,kota
Indonesia,2014,Papua Pegunungan,Yahukimo,,64.56,46.36,kota
Indonesia,2015,Papua Pegunungan,Yahukimo,,65.06,46.63,kota
Indonesia,2016,Papua Pegunungan,Yahukimo,,65.19,47.13,kota
Indonesia,2017,Papua Pegunungan,Yahukimo,,65.32,47.95,kota
Indonesia,2018,Papua Pegunungan,Yahukimo,,65.52,48.51,kota
Indonesia,2019,Papua Pegunungan,Yahukimo,17.81,65.8,49.25,kota
Indonesia,2020,Papua Pegunungan,Yahukimo,,65.93,49.37,kota
Indonesia,2021,Papua Pegunungan,Yahukimo,43.6,66.05,49.48,kota
Indonesia,2022,Papua Pegunungan,Yahukimo,53.3,66.31,50.25,kota
Indonesia,2023,Papua Pegunungan,Yahukimo,,66.42,51.19,kota
Indonesia,2024,Papua Pegunungan,Yahukimo,37.7,66.55,51.98,kota
Indonesia,2013,Papua Pegunungan,Yalimo,,64.83,43.33,kota
Indonesia,2014,Papua Pegunungan,Yalimo,,64.85,44.21,kota
Indonesia,2015,Papua Pegunungan,Yalimo,,64.86,44.32,kota
Indonesia,2016,Papua Pegunungan,Yalimo,,64.9,44.95,kota
Indonesia,2017,Papua Pegunungan,Yalimo,,64.94,46.19,kota
Indonesia,2018,Papua Pegunungan,Yalimo,,65.1,47.13,kota
Indonesia,2019,Papua Pegunungan,Yalimo,15.78,65.34,48.08,kota
Indonesia,2020,Papua Pegunungan,Yalimo,,65.42,48.34,kota
Indonesia,2021,Papua Pegunungan,Yalimo,44.1,65.49,49.01,kota
Indonesia,2022,Papua Pegunungan,Yalimo,38.2,65.72,49.9,kota
Indonesia,2023,Papua Pegunungan,Yalimo,,65.95,50.87,kota
Indonesia,2024,Papua Pegunungan,Yalimo,35.1,66.12,51.85,kota
Indonesia,2013,Papua Selatan,Asmat,,54.91,45.54,kota
Indonesia,2014,Papua Selatan,Asmat,,55.0,45.91,kota
Indonesia,2015,Papua Selatan,Asmat,,55.5,46.62,kota
Indonesia,2016,Papua Selatan,Asmat,,55.9,47.31,kota
Indonesia,2017,Papua Selatan,Asmat,,56.32,48.49,kota
Indonesia,2018,Papua Selatan,Asmat,,56.88,49.37,kota
Indonesia,2019,Papua Selatan,Asmat,46.7,57.53,50.37,kota
Indonesia,2020,Papua Selatan,Asmat,,58.05,50.55,kota
Indonesia,2021,Papua Selatan,Asmat,38.1,58.59,51.29,kota
Indonesia,2022,Papua Selatan,Asmat,54.5,58.9,52.22,kota
Indonesia,2023,Papua Selatan,Asmat,,59.19,53.19,kota
Indonesia,2024,Papua Selatan,Asmat,28.3,59.36,53.92,kota
Indonesia,2013,Papua Selatan,Boven Digoel,,57.6,57.96,kota
Indonesia,2014,Papua Selatan,Boven Digoel,,57.64,58.21,kota
Indonesia,2015,Papua Selatan,Boven Digoel,,58.24,59.02,kota
Indonesia,2016,Papua Selatan,Boven Digoel,,58.51,59.35,kota
Indonesia,2017,Papua Selatan,Boven Digoel,,58.77,60.14,kota
Indonesia,2018,Papua Selatan,Boven Digoel,,59.16,60.83,kota
Indonesia,2019,Papua Selatan,Boven Digoel,34.97,59.64,61.51,kota
Indonesia,2020,Papua Selatan,Boven Digoel,,59.97,61.53,kota
Indonesia,2021,Papua Selatan,Boven Digoel,37.6,60.32,61.62,kota
Indonesia,2022,Papua Selatan,Boven Digoel,37.2,60.64,62.52,kota
Indonesia,2023,Papua Selatan,Boven Digoel,31.4,60.97,63.46,kota
Indonesia,2024,Papua Selatan,Boven Digoel,30.2,61.21,64.26,kota
Indonesia,2013,Papua Selatan,Mappi,,63.51,55.51,kota
Indonesia,2014,Papua Selatan,Mappi,,63.52,55.74,kota
Indonesia,2015,Papua Selatan,Mappi,,64.02,56.11,kota
Indonesia,2016,Papua Selatan,Mappi,,64.16,56.54,kota
Indonesia,2017,Papua Selatan,Mappi,,64.3,57.1,kota
Indonesia,2018,Papua Selatan,Mappi,,64.56,57.72,kota
Indonesia,2019,Papua Selatan,Mappi,21.99,64.91,58.3,kota
Indonesia,2020,Papua Selatan,Mappi,,65.11,58.15,kota
Indonesia,2021,Papua Selatan,Mappi,33.6,65.31,58.7,kota
Indonesia,2022,Papua Selatan,Mappi,29.6,65.66,59.61,kota
Indonesia,2023,Papua Selatan,Mappi,28.6,65.9,60.57,kota
Indonesia,2024,Papua Selatan,Mappi,29.9,66.01,61.51,kota
Indonesia,2013,Papua Selatan,Merauke,,66.48,66.88,kota
Indonesia,2014,Papua Selatan,Merauke,,66.49,67.33,kota
Indonesia,2015,Papua Selatan,Merauke,,66.5,67.75,kota
Indonesia,2016,Papua Selatan,Merauke,,66.53,68.09,kota
Indonesia,2017,Papua Selatan,Merauke,,66.56,68.64,kota
Indonesia,2018,Papua Selatan,Merauke,,66.71,69.38,kota
Indonesia,2019,Papua Selatan,Merauke,21.19,66.93,69.98,kota
Indonesia,2020,Papua Selatan,Merauke,,67.0,70.09,kota
Indonesia,2021,Papua Selatan,Merauke,28.3,67.07,70.49,kota
Indonesia,2022,Papua Selatan,Merauke,23.7,67.31,71.24,kota
Indonesia,2023,Papua Selatan,Merauke,23.8,67.6,72.19,kota
Indonesia,2024,Papua Selatan,Merauke,18.5,67.77,72.73,kota
Indonesia,2013,Papua Tengah,Deiyai,,64.25,47.74,kota
Indonesia,2014,Papua Tengah,Deiyai,,64.27,48.12,kota
Indonesia,2015,Papua Tengah,Deiyai,,64.47,48.28,kota
Indonesia,2016,Papua Tengah,Deiyai,,64.55,48.5,kota
Indonesia,2017,Papua Tengah,Deiyai,,64.63,49.07,kota
Indonesia,2018,Papua Tengah,Deiyai,,64.83,49.55,kota
Indonesia,2019,Papua Tengah,Deiyai,,65.11,50.11,kota
Indonesia,2020,Papua Tengah,Deiyai,,65.24,49.46,kota
Indonesia,2021,Papua Tengah,Deiyai,28.4,65.36,49.96,kota
Indonesia,2022,Papua Tengah,Deiyai,13.4,65.66,50.42,kota
Indonesia,2023,Papua Tengah,Deiyai,50.2,65.93,51.18,kota
Indonesia,2024,Papua Tengah,Deiyai,30.6,66.07,52.07,kota
Indonesia,2013,Papua Tengah,Dogiyai,,64.34,51.46,kota
Indonesia,2014,Papua Tengah,Dogiyai,,64.36,52.25,kota
Indonesia,2015,Papua Tengah,Dogiyai,,64.86,52.78,kota
Indonesia,2016,Papua Tengah,Dogiyai,,64.99,53.32,kota
Indonesia,2017,Papua Tengah,Dogiyai,,65.12,54.04,kota
Indonesia,2018,Papua Tengah,Dogiyai,,65.32,54.44,kota
Indonesia,2019,Papua Tengah,Dogiyai,65.99,65.6,55.41,kota
Indonesia,2020,Papua Tengah,Dogiyai,,65.73,54.84,kota
Indonesia,2021,Papua Tengah,Dogiyai,42.9,65.85,55.0,kota
Indonesia,2022,Papua Tengah,Dogiyai,35.1,66.13,55.72,kota
Indonesia,2023,Papua Tengah,Dogiyai,,66.39,56.7,kota
Indonesia,2024,Papua Tengah,Dogiyai,55.8,66.5,57.68,kota
Indonesia,2013,Papua Tengah,Intan Jaya,,64.87,42.69,kota
Indonesia,2014,Papua Tengah,Intan Jaya,,64.88,43.51,kota
Indonesia,2015,Papua Tengah,Intan Jaya,,64.98,44.35,kota
Indonesia,2016,Papua Tengah,Intan Jaya,,65.04,44.82,kota
Indonesia,2017,Papua Tengah,Intan Jaya,,65.09,45.68,kota
Indonesia,2018,Papua Tengah,Intan Jaya,,65.26,46.55,kota
Indonesia,2019,Papua Tengah,Intan Jaya,28.01,65.51,47.51,kota
Indonesia,2020,Papua Tengah,Intan Jaya,,65.6,47.79,kota
Indonesia,2021,Papua Tengah,Intan Jaya,46.9,65.69,48.34,kota
Indonesia,2022,Papua Tengah,Intan Jaya,35.4,65.93,49.25,kota
Indonesia,2023,Papua Tengah,Intan Jaya,,66.12,50.19,kota
Indonesia,2024,Papua Tengah,Intan Jaya,48.4,66.18,50.71,kota
Indonesia,2013,Papua Tengah,Mimika,,71.85,69.5,kota
Indonesia,2014,Papua Tengah,Mimika,,71.87,70.4,kota
Indonesia,2015,Papua Tengah,Mimika,,71.89,70.89,kota
Indonesia,2016,Papua Tengah,Mimika,,71.9,71.64,kota
Indonesia,2017,Papua Tengah,Mimika,,71.93,72.42,kota
Indonesia,2018,Papua Tengah,Mimika,,72.06,73.15,kota
Indonesia,2019,Papua Tengah,Mimika,23.99,72.27,74.13,kota
Indonesia,2020,Papua Tengah,Mimika,,72.32,74.19,kota
Indonesia,2021,Papua Tengah,Mimika,31.5,72.36,74.48,kota
Indonesia,2022,Papua Tengah,Mimika,33.0,72.57,75.08,kota
Indonesia,2023,Papua Tengah,Mimika,24.7,72.83,75.91,kota
Indonesia,2024,Papua Tengah,Mimika,28.4,73.06,76.85,kota
Indonesia,2013,Papua Tengah,Nabire,,67.23,65.45,kota
Indonesia,2014,Papua Tengah,Nabire,,67.24,66.25,kota
Indonesia,2015,Papua Tengah,Nabire,,67.44,66.49,kota
Indonesia,2016,Papua Tengah,Nabire,,67.5,66.64,kota
Indonesia,2017,Papua Tengah,Nabire,,67.55,67.11,kota
Indonesia,2018,Papua Tengah,Nabire,,67.72,67.7,kota
Indonesia,2019,Papua Tengah,Nabire,29.08,67.97,68.53,kota
Indonesia,2020,Papua Tengah,Nabire,,68.06,68.83,kota
Indonesia,2021,Papua Tengah,Nabire,20.6,68.15,69.15,kota
Indonesia,2022,Papua Tengah,Nabire,17.1,68.41,69.91,kota
Indonesia,2023,Papua Tengah,Nabire,22.2,68.73,70.84,kota
Indonesia,2024,Papua Tengah,Nabire,21.7,69.02,71.77,kota
Indonesia,2013,Papua Tengah,Paniai,,65.13,53.7,kota
Indonesia,2014,Papua Tengah,Paniai,,65.15,53.93,kota
Indonesia,2015,Papua Tengah,Paniai,,65.45,54.2,kota
Indonesia,2016,Papua Tengah,Paniai,,65.58,54.34,kota
Indonesia,2017,Papua Tengah,Paniai,,65.7,54.91,kota
Indonesia,2018,Papua Tengah,Paniai,,65.94,55.83,kota
Indonesia,2019,Papua Tengah,Paniai,34.44,66.27,56.58,kota
Indonesia,2020,Papua Tengah,Paniai,,66.44,56.31,kota
Indonesia,2021,Papua Tengah,Paniai,32.1,66.62,56.7,kota
Indonesia,2022,Papua Tengah,Paniai,45.2,66.94,57.14,kota
Indonesia,2023,Papua Tengah,Paniai,,67.22,57.91,kota
Indonesia,2024,Papua Tengah,Paniai,29.6,67.38,58.69,kota
Indonesia,2013,Papua Tengah,Puncak,,64.98,37.73,kota
Indonesia,2014,Papua Tengah,Puncak,,64.98,38.05,kota
Indonesia,2015,Papua Tengah,Puncak,,65.08,39.41,kota
Indonesia,2016,Papua Tengah,Puncak,,65.1,39.96,kota
Indonesia,2017,Papua Tengah,Puncak,,65.13,41.06,kota
Indonesia,2018,Papua Tengah,Puncak,,65.33,41.81,kota
Indonesia,2019,Papua Tengah,Puncak,18.79,65.61,42.7,kota
Indonesia,2020,Papua Tengah,Puncak,,65.74,43.04,kota
Indonesia,2021,Papua Tengah,Puncak,48.3,65.86,43.17,kota
Indonesia,2022,Papua Tengah,Puncak,42.0,66.13,43.87,kota
Indonesia,2023,Papua Tengah,Puncak,,66.4,44.59,kota
Indonesia,2024,Papua Tengah,Puncak,42.5,66.53,45.6,kota
Indonesia,2013,Papua Tengah,Puncak Jaya,,63.74,43.36,kota
Indonesia,2014,Papua Tengah,Puncak Jaya,,63.77,44.32,kota
Indonesia,2015,Papua Tengah,Puncak Jaya,,64.17,44.87,kota
Indonesia,2016,Papua Tengah,Puncak Jaya,,64.29,45.49,kota
Indonesia,2017,Papua Tengah,Puncak Jaya,,64.41,46.57,kota
Indonesia,2018,Papua Tengah,Puncak Jaya,,64.65,47.39,kota
Indonesia,2019,Papua Tengah,Puncak Jaya,34.14,64.98,48.33,kota
Indonesia,2020,Papua Tengah,Puncak Jaya,,65.15,48.37,kota
Indonesia,2021,Papua Tengah,Puncak Jaya,33.3,65.33,48.99,kota
Indonesia,2022,Papua Tengah,Puncak Jaya,42.5,65.66,49.84,kota
Indonesia,2023,Papua Tengah,Puncak Jaya,,65.9,50.81,kota
Indonesia,2024,Papua Tengah,Puncak Jaya,36.3,66.04,51.78,kota
Indonesia,2013,Riau,Bengkalis,,70.38,70.6,kota
Indonesia,2014,Riau,Bengkalis,,70.38,70.84,kota
Indonesia,2015,Riau,Bengkalis,,70.58,71.29,kota
Indonesia,2016,Riau,Bengkalis,,70.63,71.98,kota
Indonesia,2017,Riau,Bengkalis,,70.69,72.27,kota
Indonesia,2018,Riau,Bengkalis,,70.85,72.94,kota
Indonesia,2019,Riau,Bengkalis,21.07,71.11,73.44,kota
Indonesia,2020,Riau,Bengkalis,,71.2,73.46,kota
Indonesia,2021,Riau,Bengkalis,21.9,71.24,73.58,kota
Indonesia,2022,Riau,Bengkalis,8.4,71.5,74.38,kota
Indonesia,2023,Riau,Bengkalis,17.9,71.79,74.97,kota
Indonesia,2024,Riau,Bengkalis,12.5,71.92,75.28,kota
Indonesia,2013,Riau,Indragiri Hilir,,66.5,63.44,kota
Indonesia,2014,Riau,Indragiri Hilir,,66.54,63.8,kota
Indonesia,2015,Riau,Indragiri Hilir,,66.84,64.8,kota
Indonesia,2016,Riau,Indragiri Hilir,,66.95,65.35,kota
Indonesia,2017,Riau,Indragiri Hilir,,67.07,66.17,kota
Indonesia,2018,Riau,Indragiri Hilir,,67.32,66.51,kota
Indonesia,2019,Riau,Indragiri Hilir,27.43,67.66,66.84,kota
Indonesia,2020,Riau,Indragiri Hilir,,67.85,66.54,kota
Indonesia,2021,Riau,Indragiri Hilir,28.4,67.98,66.63,kota
Indonesia,2022,Riau,Indragiri Hilir,28.5,68.31,67.37,kota
Indonesia,2023,Riau,Indragiri Hilir,18.8,68.62,67.98,kota
Indonesia,2024,Riau,Indragiri Hilir,25.0,68.7,68.38,kota
Indonesia,2013,Riau,Indragiri Hulu,,69.63,66.68,kota
Indonesia,2014,Riau,Indragiri Hulu,,69.64,67.11,kota
Indonesia,2015,Riau,Indragiri Hulu,,69.74,68.0,kota
Indonesia,2016,Riau,Indragiri Hulu,,69.79,68.67,kota
Indonesia,2017,Riau,Indragiri Hulu,,69.83,68.97,kota
Indonesia,2018,Riau,Indragiri Hulu,,69.97,69.66,kota
Indonesia,2019,Riau,Indragiri Hulu,29.67,70.2,70.05,kota
Indonesia,2020,Riau,Indragiri Hulu,,70.25,69.83,kota
Indonesia,2021,Riau,Indragiri Hulu,23.6,70.26,70.01,kota
Indonesia,2022,Riau,Indragiri Hulu,16.7,70.48,70.46,kota
Indonesia,2023,Riau,Indragiri Hulu,12.7,70.69,71.04,kota
Indonesia,2024,Riau,Indragiri Hulu,20.0,70.86,71.48,kota
Indonesia,2013,Riau,Kampar,,69.77,70.46,kota
Indonesia,2014,Riau,Kampar,,69.8,70.72,kota
Indonesia,2015,Riau,Kampar,,70.0,71.28,kota
Indonesia,2016,Riau,Kampar,,70.08,71.39,kota
Indonesia,2017,Riau,Kampar,,70.16,72.19,kota
Indonesia,2018,Riau,Kampar,,70.35,72.5,kota
Indonesia,2019,Riau,Kampar,23.07,70.64,73.15,kota
Indonesia,2020,Riau,Kampar,,70.76,72.83,kota
Indonesia,2021,Riau,Kampar,25.7,70.83,73.02,kota
Indonesia,2022,Riau,Kampar,14.5,71.12,73.84,kota
Indonesia,2023,Riau,Kampar,7.6,71.42,74.24,kota
Indonesia,2024,Riau,Kampar,16.2,71.56,74.85,kota
Indonesia,2013,Riau,Kepulauan Meranti,,66.38,62.53,kota
Indonesia,2014,Riau,Kepulauan Meranti,,66.42,62.91,kota
Indonesia,2015,Riau,Kepulauan Meranti,,66.72,63.25,kota
Indonesia,2016,Riau,Kepulauan Meranti,,66.85,63.9,kota
Indonesia,2017,Riau,Kepulauan Meranti,,66.99,64.7,kota
Indonesia,2018,Riau,Kepulauan Meranti,,67.21,65.23,kota
Indonesia,2019,Riau,Kepulauan Meranti,25.1,67.53,65.93,kota
Indonesia,2020,Riau,Kepulauan Meranti,,67.68,65.5,kota
Indonesia,2021,Riau,Kepulauan Meranti,23.3,67.78,65.7,kota
Indonesia,2022,Riau,Kepulauan Meranti,17.5,68.09,66.52,kota
Indonesia,2023,Riau,Kepulauan Meranti,19.6,68.41,67.28,kota
Indonesia,2024,Riau,Kepulauan Meranti,18.0,68.48,67.92,kota
Indonesia,2013,Riau,Kota Dumai,,70.04,71.59,kota
Indonesia,2014,Riau,Kota Dumai,,70.05,71.86,kota
Indonesia,2015,Riau,Kota Dumai,,70.25,72.2,kota
Indonesia,2016,Riau,Kota Dumai,,70.31,72.96,kota
Indonesia,2017,Riau,Kota Dumai,,70.37,73.46,kota
Indonesia,2018,Riau,Kota Dumai,,70.55,74.06,kota
Indonesia,2019,Riau,Kota Dumai,11.59,70.82,74.64,kota
Indonesia,2020,Riau,Kota Dumai,,70.93,74.4,kota
Indonesia,2021,Riau,Kota Dumai,23.0,70.98,74.75,kota
Indonesia,2022,Riau,Kota Dumai,12.8,71.25,75.26,kota
Indonesia,2023,Riau,Kota Dumai,14.9,71.67,75.66,kota
Indonesia,2024,Riau,Kota Dumai,16.9,71.78,76.19,kota
Indonesia,2013,Riau,Kota Pekanbaru,,71.54,78.16,kota
Indonesia,2014,Riau,Kota Pekanbaru,,71.55,78.42,kota
Indonesia,2015,Riau,Kota Pekanbaru,,71.65,79.32,kota
Indonesia,2016,Riau,Kota Pekanbaru,,71.7,79.69,kota
Indonesia,2017,Riau,Kota Pekanbaru,,71.75,79.97,kota
Indonesia,2018,Riau,Kota Pekanbaru,,71.94,80.66,kota
Indonesia,2019,Riau,Kota Pekanbaru,,72.22,81.35,kota
Indonesia,2020,Riau,Kota Pekanbaru,,72.34,81.32,kota
Indonesia,2021,Riau,Kota Pekanbaru,11.4,72.41,81.58,kota
Indonesia,2022,Riau,Kota Pekanbaru,,72.7,82.06,kota
Indonesia,2023,Riau,Kota Pekanbaru,,73.02,82.38,kota
Indonesia,2024,Riau,Kota Pekanbaru,14.5,73.21,82.89,kota
Indonesia,2013,Riau,Kuantan Singingi,,67.64,66.65,kota
Indonesia,2014,Riau,Kuantan Singingi,,67.66,67.47,kota
Indonesia,2015,Riau,Kuantan Singingi,,67.86,68.32,kota
Indonesia,2016,Riau,Kuantan Singingi,,67.92,68.66,kota
Indonesia,2017,Riau,Kuantan Singingi,,67.99,69.53,kota
Indonesia,2018,Riau,Kuantan Singingi,,68.17,69.96,kota
Indonesia,2019,Riau,Kuantan Singingi,29.55,68.44,70.78,kota
Indonesia,2020,Riau,Kuantan Singingi,,68.55,70.31,kota
Indonesia,2021,Riau,Kuantan Singingi,22.4,68.6,70.6,kota
Indonesia,2022,Riau,Kuantan Singingi,17.8,68.87,71.09,kota
Indonesia,2023,Riau,Kuantan Singingi,23.0,69.13,71.67,kota
Indonesia,2024,Riau,Kuantan Singingi,23.1,69.44,72.33,kota
Indonesia,2013,Riau,Pelalawan,,70.04,68.29,kota
Indonesia,2014,Riau,Pelalawan,,70.13,68.67,kota
Indonesia,2015,Riau,Pelalawan,,70.23,69.82,kota
Indonesia,2016,Riau,Pelalawan,,70.39,70.21,kota
Indonesia,2017,Riau,Pelalawan,,70.54,70.59,kota
Indonesia,2018,Riau,Pelalawan,,70.74,71.44,kota
Indonesia,2019,Riau,Pelalawan,22.97,71.03,71.85,kota
Indonesia,2020,Riau,Pelalawan,,71.16,71.56,kota
Indonesia,2021,Riau,Pelalawan,21.2,71.24,72.08,kota
Indonesia,2022,Riau,Pelalawan,11.2,71.53,72.93,kota
Indonesia,2023,Riau,Pelalawan,10.1,72.0,73.59,kota
Indonesia,2024,Riau,Pelalawan,16.8,72.13,74.08,kota
Indonesia,2013,Riau,Rokan Hilir,,69.23,65.46,kota
Indonesia,2014,Riau,Rokan Hilir,,69.27,66.22,kota
Indonesia,2015,Riau,Rokan Hilir,,69.47,66.81,kota
Indonesia,2016,Riau,Rokan Hilir,,69.57,67.52,kota
Indonesia,2017,Riau,Rokan Hilir,,69.66,67.84,kota
Indonesia,2018,Riau,Rokan Hilir,,69.87,68.73,kota
Indonesia,2019,Riau,Rokan Hilir,28.87,70.17,69.4,kota
Indonesia,2020,Riau,Rokan Hilir,,70.3,69.15,kota
Indonesia,2021,Riau,Rokan Hilir,29.7,70.39,69.34,kota
Indonesia,2022,Riau,Rokan Hilir,14.7,70.69,70.1,kota
Indonesia,2023,Riau,Rokan Hilir,16.6,70.99,70.78,kota
Indonesia,2024,Riau,Rokan Hilir,24.5,71.11,71.2,kota
Indonesia,2013,Riau,Rokan Hulu,,68.85,66.07,kota
Indonesia,2014,Riau,Rokan Hulu,,68.93,67.02,kota
Indonesia,2015,Riau,Rokan Hulu,,69.03,67.29,kota
Indonesia,2016,Riau,Rokan Hulu,,69.17,67.86,kota
Indonesia,2017,Riau,Rokan Hulu,,69.31,68.67,kota
Indonesia,2018,Riau,Rokan Hulu,,69.55,69.36,kota
Indonesia,2019,Riau,Rokan Hulu,24.37,69.89,69.93,kota
Indonesia,2020,Riau,Rokan Hulu,,70.06,69.38,kota
Indonesia,2021,Riau,Rokan Hulu,25.8,70.18,69.67,kota
Indonesia,2022,Riau,Rokan Hulu,22.0,70.51,70.31,kota
Indonesia,2023,Riau,Rokan Hulu,15.9,70.84,71.02,kota
Indonesia,2024,Riau,Rokan Hulu,21.4,70.95,71.82,kota
Indonesia,2013,Riau,Siak,,70.51,70.84,kota
Indonesia,2014,Riau,Siak,,70.54,71.45,kota
Indonesia,2015,Riau,Siak,,70.54,72.17,kota
Indonesia,2016,Riau,Siak,,70.59,72.7,kota
Indonesia,2017,Riau,Siak,,70.64,73.18,kota
Indonesia,2018,Riau,Siak,,70.79,73.73,kota
Indonesia,2019,Riau,Siak,27.79,71.03,74.07,kota
Indonesia,2020,Riau,Siak,,71.11,73.68,kota
Indonesia,2021,Riau,Siak,19.0,71.13,73.98,kota
Indonesia,2022,Riau,Siak,22.0,71.37,74.5,kota
Indonesia,2023,Riau,Siak,10.4,71.64,74.98,kota
Indonesia,2024,Riau,Siak,16.2,71.75,75.45,kota
Indonesia,2013,Sulawesi Barat,Majene,,60.15,63.32,kota
Indonesia,2014,Sulawesi Barat,Majene,,60.21,63.74,kota
Indonesia,2015,Sulawesi Barat,Majene,,60.51,64.4,kota
Indonesia,2016,Sulawesi Barat,Majene,,60.64,64.8,kota
Indonesia,2017,Sulawesi Barat,Majene,,60.79,65.4,kota
Indonesia,2018,Sulawesi Barat,Majene,,61.05,66.01,kota
Indonesia,2019,Sulawesi Barat,Majene,43.7,61.3,66.59,kota
Indonesia,2020,Sulawesi Barat,Majene,,61.56,66.91,kota
Indonesia,2021,Sulawesi Barat,Majene,35.7,61.77,67.29,kota
Indonesia,2022,Sulawesi Barat,Majene,40.6,62.16,67.84,kota
Indonesia,2023,Sulawesi Barat,Majene,30.5,62.56,68.62,kota
Indonesia,2024,Sulawesi Barat,Majene,37.5,62.89,69.42,kota
Indonesia,2013,Sulawesi Barat,Mamasa,,70.25,62.57,kota
Indonesia,2014,Sulawesi Barat,Mamasa,,70.28,62.85,kota
Indonesia,2015,Sulawesi Barat,Mamasa,,70.38,63.17,kota
Indonesia,2016,Sulawesi Barat,Mamasa,,70.43,63.51,kota
Indonesia,2017,Sulawesi Barat,Mamasa,,70.48,63.92,kota
Indonesia,2018,Sulawesi Barat,Mamasa,,70.62,64.66,kota
Indonesia,2019,Sulawesi Barat,Mamasa,45.02,70.75,65.32,kota
Indonesia,2020,Sulawesi Barat,Mamasa,,70.87,66.02,kota
Indonesia,2021,Sulawesi Barat,Mamasa,33.7,70.94,66.63,kota
Indonesia,2022,Sulawesi Barat,Mamasa,38.6,71.2,67.21,kota
Indonesia,2023,Sulawesi Barat,Mamasa,37.6,71.45,67.83,kota
Indonesia,2024,Sulawesi Barat,Mamasa,35.7,71.58,68.37,kota
Indonesia,2013,Sulawesi Barat,Mamuju,,66.28,64.17,kota
Indonesia,2014,Sulawesi Barat,Mamuju,,66.37,64.71,kota
Indonesia,2015,Sulawesi Barat,Mamuju,,66.38,65.09,kota
Indonesia,2016,Sulawesi Barat,Mamuju,,66.51,65.65,kota
Indonesia,2017,Sulawesi Barat,Mamuju,,66.65,66.32,kota
Indonesia,2018,Sulawesi Barat,Mamuju,,66.94,67.11,kota
Indonesia,2019,Sulawesi Barat,Mamuju,43.68,67.23,67.72,kota
Indonesia,2020,Sulawesi Barat,Mamuju,,67.52,68.15,kota
Indonesia,2021,Sulawesi Barat,Mamuju,30.3,67.77,68.32,kota
Indonesia,2022,Sulawesi Barat,Mamuju,33.8,68.21,68.88,kota
Indonesia,2023,Sulawesi Barat,Mamuju,32.8,68.66,69.61,kota
Indonesia,2024,Sulawesi Barat,Mamuju,38.7,69.02,70.4,kota
Indonesia,2013,Sulawesi Barat,Mamuju Tengah,,66.93,61.05,kota
Indonesia,2014,Sulawesi Barat,Mamuju Tengah,,67.0,61.48,kota
Indonesia,2015,Sulawesi Barat,Mamuju Tengah,,67.2,62.22,kota
Indonesia,2016,Sulawesi Barat,Mamuju Tengah,,67.36,62.89,kota
Indonesia,2017,Sulawesi Barat,Mamuju Tengah,,67.52,63.64,kota
Indonesia,2018,Sulawesi Barat,Mamuju Tengah,,67.79,64.43,kota
Indonesia,2019,Sulawesi Barat,Mamuju Tengah,32.14,68.06,65.1,kota
Indonesia,2020,Sulawesi Barat,Mamuju Tengah,,68.33,65.71,kota
Indonesia,2021,Sulawesi Barat,Mamuju Tengah,26.3,68.55,66.18,kota
Indonesia,2022,Sulawesi Barat,Mamuju Tengah,28.1,68.97,66.89,kota
Indonesia,2023,Sulawesi Barat,Mamuju Tengah,27.9,69.37,67.45,kota
Indonesia,2024,Sulawesi Barat,Mamuju Tengah,31.5,69.68,68.36,kota
Indonesia,2013,Sulawesi Barat,Pasangkayu (Mamuju Utara),,64.7,63.76,kota
Indonesia,2014,Sulawesi Barat,Pasangkayu (Mamuju Utara),,64.83,64.04,kota
Indonesia,2015,Sulawesi Barat,Pasangkayu (Mamuju Utara),,64.93,64.69,kota
Indonesia,2016,Sulawesi Barat,Pasangkayu (Mamuju Utara),,65.13,65.17,kota
Indonesia,2017,Sulawesi Barat,Pasangkayu (Mamuju Utara),,65.33,65.67,kota
Indonesia,2018,Sulawesi Barat,Pasangkayu (Mamuju Utara),,65.62,66.6,kota
Indonesia,2019,Sulawesi Barat,Pasangkayu (Mamuju Utara),,65.91,67.27,kota
Indonesia,2020,Sulawesi Barat,Pasangkayu (Mamuju Utara),,66.2,67.79,kota
Indonesia,2021,Sulawesi Barat,Pasangkayu (Mamuju Utara),28.6,66.45,68.03,kota
Indonesia,2022,Sulawesi Barat,Pasangkayu (Mamuju Utara),,66.9,68.61,kota
Indonesia,2023,Sulawesi Barat,Pasangkayu (Mamuju Utara),,67.33,69.11,kota
Indonesia,2024,Sulawesi Barat,Pasangkayu (Mamuju Utara),,67.66,69.73,kota
Indonesia,2013,Sulawesi Barat,Polewali Mandar,,61.12,59.27,kota
Indonesia,2014,Sulawesi Barat,Polewali Mandar,,61.14,60.09,kota
Indonesia,2015,Sulawesi Barat,Polewali Mandar,,61.54,60.87,kota
Indonesia,2016,Sulawesi Barat,Polewali Mandar,,61.65,61.51,kota
Indonesia,2017,Sulawesi Barat,Polewali Mandar,,61.76,62.35,kota
Indonesia,2018,Sulawesi Barat,Polewali Mandar,,61.97,63.14,kota
Indonesia,2019,Sulawesi Barat,Polewali Mandar,39.45,62.18,63.74,kota
Indonesia,2020,Sulawesi Barat,Polewali Mandar,,62.38,63.84,kota
Indonesia,2021,Sulawesi Barat,Polewali Mandar,36.0,62.53,64.23,kota
Indonesia,2022,Sulawesi Barat,Polewali Mandar,39.3,62.86,64.79,kota
Indonesia,2023,Sulawesi Barat,Polewali Mandar,28.1,63.2,65.59,kota
Indonesia,2024,Sulawesi Barat,Polewali Mandar,31.5,63.46,66.22,kota
Indonesia,2013,Sulawesi Selatan,Bantaeng,,69.65,64.88,kota
Indonesia,2014,Sulawesi Selatan,Bantaeng,,69.68,65.77,kota
Indonesia,2015,Sulawesi Selatan,Bantaeng,,69.77,66.2,kota
Indonesia,2016,Sulawesi Selatan,Bantaeng,,69.84,66.59,kota
Indonesia,2017,Sulawesi Selatan,Bantaeng,,69.9,67.27,kota
Indonesia,2018,Sulawesi Selatan,Bantaeng,,70.11,67.76,kota
Indonesia,2019,Sulawesi Selatan,Bantaeng,42.37,70.42,68.3,kota
Indonesia,2020,Sulawesi Selatan,Bantaeng,,70.54,68.73,kota
Indonesia,2021,Sulawesi Selatan,Bantaeng,22.5,70.6,68.99,kota
Indonesia,2022,Sulawesi Selatan,Bantaeng,22.1,70.88,69.69,kota
Indonesia,2023,Sulawesi Selatan,Bantaeng,15.8,71.11,70.57,kota
Indonesia,2024,Sulawesi Selatan,Bantaeng,24.3,71.3,71.48,kota
Indonesia,2013,Sulawesi Selatan,Barru,,67.69,67.02,kota
Indonesia,2014,Sulawesi Selatan,Barru,,67.73,67.94,kota
Indonesia,2015,Sulawesi Selatan,Barru,,68.03,68.64,kota
Indonesia,2016,Sulawesi Selatan,Barru,,68.16,69.07,kota
Indonesia,2017,Sulawesi Selatan,Barru,,68.3,69.56,kota
Indonesia,2018,Sulawesi Selatan,Barru,,68.6,70.05,kota
Indonesia,2019,Sulawesi Selatan,Barru,25.29,68.91,70.6,kota
Indonesia,2020,Sulawesi Selatan,Barru,,69.02,71.0,kota
Indonesia,2021,Sulawesi Selatan,Barru,26.4,69.07,71.13,kota
Indonesia,2022,Sulawesi Selatan,Barru,14.1,69.35,71.53,kota
Indonesia,2023,Sulawesi Selatan,Barru,22.1,69.55,72.36,kota
Indonesia,2024,Sulawesi Selatan,Barru,26.9,69.73,73.06,kota
Indonesia,2013,Sulawesi Selatan,Bone,,65.76,61.4,kota
Indonesia,2014,Sulawesi Selatan,Bone,,65.81,62.09,kota
Indonesia,2015,Sulawesi Selatan,Bone,,66.01,63.11,kota
Indonesia,2016,Sulawesi Selatan,Bone,,66.12,63.86,kota
Indonesia,2017,Sulawesi Selatan,Bone,,66.22,64.16,kota
Indonesia,2018,Sulawesi Selatan,Bone,,66.5,65.04,kota
Indonesia,2019,Sulawesi Selatan,Bone,33.02,66.88,65.67,kota
Indonesia,2020,Sulawesi Selatan,Bone,,67.07,66.06,kota
Indonesia,2021,Sulawesi Selatan,Bone,34.1,67.21,66.4,kota
Indonesia,2022,Sulawesi Selatan,Bone,27.8,67.57,67.01,kota
Indonesia,2023,Sulawesi Selatan,Bone,26.0,67.85,67.81,kota
Indonesia,2024,Sulawesi Selatan,Bone,26.0,68.1,68.36,kota
Indonesia,2013,Sulawesi Selatan,Bulukumba,,66.39,64.27,kota
Indonesia,2014,Sulawesi Selatan,Bulukumba,,66.43,65.24,kota
Indonesia,2015,Sulawesi Selatan,Bulukumba,,66.73,65.58,kota
Indonesia,2016,Sulawesi Selatan,Bulukumba,,66.84,66.46,kota
Indonesia,2017,Sulawesi Selatan,Bulukumba,,66.96,67.08,kota
Indonesia,2018,Sulawesi Selatan,Bulukumba,,67.27,67.7,kota
Indonesia,2019,Sulawesi Selatan,Bulukumba,28.24,67.69,68.28,kota
Indonesia,2020,Sulawesi Selatan,Bulukumba,,67.92,68.99,kota
Indonesia,2021,Sulawesi Selatan,Bulukumba,30.8,68.1,69.62,kota
Indonesia,2022,Sulawesi Selatan,Bulukumba,28.4,68.51,70.34,kota
Indonesia,2023,Sulawesi Selatan,Bulukumba,33.7,68.84,71.21,kota
Indonesia,2024,Sulawesi Selatan,Bulukumba,25.2,69.0,71.97,kota
Indonesia,2013,Sulawesi Selatan,Enrekang,,70.2,68.39,kota
Indonesia,2014,Sulawesi Selatan,Enrekang,,70.21,69.37,kota
Indonesia,2015,Sulawesi Selatan,Enrekang,,70.31,70.03,kota
Indonesia,2016,Sulawesi Selatan,Enrekang,,70.34,70.79,kota
Indonesia,2017,Sulawesi Selatan,Enrekang,,70.38,71.44,kota
Indonesia,2018,Sulawesi Selatan,Enrekang,,70.55,72.15,kota
Indonesia,2019,Sulawesi Selatan,Enrekang,43.71,70.83,72.66,kota
Indonesia,2020,Sulawesi Selatan,Enrekang,,70.91,72.76,kota
Indonesia,2021,Sulawesi Selatan,Enrekang,31.9,70.93,72.91,kota
Indonesia,2022,Sulawesi Selatan,Enrekang,26.4,71.17,73.39,kota
Indonesia,2023,Sulawesi Selatan,Enrekang,34.9,71.34,73.89,kota
Indonesia,2024,Sulawesi Selatan,Enrekang,34.3,71.51,74.61,kota
Indonesia,2013,Sulawesi Selatan,Gowa,,69.78,65.45,kota
Indonesia,2014,Sulawesi Selatan,Gowa,,69.78,66.12,kota
Indonesia,2015,Sulawesi Selatan,Gowa,,69.88,66.87,kota
Indonesia,2016,Sulawesi Selatan,Gowa,,69.92,67.7,kota
Indonesia,2017,Sulawesi Selatan,Gowa,,69.95,68.33,kota
Indonesia,2018,Sulawesi Selatan,Gowa,,70.11,68.87,kota
Indonesia,2019,Sulawesi Selatan,Gowa,36.94,70.37,69.66,kota
Indonesia,2020,Sulawesi Selatan,Gowa,,70.43,70.14,kota
Indonesia,2021,Sulawesi Selatan,Gowa,33.0,70.45,70.29,kota
Indonesia,2022,Sulawesi Selatan,Gowa,33.0,70.7,70.99,kota
Indonesia,2023,Sulawesi Selatan,Gowa,21.1,70.89,71.57,kota
Indonesia,2024,Sulawesi Selatan,Gowa,17.0,71.06,72.26,kota
Indonesia,2013,Sulawesi Selatan,Jeneponto,,65.35,60.55,kota
Indonesia,2014,Sulawesi Selatan,Jeneponto,,65.39,61.45,kota
Indonesia,2015,Sulawesi Selatan,Jeneponto,,65.49,61.61,kota
Indonesia,2016,Sulawesi Selatan,Jeneponto,,65.57,61.81,kota
Indonesia,2017,Sulawesi Selatan,Jeneponto,,65.65,62.67,kota
Indonesia,2018,Sulawesi Selatan,Jeneponto,,65.89,63.33,kota
Indonesia,2019,Sulawesi Selatan,Jeneponto,41.11,66.24,64.0,kota
Indonesia,2020,Sulawesi Selatan,Jeneponto,,66.39,64.26,kota
Indonesia,2021,Sulawesi Selatan,Jeneponto,37.9,66.49,64.56,kota
Indonesia,2022,Sulawesi Selatan,Jeneponto,39.8,66.81,65.13,kota
Indonesia,2023,Sulawesi Selatan,Jeneponto,36.3,66.99,65.9,kota
Indonesia,2024,Sulawesi Selatan,Jeneponto,37.0,67.16,66.38,kota
Indonesia,2013,Sulawesi Selatan,Kepulauan Selayar,,67.49,63.16,kota
Indonesia,2014,Sulawesi Selatan,Kepulauan Selayar,,67.5,63.66,kota
Indonesia,2015,Sulawesi Selatan,Kepulauan Selayar,,67.7,64.32,kota
Indonesia,2016,Sulawesi Selatan,Kepulauan Selayar,,67.76,64.95,kota
Indonesia,2017,Sulawesi Selatan,Kepulauan Selayar,,67.82,65.39,kota
Indonesia,2018,Sulawesi Selatan,Kepulauan Selayar,,68.03,66.04,kota
Indonesia,2019,Sulawesi Selatan,Kepulauan Selayar,,68.34,66.91,kota
Indonesia,2020,Sulawesi Selatan,Kepulauan Selayar,,68.46,67.38,kota
Indonesia,2021,Sulawesi Selatan,Kepulauan Selayar,27.7,68.52,67.76,kota
Indonesia,2022,Sulawesi Selatan,Kepulauan Selayar,,68.81,68.35,kota
Indonesia,2023,Sulawesi Selatan,Kepulauan Selayar,,69.04,69.2,kota
Indonesia,2024,Sulawesi Selatan,Kepulauan Selayar,25.7,69.26,70.03,kota
Indonesia,2013,Sulawesi Selatan,Kota Makassar,,71.38,78.98,kota
Indonesia,2014,Sulawesi Selatan,Kota Makassar,,71.38,79.35,kota
Indonesia,2015,Sulawesi Selatan,Kota Makassar,,71.47,79.94,kota
Indonesia,2016,Sulawesi Selatan,Kota Makassar,,71.49,80.53,kota
Indonesia,2017,Sulawesi Selatan,Kota Makassar,,71.51,81.13,kota
Indonesia,2018,Sulawesi Selatan,Kota Makassar,,71.7,81.73,kota
Indonesia,2019,Sulawesi Selatan,Kota Makassar,23.05,72.0,82.25,kota
Indonesia,2020,Sulawesi Selatan,Kota Makassar,,72.09,82.25,kota
Indonesia,2021,Sulawesi Selatan,Kota Makassar,18.8,72.13,82.66,kota
Indonesia,2022,Sulawesi Selatan,Kota Makassar,18.4,72.4,83.12,kota
Indonesia,2023,Sulawesi Selatan,Kota Makassar,25.6,72.6,83.52,kota
Indonesia,2024,Sulawesi Selatan,Kota Makassar,22.9,72.78,83.9,kota
Indonesia,2013,Sulawesi Selatan,Kota Palopo,,70.1,75.02,kota
Indonesia,2014,Sulawesi Selatan,Kota Palopo,,70.12,75.65,kota
Indonesia,2015,Sulawesi Selatan,Kota Palopo,,70.2,76.27,kota
Indonesia,2016,Sulawesi Selatan,Kota Palopo,,70.25,76.45,kota
Indonesia,2017,Sulawesi Selatan,Kota Palopo,,70.3,76.71,kota
Indonesia,2018,Sulawesi Selatan,Kota Palopo,,70.49,77.3,kota
Indonesia,2019,Sulawesi Selatan,Kota Palopo,15.34,70.79,77.98,kota
Indonesia,2020,Sulawesi Selatan,Kota Palopo,,70.88,78.06,kota
Indonesia,2021,Sulawesi Selatan,Kota Palopo,28.5,70.92,78.38,kota
Indonesia,2022,Sulawesi Selatan,Kota Palopo,23.8,71.18,78.91,kota
Indonesia,2023,Sulawesi Selatan,Kota Palopo,25.5,71.39,79.45,kota
Indonesia,2024,Sulawesi Selatan,Kota Palopo,22.7,71.6,79.94,kota
Indonesia,2013,Sulawesi Selatan,Kota Pare Pare,,70.38,75.1,kota
Indonesia,2014,Sulawesi Selatan,Kota Pare Pare,,70.39,75.66,kota
Indonesia,2015,Sulawesi Selatan,Kota Pare Pare,,70.59,76.31,kota
Indonesia,2016,Sulawesi Selatan,Kota Pare Pare,,70.64,76.48,kota
Indonesia,2017,Sulawesi Selatan,Kota Pare Pare,,70.69,76.68,kota
Indonesia,2018,Sulawesi Selatan,Kota Pare Pare,,70.88,77.19,kota
Indonesia,2019,Sulawesi Selatan,Kota Pare Pare,,71.18,77.62,kota
Indonesia,2020,Sulawesi Selatan,Kota Pare Pare,,71.27,77.86,kota
Indonesia,2021,Sulawesi Selatan,Kota Pare Pare,24.8,71.31,78.21,kota
Indonesia,2022,Sulawesi Selatan,Kota Pare Pare,,71.57,78.54,kota
Indonesia,2023,Sulawesi Selatan,Kota Pare Pare,,71.78,79.03,kota
Indonesia,2024,Sulawesi Selatan,Kota Pare Pare,,71.98,79.64,kota
Indonesia,2013,Sulawesi Selatan,Luwu,,69.13,66.39,kota
Indonesia,2014,Sulawesi Selatan,Luwu,,69.14,67.34,kota
Indonesia,2015,Sulawesi Selatan,Luwu,,69.44,68.11,kota
Indonesia,2016,Sulawesi Selatan,Luwu,,69.52,68.71,kota
Indonesia,2017,Sulawesi Selatan,Luwu,,69.6,69.02,kota
Indonesia,2018,Sulawesi Selatan,Luwu,,69.84,69.6,kota
Indonesia,2019,Sulawesi Selatan,Luwu,36.4,70.19,70.39,kota
Indonesia,2020,Sulawesi Selatan,Luwu,,70.34,70.51,kota
Indonesia,2021,Sulawesi Selatan,Luwu,22.8,70.44,70.85,kota
Indonesia,2022,Sulawesi Selatan,Luwu,26.7,70.75,71.36,kota
Indonesia,2023,Sulawesi Selatan,Luwu,32.1,71.0,72.16,kota
Indonesia,2024,Sulawesi Selatan,Luwu,23.6,71.23,72.79,kota
Indonesia,2013,Sulawesi Selatan,Luwu Timur,,69.42,69.53,kota
Indonesia,2014,Sulawesi Selatan,Luwu Timur,,69.44,69.75,kota
Indonesia,2015,Sulawesi Selatan,Luwu Timur,,69.64,70.43,kota
Indonesia,2016,Sulawesi Selatan,Luwu Timur,,69.71,70.95,kota
Indonesia,2017,Sulawesi Selatan,Luwu Timur,,69.79,71.46,kota
Indonesia,2018,Sulawesi Selatan,Luwu Timur,,70.03,72.16,kota
Indonesia,2019,Sulawesi Selatan,Luwu Timur,25.76,70.38,72.8,kota
Indonesia,2020,Sulawesi Selatan,Luwu Timur,,70.53,73.22,kota
Indonesia,2021,Sulawesi Selatan,Luwu Timur,19.9,70.63,73.34,kota
Indonesia,2022,Sulawesi Selatan,Luwu Timur,22.6,70.94,73.92,kota
Indonesia,2023,Sulawesi Selatan,Luwu Timur,26.0,71.19,74.35,kota
Indonesia,2024,Sulawesi Selatan,Luwu Timur,21.8,71.42,74.95,kota
Indonesia,2013,Sulawesi Selatan,Luwu Utara,,66.98,66.4,kota
Indonesia,2014,Sulawesi Selatan,Luwu Utara,,67.0,66.9,kota
Indonesia,2015,Sulawesi Selatan,Luwu Utara,,67.4,67.44,kota
Indonesia,2016,Sulawesi Selatan,Luwu Utara,,67.5,67.81,kota
Indonesia,2017,Sulawesi Selatan,Luwu Utara,,67.61,68.35,kota
Indonesia,2018,Sulawesi Selatan,Luwu Utara,,67.9,68.79,kota
Indonesia,2019,Sulawesi Selatan,Luwu Utara,18.12,68.31,69.46,kota
Indonesia,2020,Sulawesi Selatan,Luwu Utara,,68.51,69.57,kota
Indonesia,2021,Sulawesi Selatan,Luwu Utara,19.5,68.67,70.02,kota
Indonesia,2022,Sulawesi Selatan,Luwu Utara,29.8,69.03,70.51,kota
Indonesia,2023,Sulawesi Selatan,Luwu Utara,15.5,69.36,71.34,kota
Indonesia,2024,Sulawesi Selatan,Luwu Utara,23.6,69.67,72.07,kota
Indonesia,2013,Sulawesi Selatan,Maros,,68.49,66.06,kota
Indonesia,2014,Sulawesi Selatan,Maros,,68.5,66.65,kota
Indonesia,2015,Sulawesi Selatan,Maros,,68.55,67.13,kota
Indonesia,2016,Sulawesi Selatan,Maros,,68.58,67.76,kota
Indonesia,2017,Sulawesi Selatan,Maros,,68.6,68.42,kota
Indonesia,2018,Sulawesi Selatan,Maros,,68.74,68.94,kota
Indonesia,2019,Sulawesi Selatan,Maros,32.66,68.98,69.5,kota
Indonesia,2020,Sulawesi Selatan,Maros,,69.02,69.86,kota
Indonesia,2021,Sulawesi Selatan,Maros,37.5,69.04,70.41,kota
Indonesia,2022,Sulawesi Selatan,Maros,30.1,69.28,71.0,kota
Indonesia,2023,Sulawesi Selatan,Maros,34.7,69.45,71.63,kota
Indonesia,2024,Sulawesi Selatan,Maros,22.4,69.68,72.11,kota
Indonesia,2013,Sulawesi Selatan,Pangkajene Kepulauan,,65.35,65.24,kota
Indonesia,2014,Sulawesi Selatan,Pangkajene Kepulauan,,65.37,66.16,kota
Indonesia,2015,Sulawesi Selatan,Pangkajene Kepulauan,,65.67,66.65,kota
Indonesia,2016,Sulawesi Selatan,Pangkajene Kepulauan,,65.77,66.86,kota
Indonesia,2017,Sulawesi Selatan,Pangkajene Kepulauan,,65.86,67.25,kota
Indonesia,2018,Sulawesi Selatan,Pangkajene Kepulauan,,66.12,67.71,kota
Indonesia,2019,Sulawesi Selatan,Pangkajene Kepulauan,34.51,66.49,68.29,kota
Indonesia,2020,Sulawesi Selatan,Pangkajene Kepulauan,,66.66,68.72,kota
Indonesia,2021,Sulawesi Selatan,Pangkajene Kepulauan,33.1,66.78,69.21,kota
Indonesia,2022,Sulawesi Selatan,Pangkajene Kepulauan,34.2,67.12,69.79,kota
Indonesia,2023,Sulawesi Selatan,Pangkajene Kepulauan,30.0,67.36,70.59,kota
Indonesia,2024,Sulawesi Selatan,Pangkajene Kepulauan,,67.59,71.22,kota
Indonesia,2013,Sulawesi Selatan,Pinrang,,68.0,68.14,kota
Indonesia,2014,Sulawesi Selatan,Pinrang,,68.03,68.92,kota
Indonesia,2015,Sulawesi Selatan,Pinrang,,68.43,69.24,kota
Indonesia,2016,Sulawesi Selatan,Pinrang,,68.55,69.42,kota
Indonesia,2017,Sulawesi Selatan,Pinrang,,68.68,69.9,kota
Indonesia,2018,Sulawesi Selatan,Pinrang,,68.98,70.62,kota
Indonesia,2019,Sulawesi Selatan,Pinrang,27.6,69.39,71.12,kota
Indonesia,2020,Sulawesi Selatan,Pinrang,,69.61,71.26,kota
Indonesia,2021,Sulawesi Selatan,Pinrang,24.5,69.77,71.45,kota
Indonesia,2022,Sulawesi Selatan,Pinrang,20.9,70.15,71.97,kota
Indonesia,2023,Sulawesi Selatan,Pinrang,17.6,70.49,72.84,kota
Indonesia,2024,Sulawesi Selatan,Pinrang,22.2,70.65,73.55,kota
Indonesia,2013,Sulawesi Selatan,Sidenreng Rappang,,68.05,67.15,kota
Indonesia,2014,Sulawesi Selatan,Sidenreng Rappang,,68.07,68.14,kota
Indonesia,2015,Sulawesi Selatan,Sidenreng Rappang,,68.57,69.0,kota
Indonesia,2016,Sulawesi Selatan,Sidenreng Rappang,,68.69,69.39,kota
Indonesia,2017,Sulawesi Selatan,Sidenreng Rappang,,68.82,69.84,kota
Indonesia,2018,Sulawesi Selatan,Sidenreng Rappang,,69.15,70.6,kota
Indonesia,2019,Sulawesi Selatan,Sidenreng Rappang,26.1,69.59,71.05,kota
Indonesia,2020,Sulawesi Selatan,Sidenreng Rappang,,69.83,71.21,kota
Indonesia,2021,Sulawesi Selatan,Sidenreng Rappang,25.4,70.01,71.54,kota
Indonesia,2022,Sulawesi Selatan,Sidenreng Rappang,27.3,70.41,72.06,kota
Indonesia,2023,Sulawesi Selatan,Sidenreng Rappang,26.4,70.74,72.71,kota
Indonesia,2024,Sulawesi Selatan,Sidenreng Rappang,20.3,71.03,73.21,kota
Indonesia,2013,Sulawesi Selatan,Sinjai,,66.33,63.47,kota
Indonesia,2014,Sulawesi Selatan,Sinjai,,66.36,63.83,kota
Indonesia,2015,Sulawesi Selatan,Sinjai,,66.46,64.48,kota
Indonesia,2016,Sulawesi Selatan,Sinjai,,66.54,65.36,kota
Indonesia,2017,Sulawesi Selatan,Sinjai,,66.61,65.8,kota
Indonesia,2018,Sulawesi Selatan,Sinjai,,66.83,66.24,kota
Indonesia,2019,Sulawesi Selatan,Sinjai,34.28,67.17,67.05,kota
Indonesia,2020,Sulawesi Selatan,Sinjai,,67.3,67.6,kota
Indonesia,2021,Sulawesi Selatan,Sinjai,30.1,67.38,67.75,kota
Indonesia,2022,Sulawesi Selatan,Sinjai,29.4,67.68,68.33,kota
Indonesia,2023,Sulawesi Selatan,Sinjai,33.5,67.92,68.92,kota
Indonesia,2024,Sulawesi Selatan,Sinjai,28.6,68.13,69.52,kota
Indonesia,2013,Sulawesi Selatan,Soppeng,,68.37,64.43,kota
Indonesia,2014,Sulawesi Selatan,Soppeng,,68.42,64.74,kota
Indonesia,2015,Sulawesi Selatan,Soppeng,,68.52,65.33,kota
Indonesia,2016,Sulawesi Selatan,Soppeng,,68.62,65.95,kota
Indonesia,2017,Sulawesi Selatan,Soppeng,,68.72,66.67,kota
Indonesia,2018,Sulawesi Selatan,Soppeng,,69.02,67.6,kota
Indonesia,2019,Sulawesi Selatan,Soppeng,38.21,69.43,68.26,kota
Indonesia,2020,Sulawesi Selatan,Soppeng,,69.65,68.67,kota
Indonesia,2021,Sulawesi Selatan,Soppeng,25.4,69.81,68.99,kota
Indonesia,2022,Sulawesi Selatan,Soppeng,26.9,70.2,69.7,kota
Indonesia,2023,Sulawesi Selatan,Soppeng,24.0,70.5,70.58,kota
Indonesia,2024,Sulawesi Selatan,Soppeng,26.6,70.79,71.39,kota
Indonesia,2013,Sulawesi Selatan,Takalar,,65.88,62.58,kota
Indonesia,2014,Sulawesi Selatan,Takalar,,65.9,63.53,kota
Indonesia,2015,Sulawesi Selatan,Takalar,,66.2,64.07,kota
Indonesia,2016,Sulawesi Selatan,Takalar,,66.29,64.96,kota
Indonesia,2017,Sulawesi Selatan,Takalar,,66.38,65.48,kota
Indonesia,2018,Sulawesi Selatan,Takalar,,66.64,66.07,kota
Indonesia,2019,Sulawesi Selatan,Takalar,25.54,67.01,66.94,kota
Indonesia,2020,Sulawesi Selatan,Takalar,,67.18,67.31,kota
Indonesia,2021,Sulawesi Selatan,Takalar,34.7,67.3,67.72,kota
Indonesia,2022,Sulawesi Selatan,Takalar,31.3,67.64,68.31,kota
Indonesia,2023,Sulawesi Selatan,Takalar,35.4,67.9,68.9,kota
Indonesia,2024,Sulawesi Selatan,Takalar,24.0,68.11,69.47,kota
Indonesia,2013,Sulawesi Selatan,Tana Toraja,,72.1,64.55,kota
Indonesia,2014,Sulawesi Selatan,Tana Toraja,,72.11,65.08,kota
Indonesia,2015,Sulawesi Selatan,Tana Toraja,,72.41,65.75,kota
Indonesia,2016,Sulawesi Selatan,Tana Toraja,,72.48,66.25,kota
Indonesia,2017,Sulawesi Selatan,Tana Toraja,,72.56,66.82,kota
Indonesia,2018,Sulawesi Selatan,Tana Toraja,,72.8,67.66,kota
Indonesia,2019,Sulawesi Selatan,Tana Toraja,31.42,73.15,68.25,kota
Indonesia,2020,Sulawesi Selatan,Tana Toraja,,73.3,68.75,kota
Indonesia,2021,Sulawesi Selatan,Tana Toraja,29.2,73.4,69.49,kota
Indonesia,2022,Sulawesi Selatan,Tana Toraja,35.4,73.72,69.88,kota
Indonesia,2023,Sulawesi Selatan,Tana Toraja,36.9,73.99,70.73,kota
Indonesia,2024,Sulawesi Selatan,Tana Toraja,27.5,74.23,71.67,kota
Indonesia,2013,Sulawesi Selatan,Toraja Utara,,72.49,65.65,kota
Indonesia,2014,Sulawesi Selatan,Toraja Utara,,72.5,66.15,kota
Indonesia,2015,Sulawesi Selatan,Toraja Utara,,72.8,66.76,kota
Indonesia,2016,Sulawesi Selatan,Toraja Utara,,72.87,67.49,kota
Indonesia,2017,Sulawesi Selatan,Toraja Utara,,72.94,67.9,kota
Indonesia,2018,Sulawesi Selatan,Toraja Utara,,73.09,68.49,kota
Indonesia,2019,Sulawesi Selatan,Toraja Utara,34.35,73.35,69.23,kota
Indonesia,2020,Sulawesi Selatan,Toraja Utara,,73.39,69.33,kota
Indonesia,2021,Sulawesi Selatan,Toraja Utara,32.6,73.41,69.75,kota
Indonesia,2022,Sulawesi Selatan,Toraja Utara,34.1,73.65,70.36,kota
Indonesia,2023,Sulawesi Selatan,Toraja Utara,28.7,73.83,71.23,kota
Indonesia,2024,Sulawesi Selatan,Toraja Utara,27.6,74.0,71.85,kota
Indonesia,2013,Sulawesi Selatan,Wajo,,65.87,65.79,kota
Indonesia,2014,Sulawesi Selatan,Wajo,,65.93,66.49,kota
Indonesia,2015,Sulawesi Selatan,Wajo,,66.23,66.9,kota
Indonesia,2016,Sulawesi Selatan,Wajo,,66.38,67.52,kota
Indonesia,2017,Sulawesi Selatan,Wajo,,66.52,68.18,kota
Indonesia,2018,Sulawesi Selatan,Wajo,,66.79,68.57,kota
Indonesia,2019,Sulawesi Selatan,Wajo,36.7,67.17,69.05,kota
Indonesia,2020,Sulawesi Selatan,Wajo,,67.35,69.15,kota
Indonesia,2021,Sulawesi Selatan,Wajo,22.6,67.48,69.62,kota
Indonesia,2022,Sulawesi Selatan,Wajo,28.6,67.82,70.26,kota
Indonesia,2023,Sulawesi Selatan,Wajo,27.4,68.1,71.1,kota
Indonesia,2024,Sulawesi Selatan,Wajo,20.5,68.32,71.52,kota
Indonesia,2013,Sulawesi Tengah,Banggai,,69.72,66.39,kota
Indonesia,2014,Sulawesi Tengah,Banggai,,69.73,67.11,kota
Indonesia,2015,Sulawesi Tengah,Banggai,,69.93,67.44,kota
Indonesia,2016,Sulawesi Tengah,Banggai,,69.97,68.17,kota
Indonesia,2017,Sulawesi Tengah,Banggai,,70.02,69.0,kota
Indonesia,2018,Sulawesi Tengah,Banggai,,70.32,69.85,kota
Indonesia,2019,Sulawesi Tengah,Banggai,29.96,70.61,70.36,kota
Indonesia,2020,Sulawesi Tengah,Banggai,,70.88,70.52,kota
Indonesia,2021,Sulawesi Tengah,Banggai,26.0,70.88,70.6,kota
Indonesia,2022,Sulawesi Tengah,Banggai,24.3,70.88,71.08,kota
Indonesia,2023,Sulawesi Tengah,Banggai,29.1,71.02,71.7,kota
Indonesia,2024,Sulawesi Tengah,Banggai,28.7,71.09,72.32,kota
Indonesia,2013,Sulawesi Tengah,Banggai Kepulauan,,64.2,61.74,kota
Indonesia,2014,Sulawesi Tengah,Banggai Kepulauan,,64.25,62.33,kota
Indonesia,2015,Sulawesi Tengah,Banggai Kepulauan,,64.35,62.97,kota
Indonesia,2016,Sulawesi Tengah,Banggai Kepulauan,,64.44,63.45,kota
Indonesia,2017,Sulawesi Tengah,Banggai Kepulauan,,64.53,64.07,kota
Indonesia,2018,Sulawesi Tengah,Banggai Kepulauan,,65.12,64.68,kota
Indonesia,2019,Sulawesi Tengah,Banggai Kepulauan,34.17,65.71,65.13,kota
Indonesia,2020,Sulawesi Tengah,Banggai Kepulauan,,66.31,65.42,kota
Indonesia,2021,Sulawesi Tengah,Banggai Kepulauan,30.6,66.59,65.61,kota
Indonesia,2022,Sulawesi Tengah,Banggai Kepulauan,32.6,66.73,66.08,kota
Indonesia,2023,Sulawesi Tengah,Banggai Kepulauan,27.7,66.87,66.82,kota
Indonesia,2024,Sulawesi Tengah,Banggai Kepulauan,28.4,67.08,67.43,kota
Indonesia,2013,Sulawesi Tengah,Banggai Laut,,63.26,61.86,kota
Indonesia,2014,Sulawesi Tengah,Banggai Laut,,63.28,62.12,kota
Indonesia,2015,Sulawesi Tengah,Banggai Laut,,63.48,62.9,kota
Indonesia,2016,Sulawesi Tengah,Banggai Laut,,63.55,63.49,kota
Indonesia,2017,Sulawesi Tengah,Banggai Laut,,63.62,64.08,kota
Indonesia,2018,Sulawesi Tengah,Banggai Laut,,64.21,64.8,kota
Indonesia,2019,Sulawesi Tengah,Banggai Laut,,64.79,65.27,kota
Indonesia,2020,Sulawesi Tengah,Banggai Laut,,65.38,65.43,kota
Indonesia,2021,Sulawesi Tengah,Banggai Laut,26.1,65.67,65.65,kota
Indonesia,2022,Sulawesi Tengah,Banggai Laut,,65.81,66.22,kota
Indonesia,2023,Sulawesi Tengah,Banggai Laut,,66.08,66.93,kota
Indonesia,2024,Sulawesi Tengah,Banggai Laut,26.6,66.31,67.43,kota
Indonesia,2013,Sulawesi Tengah,Buol,,66.64,64.5,kota
Indonesia,2014,Sulawesi Tengah,Buol,,66.66,65.41,kota
Indonesia,2015,Sulawesi Tengah,Buol,,66.86,65.61,kota
Indonesia,2016,Sulawesi Tengah,Buol,,66.93,66.37,kota
Indonesia,2017,Sulawesi Tengah,Buol,,67.0,66.69,kota
Indonesia,2018,Sulawesi Tengah,Buol,,67.59,67.3,kota
Indonesia,2019,Sulawesi Tengah,Buol,28.67,68.17,67.69,kota
Indonesia,2020,Sulawesi Tengah,Buol,,68.76,67.82,kota
Indonesia,2021,Sulawesi Tengah,Buol,28.6,69.05,68.25,kota
Indonesia,2022,Sulawesi Tengah,Buol,32.7,69.32,68.72,kota
Indonesia,2023,Sulawesi Tengah,Buol,30.0,69.73,69.57,kota
Indonesia,2024,Sulawesi Tengah,Buol,36.9,69.99,70.28,kota
Indonesia,2013,Sulawesi Tengah,Donggala,,65.76,63.38,kota
Indonesia,2014,Sulawesi Tengah,Donggala,,65.79,63.55,kota
Indonesia,2015,Sulawesi Tengah,Donggala,,65.79,63.82,kota
Indonesia,2016,Sulawesi Tengah,Donggala,,65.84,64.42,kota
Indonesia,2017,Sulawesi Tengah,Donggala,,65.89,64.66,kota
Indonesia,2018,Sulawesi Tengah,Donggala,,66.37,65.14,kota
Indonesia,2019,Sulawesi Tengah,Donggala,33.59,66.85,65.49,kota
Indonesia,2020,Sulawesi Tengah,Donggala,,67.33,65.56,kota
Indonesia,2021,Sulawesi Tengah,Donggala,29.5,67.5,65.72,kota
Indonesia,2022,Sulawesi Tengah,Donggala,32.4,67.61,66.25,kota
Indonesia,2023,Sulawesi Tengah,Donggala,34.1,67.86,66.95,kota
Indonesia,2024,Sulawesi Tengah,Donggala,29.6,68.01,67.45,kota
Indonesia,2013,Sulawesi Tengah,Kota Palu,,69.93,78.65,kota
Indonesia,2014,Sulawesi Tengah,Kota Palu,,69.93,79.12,kota
Indonesia,2015,Sulawesi Tengah,Kota Palu,,69.93,79.63,kota
Indonesia,2016,Sulawesi Tengah,Kota Palu,,69.93,79.73,kota
Indonesia,2017,Sulawesi Tengah,Kota Palu,,69.93,80.24,kota
Indonesia,2018,Sulawesi Tengah,Kota Palu,,70.31,80.91,kota
Indonesia,2019,Sulawesi Tengah,Kota Palu,25.83,70.68,81.5,kota
Indonesia,2020,Sulawesi Tengah,Kota Palu,,71.04,81.47,kota
Indonesia,2021,Sulawesi Tengah,Kota Palu,23.9,71.09,81.7,kota
Indonesia,2022,Sulawesi Tengah,Kota Palu,24.7,71.2,82.02,kota
Indonesia,2023,Sulawesi Tengah,Kota Palu,22.1,71.45,82.52,kota
Indonesia,2024,Sulawesi Tengah,Kota Palu,25.6,71.56,82.88,kota
Indonesia,2013,Sulawesi Tengah,Morowali,,68.05,66.86,kota
Indonesia,2014,Sulawesi Tengah,Morowali,,68.06,67.91,kota
Indonesia,2015,Sulawesi Tengah,Morowali,,68.06,69.12,kota
Indonesia,2016,Sulawesi Tengah,Morowali,,68.06,69.69,kota
Indonesia,2017,Sulawesi Tengah,Morowali,,68.07,70.41,kota
Indonesia,2018,Sulawesi Tengah,Morowali,,68.45,71.14,kota
Indonesia,2019,Sulawesi Tengah,Morowali,26.79,68.82,72.02,kota
Indonesia,2020,Sulawesi Tengah,Morowali,,69.18,72.21,kota
Indonesia,2021,Sulawesi Tengah,Morowali,28.9,69.23,72.29,kota
Indonesia,2022,Sulawesi Tengah,Morowali,23.3,69.23,72.55,kota
Indonesia,2023,Sulawesi Tengah,Morowali,26.0,69.37,73.02,kota
Indonesia,2024,Sulawesi Tengah,Morowali,22.6,69.41,73.54,kota
Indonesia,2013,Sulawesi Tengah,Morowali Utara,,68.28,65.01,kota
Indonesia,2014,Sulawesi Tengah,Morowali Utara,,68.29,65.81,kota
Indonesia,2015,Sulawesi Tengah,Morowali Utara,,68.29,66.0,kota
Indonesia,2016,Sulawesi Tengah,Morowali Utara,,68.32,66.57,kota
Indonesia,2017,Sulawesi Tengah,Morowali Utara,,68.34,67.35,kota
Indonesia,2018,Sulawesi Tengah,Morowali Utara,,68.77,67.95,kota
Indonesia,2019,Sulawesi Tengah,Morowali Utara,35.5,69.19,68.45,kota
Indonesia,2020,Sulawesi Tengah,Morowali Utara,,69.61,68.36,kota
Indonesia,2021,Sulawesi Tengah,Morowali Utara,24.6,69.71,68.48,kota
Indonesia,2022,Sulawesi Tengah,Morowali Utara,24.7,69.77,68.97,kota
Indonesia,2023,Sulawesi Tengah,Morowali Utara,24.7,69.97,69.73,kota
Indonesia,2024,Sulawesi Tengah,Morowali Utara,20.4,70.06,70.58,kota
Indonesia,2013,Sulawesi Tengah,Parigi Moutong,,63.16,61.98,kota
Indonesia,2014,Sulawesi Tengah,Parigi Moutong,,63.17,62.2,kota
Indonesia,2015,Sulawesi Tengah,Parigi Moutong,,63.17,62.79,kota
Indonesia,2016,Sulawesi Tengah,Parigi Moutong,,63.18,63.6,kota
Indonesia,2017,Sulawesi Tengah,Parigi Moutong,,63.19,64.09,kota
Indonesia,2018,Sulawesi Tengah,Parigi Moutong,,63.57,64.85,kota
Indonesia,2019,Sulawesi Tengah,Parigi Moutong,31.54,63.94,65.47,kota
Indonesia,2020,Sulawesi Tengah,Parigi Moutong,,64.3,65.44,kota
Indonesia,2021,Sulawesi Tengah,Parigi Moutong,31.7,64.35,65.82,kota
Indonesia,2022,Sulawesi Tengah,Parigi Moutong,27.4,64.35,66.26,kota
Indonesia,2023,Sulawesi Tengah,Parigi Moutong,28.5,64.62,67.11,kota
Indonesia,2024,Sulawesi Tengah,Parigi Moutong,22.3,64.66,67.49,kota
Indonesia,2013,Sulawesi Tengah,Poso,,69.98,66.94,kota
Indonesia,2014,Sulawesi Tengah,Poso,,69.99,67.65,kota
Indonesia,2015,Sulawesi Tengah,Poso,,70.09,68.13,kota
Indonesia,2016,Sulawesi Tengah,Poso,,70.13,68.83,kota
Indonesia,2017,Sulawesi Tengah,Poso,,70.16,69.78,kota
Indonesia,2018,Sulawesi Tengah,Poso,,70.51,70.68,kota
Indonesia,2019,Sulawesi Tengah,Poso,37.82,70.85,71.4,kota
Indonesia,2020,Sulawesi Tengah,Poso,,71.18,71.28,kota
Indonesia,2021,Sulawesi Tengah,Poso,26.7,71.19,71.45,kota
Indonesia,2022,Sulawesi Tengah,Poso,24.6,71.19,71.93,kota
Indonesia,2023,Sulawesi Tengah,Poso,26.5,71.33,72.48,kota
Indonesia,2024,Sulawesi Tengah,Poso,21.1,71.34,72.87,kota
Indonesia,2013,Sulawesi Tengah,Sigi,,68.65,64.1,kota
Indonesia,2014,Sulawesi Tengah,Sigi,,68.66,64.64,kota
Indonesia,2015,Sulawesi Tengah,Sigi,,68.66,65.35,kota
Indonesia,2016,Sulawesi Tengah,Sigi,,68.69,65.95,kota
Indonesia,2017,Sulawesi Tengah,Sigi,,68.72,66.72,kota
Indonesia,2018,Sulawesi Tengah,Sigi,,69.15,67.66,kota
Indonesia,2019,Sulawesi Tengah,Sigi,50.53,69.57,68.16,kota
Indonesia,2020,Sulawesi Tengah,Sigi,,69.99,68.12,kota
Indonesia,2021,Sulawesi Tengah,Sigi,40.7,70.09,68.49,kota
Indonesia,2022,Sulawesi Tengah,Sigi,36.8,70.15,69.05,kota
Indonesia,2023,Sulawesi Tengah,Sigi,26.4,70.35,69.93,kota
Indonesia,2024,Sulawesi Tengah,Sigi,33.0,70.48,70.51,kota
Indonesia,2013,Sulawesi Tengah,Tojo Una Una,,63.84,60.32,kota
Indonesia,2014,Sulawesi Tengah,Tojo Una Una,,63.87,61.15,kota
Indonesia,2015,Sulawesi Tengah,Tojo Una Una,,63.95,61.33,kota
Indonesia,2016,Sulawesi Tengah,Tojo Una Una,,64.01,62.27,kota
Indonesia,2017,Sulawesi Tengah,Tojo Una Una,,64.07,62.61,kota
Indonesia,2018,Sulawesi Tengah,Tojo Una Una,,64.61,63.38,kota
Indonesia,2019,Sulawesi Tengah,Tojo Una Una,,65.14,64.52,kota
Indonesia,2020,Sulawesi Tengah,Tojo Una Una,,65.67,64.59,kota
Indonesia,2021,Sulawesi Tengah,Tojo Una Una,29.4,65.9,64.74,kota
Indonesia,2022,Sulawesi Tengah,Tojo Una Una,,66.08,65.54,kota
Indonesia,2023,Sulawesi Tengah,Tojo Una Una,,66.41,66.39,kota
Indonesia,2024,Sulawesi Tengah,Tojo Una Una,,66.6,66.97,kota
Indonesia,2013,Sulawesi Tengah,Toli Toli,,63.73,61.44,kota
Indonesia,2014,Sulawesi Tengah,Toli Toli,,63.75,61.91,kota
Indonesia,2015,Sulawesi Tengah,Toli Toli,,63.95,62.72,kota
Indonesia,2016,Sulawesi Tengah,Toli Toli,,64.03,63.27,kota
Indonesia,2017,Sulawesi Tengah,Toli Toli,,64.12,64.05,kota
Indonesia,2018,Sulawesi Tengah,Toli Toli,,64.71,64.6,kota
Indonesia,2019,Sulawesi Tengah,Toli Toli,,65.3,65.42,kota
Indonesia,2020,Sulawesi Tengah,Toli Toli,,65.9,65.69,kota
Indonesia,2021,Sulawesi Tengah,Toli Toli,29.3,66.18,66.3,kota
Indonesia,2022,Sulawesi Tengah,Toli Toli,,66.41,66.76,kota
Indonesia,2023,Sulawesi Tengah,Toli Toli,,66.78,67.66,kota
Indonesia,2024,Sulawesi Tengah,Toli Toli,,67.03,68.37,kota
Indonesia,2013,Sulawesi Tenggara,Bombana,,67.55,62.82,kota
Indonesia,2014,Sulawesi Tenggara,Bombana,,67.62,63.38,kota
Indonesia,2015,Sulawesi Tenggara,Bombana,,67.62,63.65,kota
Indonesia,2016,Sulawesi Tenggara,Bombana,,67.72,64.02,kota
Indonesia,2017,Sulawesi Tenggara,Bombana,,67.82,64.49,kota
Indonesia,2018,Sulawesi Tenggara,Bombana,,68.17,65.04,kota
Indonesia,2019,Sulawesi Tenggara,Bombana,27.24,68.54,65.65,kota
Indonesia,2020,Sulawesi Tenggara,Bombana,,68.91,66.05,kota
Indonesia,2021,Sulawesi Tenggara,Bombana,26.8,69.09,66.25,kota
Indonesia,2022,Sulawesi Tenggara,Bombana,35.3,69.2,66.81,kota
Indonesia,2023,Sulawesi Tenggara,Bombana,30.4,69.34,67.43,kota
Indonesia,2024,Sulawesi Tenggara,Bombana,24.7,69.49,68.15,kota
Indonesia,2013,Sulawesi Tenggara,Buton,,67.12,61.83,kota
Indonesia,2014,Sulawesi Tenggara,Buton,,67.17,62.31,kota
Indonesia,2015,Sulawesi Tenggara,Buton,,67.17,62.78,kota
Indonesia,2016,Sulawesi Tenggara,Buton,,67.23,63.69,kota
Indonesia,2017,Sulawesi Tenggara,Buton,,67.3,64.47,kota
Indonesia,2018,Sulawesi Tenggara,Buton,,67.6,65.08,kota
Indonesia,2019,Sulawesi Tenggara,Buton,38.3,67.92,65.67,kota
Indonesia,2020,Sulawesi Tenggara,Buton,,68.25,65.98,kota
Indonesia,2021,Sulawesi Tenggara,Buton,33.0,68.39,66.32,kota
Indonesia,2022,Sulawesi Tenggara,Buton,32.6,68.46,67.23,kota
Indonesia,2023,Sulawesi Tenggara,Buton,37.2,68.56,68.12,kota
Indonesia,2024,Sulawesi Tenggara,Buton,28.8,68.67,68.88,kota
Indonesia,2013,Sulawesi Tenggara,Buton Selatan,,,,kota
Indonesia,2014,Sulawesi Tenggara,Buton Selatan,,67.17,61.51,kota
Indonesia,2015,Sulawesi Tenggara,Buton Selatan,,67.17,62.0,kota
Indonesia,2016,Sulawesi Tenggara,Buton Selatan,,67.17,62.55,kota
Indonesia,2017,Sulawesi Tenggara,Buton Selatan,,67.17,63.2,kota
Indonesia,2018,Sulawesi Tenggara,Buton Selatan,,67.33,63.47,kota
Indonesia,2019,Sulawesi Tenggara,Buton Selatan,46.08,67.5,64.37,kota
Indonesia,2020,Sulawesi Tenggara,Buton Selatan,,67.66,64.93,kota
Indonesia,2021,Sulawesi Tenggara,Buton Selatan,45.2,67.69,64.99,kota
Indonesia,2022,Sulawesi Tenggara,Buton Selatan,32.6,67.76,65.44,kota
Indonesia,2023,Sulawesi Tenggara,Buton Selatan,37.1,67.86,66.15,kota
Indonesia,2024,Sulawesi Tenggara,Buton Selatan,38.9,67.97,67.0,kota
Indonesia,2013,Sulawesi Tenggara,Buton Tengah,,,,kota
Indonesia,2014,Sulawesi Tenggara,Buton Tengah,,67.17,61.69,kota
Indonesia,2015,Sulawesi Tenggara,Buton Tengah,,67.17,62.13,kota
Indonesia,2016,Sulawesi Tenggara,Buton Tengah,,67.17,62.56,kota
Indonesia,2017,Sulawesi Tenggara,Buton Tengah,,67.17,62.82,kota
Indonesia,2018,Sulawesi Tenggara,Buton Tengah,,67.33,63.46,kota
Indonesia,2019,Sulawesi Tenggara,Buton Tengah,28.4,67.5,64.06,kota
Indonesia,2020,Sulawesi Tenggara,Buton Tengah,,67.66,64.37,kota
Indonesia,2021,Sulawesi Tenggara,Buton Tengah,42.7,67.69,64.55,kota
Indonesia,2022,Sulawesi Tenggara,Buton Tengah,41.6,67.78,65.29,kota
Indonesia,2023,Sulawesi Tenggara,Buton Tengah,36.8,67.9,65.83,kota
Indonesia,2024,Sulawesi Tenggara,Buton Tengah,31.8,68.03,66.47,kota
Indonesia,2013,Sulawesi Tenggara,Buton Utara,,70.36,64.2,kota
Indonesia,2014,Sulawesi Tenggara,Buton Utara,,70.36,64.65,kota
Indonesia,2015,Sulawesi Tenggara,Buton Utara,,70.36,65.23,kota
Indonesia,2016,Sulawesi Tenggara,Buton Utara,,70.37,65.95,kota
Indonesia,2017,Sulawesi Tenggara,Buton Utara,,70.38,66.4,kota
Indonesia,2018,Sulawesi Tenggara,Buton Utara,,70.56,67.13,kota
Indonesia,2019,Sulawesi Tenggara,Buton Utara,35.35,70.75,67.68,kota
Indonesia,2020,Sulawesi Tenggara,Buton Utara,,70.93,67.87,kota
Indonesia,2021,Sulawesi Tenggara,Buton Utara,26.8,70.93,68.08,kota
Indonesia,2022,Sulawesi Tenggara,Buton Utara,31.2,70.96,69.0,kota
Indonesia,2023,Sulawesi Tenggara,Buton Utara,33.9,71.02,69.7,kota
Indonesia,2024,Sulawesi Tenggara,Buton Utara,30.5,71.09,70.6,kota
Indonesia,2013,Sulawesi Tenggara,Kolaka,,69.76,69.55,kota
Indonesia,2014,Sulawesi Tenggara,Kolaka,,69.8,70.2,kota
Indonesia,2015,Sulawesi Tenggara,Kolaka,,69.9,70.47,kota
Indonesia,2016,Sulawesi Tenggara,Kolaka,,69.97,71.12,kota
Indonesia,2017,Sulawesi Tenggara,Kolaka,,70.05,71.46,kota
Indonesia,2018,Sulawesi Tenggara,Kolaka,,70.38,72.07,kota
Indonesia,2019,Sulawesi Tenggara,Kolaka,36.01,70.72,73.01,kota
Indonesia,2020,Sulawesi Tenggara,Kolaka,,71.06,73.45,kota
Indonesia,2021,Sulawesi Tenggara,Kolaka,26.5,71.21,73.56,kota
Indonesia,2022,Sulawesi Tenggara,Kolaka,22.6,71.3,73.98,kota
Indonesia,2023,Sulawesi Tenggara,Kolaka,23.8,71.42,74.72,kota
Indonesia,2024,Sulawesi Tenggara,Kolaka,29.7,71.56,75.18,kota
Indonesia,2013,Sulawesi Tenggara,Kolaka Timur,,71.28,61.78,kota
Indonesia,2014,Sulawesi Tenggara,Kolaka Timur,,71.31,62.13,kota
Indonesia,2015,Sulawesi Tenggara,Kolaka Timur,,71.51,62.74,kota
Indonesia,2016,Sulawesi Tenggara,Kolaka Timur,,71.58,63.6,kota
Indonesia,2017,Sulawesi Tenggara,Kolaka Timur,,71.66,64.55,kota
Indonesia,2018,Sulawesi Tenggara,Kolaka Timur,,71.99,65.53,kota
Indonesia,2019,Sulawesi Tenggara,Kolaka Timur,37.36,72.33,66.49,kota
Indonesia,2020,Sulawesi Tenggara,Kolaka Timur,,72.67,67.02,kota
Indonesia,2021,Sulawesi Tenggara,Kolaka Timur,23.0,72.82,67.76,kota
Indonesia,2022,Sulawesi Tenggara,Kolaka Timur,23.7,72.9,68.73,kota
Indonesia,2023,Sulawesi Tenggara,Kolaka Timur,31.3,73.01,69.57,kota
Indonesia,2024,Sulawesi Tenggara,Kolaka Timur,22.0,73.13,70.27,kota
Indonesia,2013,Sulawesi Tenggara,Kolaka Utara,,69.15,65.35,kota
Indonesia,2014,Sulawesi Tenggara,Kolaka Utara,,69.19,65.76,kota
Indonesia,2015,Sulawesi Tenggara,Kolaka Utara,,69.49,66.9,kota
Indonesia,2016,Sulawesi Tenggara,Kolaka Utara,,69.62,67.6,kota
Indonesia,2017,Sulawesi Tenggara,Kolaka Utara,,69.74,67.77,kota
Indonesia,2018,Sulawesi Tenggara,Kolaka Utara,,69.94,68.44,kota
Indonesia,2019,Sulawesi Tenggara,Kolaka Utara,37.91,70.15,68.91,kota
Indonesia,2020,Sulawesi Tenggara,Kolaka Utara,,70.36,69.31,kota
Indonesia,2021,Sulawesi Tenggara,Kolaka Utara,29.1,70.36,69.5,kota
Indonesia,2022,Sulawesi Tenggara,Kolaka Utara,24.8,70.4,70.39,kota
Indonesia,2023,Sulawesi Tenggara,Kolaka Utara,31.8,70.47,71.04,kota
Indonesia,2024,Sulawesi Tenggara,Kolaka Utara,23.6,70.56,71.7,kota
Indonesia,2013,Sulawesi Tenggara,Konawe,,69.35,68.23,kota
Indonesia,2014,Sulawesi Tenggara,Konawe,,69.35,68.68,kota
Indonesia,2015,Sulawesi Tenggara,Konawe,,69.45,69.56,kota
Indonesia,2016,Sulawesi Tenggara,Konawe,,69.48,69.84,kota
Indonesia,2017,Sulawesi Tenggara,Konawe,,69.52,70.24,kota
Indonesia,2018,Sulawesi Tenggara,Konawe,,69.76,70.72,kota
Indonesia,2019,Sulawesi Tenggara,Konawe,26.61,70.02,71.29,kota
Indonesia,2020,Sulawesi Tenggara,Konawe,,70.27,71.35,kota
Indonesia,2021,Sulawesi Tenggara,Konawe,26.2,70.32,71.48,kota
Indonesia,2022,Sulawesi Tenggara,Konawe,28.3,70.38,72.04,kota
Indonesia,2023,Sulawesi Tenggara,Konawe,27.8,70.44,72.77,kota
Indonesia,2024,Sulawesi Tenggara,Konawe,25.0,70.52,73.39,kota
Indonesia,2013,Sulawesi Tenggara,Konawe Kepulauan,,67.85,61.15,kota
Indonesia,2014,Sulawesi Tenggara,Konawe Kepulauan,,67.86,61.31,kota
Indonesia,2015,Sulawesi Tenggara,Konawe Kepulauan,,67.86,61.72,kota
Indonesia,2016,Sulawesi Tenggara,Konawe Kepulauan,,67.87,62.56,kota
Indonesia,2017,Sulawesi Tenggara,Konawe Kepulauan,,67.88,63.44,kota
Indonesia,2018,Sulawesi Tenggara,Konawe Kepulauan,,68.06,64.36,kota
Indonesia,2019,Sulawesi Tenggara,Konawe Kepulauan,34.21,68.25,65.05,kota
Indonesia,2020,Sulawesi Tenggara,Konawe Kepulauan,,68.43,65.41,kota
Indonesia,2021,Sulawesi Tenggara,Konawe Kepulauan,32.8,68.43,65.73,kota
Indonesia,2022,Sulawesi Tenggara,Konawe Kepulauan,32.3,68.46,66.69,kota
Indonesia,2023,Sulawesi Tenggara,Konawe Kepulauan,31.3,68.52,67.32,kota
Indonesia,2024,Sulawesi Tenggara,Konawe Kepulauan,26.5,68.6,67.99,kota
Indonesia,2013,Sulawesi Tenggara,Konawe Selatan,,69.75,65.02,kota
Indonesia,2014,Sulawesi Tenggara,Konawe Selatan,,69.77,65.6,kota
Indonesia,2015,Sulawesi Tenggara,Konawe Selatan,,69.87,66.32,kota
Indonesia,2016,Sulawesi Tenggara,Konawe Selatan,,69.93,66.97,kota
Indonesia,2017,Sulawesi Tenggara,Konawe Selatan,,69.98,67.23,kota
Indonesia,2018,Sulawesi Tenggara,Konawe Selatan,,70.24,67.51,kota
Indonesia,2019,Sulawesi Tenggara,Konawe Selatan,36.2,70.52,67.88,kota
Indonesia,2020,Sulawesi Tenggara,Konawe Selatan,,70.8,68.2,kota
Indonesia,2021,Sulawesi Tenggara,Konawe Selatan,28.3,70.87,68.58,kota
Indonesia,2022,Sulawesi Tenggara,Konawe Selatan,28.0,70.95,69.36,kota
Indonesia,2023,Sulawesi Tenggara,Konawe Selatan,33.6,71.02,70.32,kota
Indonesia,2024,Sulawesi Tenggara,Konawe Selatan,21.3,71.1,71.19,kota
Indonesia,2013,Sulawesi Tenggara,Konawe Utara,,68.55,65.54,kota
Indonesia,2014,Sulawesi Tenggara,Konawe Utara,,68.59,66.03,kota
Indonesia,2015,Sulawesi Tenggara,Konawe Utara,,68.59,66.44,kota
Indonesia,2016,Sulawesi Tenggara,Konawe Utara,,68.64,67.2,kota
Indonesia,2017,Sulawesi Tenggara,Konawe Utara,,68.69,67.71,kota
Indonesia,2018,Sulawesi Tenggara,Konawe Utara,,68.95,68.5,kota
Indonesia,2019,Sulawesi Tenggara,Konawe Utara,24.39,69.23,69.22,kota
Indonesia,2020,Sulawesi Tenggara,Konawe Utara,,69.51,69.86,kota
Indonesia,2021,Sulawesi Tenggara,Konawe Utara,29.5,69.53,70.23,kota
Indonesia,2022,Sulawesi Tenggara,Konawe Utara,21.6,69.59,71.1,kota
Indonesia,2023,Sulawesi Tenggara,Konawe Utara,24.7,69.68,71.71,kota
Indonesia,2024,Sulawesi Tenggara,Konawe Utara,27.0,69.78,72.32,kota
Indonesia,2013,Sulawesi Tenggara,Kota Bau Bau,,70.41,72.55,kota
Indonesia,2014,Sulawesi Tenggara,Kota Bau Bau,,70.43,73.13,kota
Indonesia,2015,Sulawesi Tenggara,Kota Bau Bau,,70.43,73.59,kota
Indonesia,2016,Sulawesi Tenggara,Kota Bau Bau,,70.47,73.99,kota
Indonesia,2017,Sulawesi Tenggara,Kota Bau Bau,,70.5,74.14,kota
Indonesia,2018,Sulawesi Tenggara,Kota Bau Bau,,70.72,74.67,kota
Indonesia,2019,Sulawesi Tenggara,Kota Bau Bau,,70.95,75.21,kota
Indonesia,2020,Sulawesi Tenggara,Kota Bau Bau,,71.19,75.9,kota
Indonesia,2021,Sulawesi Tenggara,Kota Bau Bau,27.6,71.25,76.26,kota
Indonesia,2022,Sulawesi Tenggara,Kota Bau Bau,,71.36,76.67,kota
Indonesia,2023,Sulawesi Tenggara,Kota Bau Bau,,71.51,77.52,kota
Indonesia,2024,Sulawesi Tenggara,Kota Bau Bau,,71.67,78.13,kota
Indonesia,2013,Sulawesi Tenggara,Kota Kendari,,72.92,80.91,kota
Indonesia,2014,Sulawesi Tenggara,Kota Kendari,,72.94,81.3,kota
Indonesia,2015,Sulawesi Tenggara,Kota Kendari,,72.94,81.43,kota
Indonesia,2016,Sulawesi Tenggara,Kota Kendari,,72.98,81.66,kota
Indonesia,2017,Sulawesi Tenggara,Kota Kendari,,73.02,81.83,kota
Indonesia,2018,Sulawesi Tenggara,Kota Kendari,,73.26,82.22,kota
Indonesia,2019,Sulawesi Tenggara,Kota Kendari,24.3,73.52,82.86,kota
Indonesia,2020,Sulawesi Tenggara,Kota Kendari,,73.77,83.53,kota
Indonesia,2021,Sulawesi Tenggara,Kota Kendari,24.0,73.83,84.15,kota
Indonesia,2022,Sulawesi Tenggara,Kota Kendari,19.5,73.93,84.51,kota
Indonesia,2023,Sulawesi Tenggara,Kota Kendari,25.7,74.07,84.85,kota
Indonesia,2024,Sulawesi Tenggara,Kota Kendari,24.4,74.23,85.33,kota
Indonesia,2013,Sulawesi Tenggara,Muna,,69.76,64.67,kota
Indonesia,2014,Sulawesi Tenggara,Muna,,69.76,65.09,kota
Indonesia,2015,Sulawesi Tenggara,Muna,,69.76,65.99,kota
Indonesia,2016,Sulawesi Tenggara,Muna,,69.77,66.96,kota
Indonesia,2017,Sulawesi Tenggara,Muna,,69.77,67.61,kota
Indonesia,2018,Sulawesi Tenggara,Muna,,69.97,68.47,kota
Indonesia,2019,Sulawesi Tenggara,Muna,27.36,70.18,68.97,kota
Indonesia,2020,Sulawesi Tenggara,Muna,,70.39,69.02,kota
Indonesia,2021,Sulawesi Tenggara,Muna,30.8,70.41,69.17,kota
Indonesia,2022,Sulawesi Tenggara,Muna,31.3,70.47,69.61,kota
Indonesia,2023,Sulawesi Tenggara,Muna,29.2,70.56,70.16,kota
Indonesia,2024,Sulawesi Tenggara,Muna,25.0,70.67,71.05,kota
Indonesia,2013,Sulawesi Tenggara,Muna Barat,,,,kota
Indonesia,2014,Sulawesi Tenggara,Muna Barat,,69.76,61.92,kota
Indonesia,2015,Sulawesi Tenggara,Muna Barat,,69.76,62.29,kota
Indonesia,2016,Sulawesi Tenggara,Muna Barat,,69.78,62.57,kota
Indonesia,2017,Sulawesi Tenggara,Muna Barat,,69.79,63.43,kota
Indonesia,2018,Sulawesi Tenggara,Muna Barat,,69.97,64.11,kota
Indonesia,2019,Sulawesi Tenggara,Muna Barat,36.49,70.16,64.45,kota
Indonesia,2020,Sulawesi Tenggara,Muna Barat,,70.34,65.08,kota
Indonesia,2021,Sulawesi Tenggara,Muna Barat,29.0,70.35,65.48,kota
Indonesia,2022,Sulawesi Tenggara,Muna Barat,31.7,70.39,66.21,kota
Indonesia,2023,Sulawesi Tenggara,Muna Barat,24.4,70.46,67.13,kota
Indonesia,2024,Sulawesi Tenggara,Muna Barat,28.4,70.55,68.06,kota
Indonesia,2013,Sulawesi Tenggara,Wakatobi,,69.46,66.5,kota
Indonesia,2014,Sulawesi Tenggara,Wakatobi,,69.49,66.95,kota
Indonesia,2015,Sulawesi Tenggara,Wakatobi,,69.49,67.22,kota
Indonesia,2016,Sulawesi Tenggara,Wakatobi,,69.54,67.5,kota
Indonesia,2017,Sulawesi Tenggara,Wakatobi,,69.59,67.99,kota
Indonesia,2018,Sulawesi Tenggara,Wakatobi,,69.85,68.52,kota
Indonesia,2019,Sulawesi Tenggara,Wakatobi,23.86,70.13,68.99,kota
Indonesia,2020,Sulawesi Tenggara,Wakatobi,,70.41,69.48,kota
Indonesia,2021,Sulawesi Tenggara,Wakatobi,26.0,70.48,69.87,kota
Indonesia,2022,Sulawesi Tenggara,Wakatobi,29.9,70.59,70.85,kota
Indonesia,2023,Sulawesi Tenggara,Wakatobi,31.9,70.72,71.43,kota
Indonesia,2024,Sulawesi Tenggara,Wakatobi,24.1,70.87,72.02,kota
Indonesia,2013,Sulawesi Utara,Bolaang Mongondow,,68.01,64.16,kota
Indonesia,2014,Sulawesi Utara,Bolaang Mongondow,,68.02,64.53,kota
Indonesia,2015,Sulawesi Utara,Bolaang Mongondow,,68.42,65.03,kota
Indonesia,2016,Sulawesi Utara,Bolaang Mongondow,,68.51,65.73,kota
Indonesia,2017,Sulawesi Utara,Bolaang Mongondow,,68.61,66.08,kota
Indonesia,2018,Sulawesi Utara,Bolaang Mongondow,,68.86,66.91,kota
Indonesia,2019,Sulawesi Utara,Bolaang Mongondow,,69.22,67.82,kota
Indonesia,2020,Sulawesi Utara,Bolaang Mongondow,,69.36,67.89,kota
Indonesia,2021,Sulawesi Utara,Bolaang Mongondow,26.6,69.45,68.16,kota
Indonesia,2022,Sulawesi Utara,Bolaang Mongondow,,69.78,68.95,kota
Indonesia,2023,Sulawesi Utara,Bolaang Mongondow,,70.07,69.62,kota
Indonesia,2024,Sulawesi Utara,Bolaang Mongondow,19.3,70.31,70.29,kota
Indonesia,2013,Sulawesi Utara,Bolaang Mongondow Selatan,,63.87,62.84,kota
Indonesia,2014,Sulawesi Utara,Bolaang Mongondow Selatan,,63.87,63.57,kota
Indonesia,2015,Sulawesi Utara,Bolaang Mongondow Selatan,,63.97,63.72,kota
Indonesia,2016,Sulawesi Utara,Bolaang Mongondow Selatan,,64.0,63.92,kota
Indonesia,2017,Sulawesi Utara,Bolaang Mongondow Selatan,,64.03,64.05,kota
Indonesia,2018,Sulawesi Utara,Bolaang Mongondow Selatan,,64.19,64.49,kota
Indonesia,2019,Sulawesi Utara,Bolaang Mongondow Selatan,13.18,64.45,65.28,kota
Indonesia,2020,Sulawesi Utara,Bolaang Mongondow Selatan,,64.49,65.0,kota
Indonesia,2021,Sulawesi Utara,Bolaang Mongondow Selatan,37.4,64.49,65.42,kota
Indonesia,2022,Sulawesi Utara,Bolaang Mongondow Selatan,27.9,64.74,65.9,kota
Indonesia,2023,Sulawesi Utara,Bolaang Mongondow Selatan,33.0,64.95,66.4,kota
Indonesia,2024,Sulawesi Utara,Bolaang Mongondow Selatan,23.6,65.11,67.14,kota
Indonesia,2013,Sulawesi Utara,Bolaang Mongondow Timur,,67.09,62.64,kota
Indonesia,2014,Sulawesi Utara,Bolaang Mongondow Timur,,67.11,63.12,kota
Indonesia,2015,Sulawesi Utara,Bolaang Mongondow Timur,,67.21,63.81,kota
Indonesia,2016,Sulawesi Utara,Bolaang Mongondow Timur,,67.27,64.44,kota
Indonesia,2017,Sulawesi Utara,Bolaang Mongondow Timur,,67.32,64.73,kota
Indonesia,2018,Sulawesi Utara,Bolaang Mongondow Timur,,67.51,65.21,kota
Indonesia,2019,Sulawesi Utara,Bolaang Mongondow Timur,25.04,67.81,66.08,kota
Indonesia,2020,Sulawesi Utara,Bolaang Mongondow Timur,,67.89,65.99,kota
Indonesia,2021,Sulawesi Utara,Bolaang Mongondow Timur,24.4,67.94,66.55,kota
Indonesia,2022,Sulawesi Utara,Bolaang Mongondow Timur,30.0,68.24,67.21,kota
Indonesia,2023,Sulawesi Utara,Bolaang Mongondow Timur,28.4,68.51,67.95,kota
Indonesia,2024,Sulawesi Utara,Bolaang Mongondow Timur,18.8,68.73,68.53,kota
Indonesia,2013,Sulawesi Utara,Bolaang Mongondow Utara,,66.62,63.67,kota
Indonesia,2014,Sulawesi Utara,Bolaang Mongondow Utara,,66.64,64.24,kota
Indonesia,2015,Sulawesi Utara,Bolaang Mongondow Utara,,66.84,64.46,kota
Indonesia,2016,Sulawesi Utara,Bolaang Mongondow Utara,,66.91,65.16,kota
Indonesia,2017,Sulawesi Utara,Bolaang Mongondow Utara,,66.98,65.6,kota
Indonesia,2018,Sulawesi Utara,Bolaang Mongondow Utara,,67.21,66.32,kota
Indonesia,2019,Sulawesi Utara,Bolaang Mongondow Utara,,67.54,66.91,kota
Indonesia,2020,Sulawesi Utara,Bolaang Mongondow Utara,,67.66,66.99,kota
Indonesia,2021,Sulawesi Utara,Bolaang Mongondow Utara,26.4,67.73,67.39,kota
Indonesia,2022,Sulawesi Utara,Bolaang Mongondow Utara,,68.05,68.06,kota
Indonesia,2023,Sulawesi Utara,Bolaang Mongondow Utara,,68.33,68.64,kota
Indonesia,2024,Sulawesi Utara,Bolaang Mongondow Utara,26.3,68.56,69.32,kota
Indonesia,2013,Sulawesi Utara,Kepulauan Sangihe,,69.03,66.15,kota
Indonesia,2014,Sulawesi Utara,Kepulauan Sangihe,,69.07,66.82,kota
Indonesia,2015,Sulawesi Utara,Kepulauan Sangihe,,69.17,67.56,kota
Indonesia,2016,Sulawesi Utara,Kepulauan Sangihe,,69.26,68.52,kota
Indonesia,2017,Sulawesi Utara,Kepulauan Sangihe,,69.35,69.14,kota
Indonesia,2018,Sulawesi Utara,Kepulauan Sangihe,,69.6,69.67,kota
Indonesia,2019,Sulawesi Utara,Kepulauan Sangihe,,69.96,70.53,kota
Indonesia,2020,Sulawesi Utara,Kepulauan Sangihe,,70.1,70.73,kota
Indonesia,2021,Sulawesi Utara,Kepulauan Sangihe,21.1,70.18,71.07,kota
Indonesia,2022,Sulawesi Utara,Kepulauan Sangihe,,70.51,71.63,kota
Indonesia,2023,Sulawesi Utara,Kepulauan Sangihe,,70.78,72.22,kota
Indonesia,2024,Sulawesi Utara,Kepulauan Sangihe,24.2,70.99,72.71,kota
Indonesia,2013,Sulawesi Utara,Kepulauan Siau Tagulandang Biaro (Sitaro),,69.24,63.91,kota
Indonesia,2014,Sulawesi Utara,Kepulauan Siau Tagulandang Biaro (Sitaro),,69.29,64.35,kota
Indonesia,2015,Sulawesi Utara,Kepulauan Siau Tagulandang Biaro (Sitaro),,69.59,65.0,kota
Indonesia,2016,Sulawesi Utara,Kepulauan Siau Tagulandang Biaro (Sitaro),,69.72,65.66,kota
Indonesia,2017,Sulawesi Utara,Kepulauan Siau Tagulandang Biaro (Sitaro),,69.85,66.03,kota
Indonesia,2018,Sulawesi Utara,Kepulauan Siau Tagulandang Biaro (Sitaro),,70.14,66.75,kota
Indonesia,2019,Sulawesi Utara,Kepulauan Siau Tagulandang Biaro (Sitaro),,70.54,67.48,kota
Indonesia,2020,Sulawesi Utara,Kepulauan Siau Tagulandang Biaro (Sitaro),,70.73,67.64,kota
Indonesia,2021,Sulawesi Utara,Kepulauan Siau Tagulandang Biaro (Sitaro),22.5,70.87,68.05,kota
Indonesia,2022,Sulawesi Utara,Kepulauan Siau Tagulandang Biaro (Sitaro),,71.27,68.94,kota
Indonesia,2023,Sulawesi Utara,Kepulauan Siau Tagulandang Biaro (Sitaro),,71.59,69.57,kota
Indonesia,2024,Sulawesi Utara,Kepulauan Siau Tagulandang Biaro (Sitaro),,71.87,70.31,kota
Indonesia,2013,Sulawesi Utara,Kepulauan Talaud,,69.11,66.14,kota
Indonesia,2014,Sulawesi Utara,Kepulauan Talaud,,69.13,66.56,kota
Indonesia,2015,Sulawesi Utara,Kepulauan Talaud,,69.33,66.92,kota
Indonesia,2016,Sulawesi Utara,Kepulauan Talaud,,69.41,67.58,kota
Indonesia,2017,Sulawesi Utara,Kepulauan Talaud,,69.48,67.74,kota
Indonesia,2018,Sulawesi Utara,Kepulauan Talaud,,69.71,68.32,kota
Indonesia,2019,Sulawesi Utara,Kepulauan Talaud,20.14,70.04,68.97,kota
Indonesia,2020,Sulawesi Utara,Kepulauan Talaud,,70.16,69.4,kota
Indonesia,2021,Sulawesi Utara,Kepulauan Talaud,25.8,70.24,69.83,kota
Indonesia,2022,Sulawesi Utara,Kepulauan Talaud,26.0,70.57,70.43,kota
Indonesia,2023,Sulawesi Utara,Kepulauan Talaud,19.3,70.91,71.14,kota
Indonesia,2024,Sulawesi Utara,Kepulauan Talaud,11.6,71.21,71.77,kota
Indonesia,2013,Sulawesi Utara,Kota Bitung,,70.25,70.35,kota
Indonesia,2014,Sulawesi Utara,Kota Bitung,,70.25,70.88,kota
Indonesia,2015,Sulawesi Utara,Kota Bitung,,70.45,71.64,kota
Indonesia,2016,Sulawesi Utara,Kota Bitung,,70.5,72.43,kota
Indonesia,2017,Sulawesi Utara,Kota Bitung,,70.54,72.94,kota
Indonesia,2018,Sulawesi Utara,Kota Bitung,,70.72,73.27,kota
Indonesia,2019,Sulawesi Utara,Kota Bitung,16.32,71.0,74.2,kota
Indonesia,2020,Sulawesi Utara,Kota Bitung,,71.07,74.1,kota
Indonesia,2021,Sulawesi Utara,Kota Bitung,22.1,71.1,74.2,kota
Indonesia,2022,Sulawesi Utara,Kota Bitung,23.5,71.38,74.7,kota
Indonesia,2023,Sulawesi Utara,Kota Bitung,19.5,71.68,75.11,kota
Indonesia,2024,Sulawesi Utara,Kota Bitung,25.1,71.95,75.71,kota
Indonesia,2013,Sulawesi Utara,Kota Kotamobagu,,69.64,69.86,kota
Indonesia,2014,Sulawesi Utara,Kota Kotamobagu,,69.64,70.46,kota
Indonesia,2015,Sulawesi Utara,Kota Kotamobagu,,69.64,70.7,kota
Indonesia,2016,Sulawesi Utara,Kota Kotamobagu,,69.69,71.68,kota
Indonesia,2017,Sulawesi Utara,Kota Kotamobagu,,69.72,72.0,kota
Indonesia,2018,Sulawesi Utara,Kota Kotamobagu,,69.97,72.55,kota
Indonesia,2019,Sulawesi Utara,Kota Kotamobagu,,70.33,73.22,kota
Indonesia,2020,Sulawesi Utara,Kota Kotamobagu,,70.47,72.97,kota
Indonesia,2021,Sulawesi Utara,Kota Kotamobagu,25.1,70.6,73.47,kota
Indonesia,2022,Sulawesi Utara,Kota Kotamobagu,,70.98,73.96,kota
Indonesia,2023,Sulawesi Utara,Kota Kotamobagu,,71.34,74.43,kota
Indonesia,2024,Sulawesi Utara,Kota Kotamobagu,23.1,71.63,75.27,kota
Indonesia,2013,Sulawesi Utara,Kota Manado,,71.26,76.56,kota
Indonesia,2014,Sulawesi Utara,Kota Manado,,71.28,77.27,kota
Indonesia,2015,Sulawesi Utara,Kota Manado,,71.28,77.32,kota
Indonesia,2016,Sulawesi Utara,Kota Manado,,71.31,77.59,kota
Indonesia,2017,Sulawesi Utara,Kota Manado,,71.34,78.05,kota
Indonesia,2018,Sulawesi Utara,Kota Manado,,71.52,78.41,kota
Indonesia,2019,Sulawesi Utara,Kota Manado,28.98,71.8,79.12,kota
Indonesia,2020,Sulawesi Utara,Kota Manado,,71.87,78.93,kota
Indonesia,2021,Sulawesi Utara,Kota Manado,23.8,71.9,79.2,kota
Indonesia,2022,Sulawesi Utara,Kota Manado,18.4,72.18,79.66,kota
Indonesia,2023,Sulawesi Utara,Kota Manado,21.8,72.5,80.14,kota
Indonesia,2024,Sulawesi Utara,Kota Manado,18.8,72.78,80.63,kota
Indonesia,2013,Sulawesi Utara,Kota Tomohon,,70.44,72.99,kota
Indonesia,2014,Sulawesi Utara,Kota Tomohon,,70.45,73.56,kota
Indonesia,2015,Sulawesi Utara,Kota Tomohon,,70.95,74.36,kota
Indonesia,2016,Sulawesi Utara,Kota Tomohon,,71.07,74.91,kota
Indonesia,2017,Sulawesi Utara,Kota Tomohon,,71.18,75.34,kota
Indonesia,2018,Sulawesi Utara,Kota Tomohon,,71.43,75.78,kota
Indonesia,2019,Sulawesi Utara,Kota Tomohon,13.43,71.79,76.67,kota
Indonesia,2020,Sulawesi Utara,Kota Tomohon,,71.93,76.69,kota
Indonesia,2021,Sulawesi Utara,Kota Tomohon,18.3,72.06,76.86,kota
Indonesia,2022,Sulawesi Utara,Kota Tomohon,13.7,72.44,77.44,kota
Indonesia,2023,Sulawesi Utara,Kota Tomohon,10.5,72.84,78.1,kota
Indonesia,2024,Sulawesi Utara,Kota Tomohon,10.8,73.17,78.89,kota
Indonesia,2013,Sulawesi Utara,Minahasa,,70.22,71.94,kota
Indonesia,2014,Sulawesi Utara,Minahasa,,70.25,72.76,kota
Indonesia,2015,Sulawesi Utara,Minahasa,,70.35,73.59,kota
Indonesia,2016,Sulawesi Utara,Minahasa,,70.4,74.37,kota
Indonesia,2017,Sulawesi Utara,Minahasa,,70.46,74.59,kota
Indonesia,2018,Sulawesi Utara,Minahasa,,70.67,74.97,kota
Indonesia,2019,Sulawesi Utara,Minahasa,16.62,70.98,75.47,kota
Indonesia,2020,Sulawesi Utara,Minahasa,,71.08,75.29,kota
Indonesia,2021,Sulawesi Utara,Minahasa,17.5,71.16,75.73,kota
Indonesia,2022,Sulawesi Utara,Minahasa,16.5,71.49,76.18,kota
Indonesia,2023,Sulawesi Utara,Minahasa,23.1,71.82,76.96,kota
Indonesia,2024,Sulawesi Utara,Minahasa,19.4,72.11,77.74,kota
Indonesia,2013,Sulawesi Utara,Minahasa Selatan,,68.96,67.68,kota
Indonesia,2014,Sulawesi Utara,Minahasa Selatan,,69.0,68.36,kota
Indonesia,2015,Sulawesi Utara,Minahasa Selatan,,69.1,69.18,kota
Indonesia,2016,Sulawesi Utara,Minahasa Selatan,,69.17,69.97,kota
Indonesia,2017,Sulawesi Utara,Minahasa Selatan,,69.24,70.05,kota
Indonesia,2018,Sulawesi Utara,Minahasa Selatan,,69.47,70.86,kota
Indonesia,2019,Sulawesi Utara,Minahasa Selatan,38.06,69.8,71.68,kota
Indonesia,2020,Sulawesi Utara,Minahasa Selatan,,69.92,72.11,kota
Indonesia,2021,Sulawesi Utara,Minahasa Selatan,24.2,70.01,72.32,kota
Indonesia,2022,Sulawesi Utara,Minahasa Selatan,19.2,70.35,72.89,kota
Indonesia,2023,Sulawesi Utara,Minahasa Selatan,26.4,70.71,73.66,kota
Indonesia,2024,Sulawesi Utara,Minahasa Selatan,28.1,70.94,74.17,kota
Indonesia,2013,Sulawesi Utara,Minahasa Tenggara,,69.44,67.34,kota
Indonesia,2014,Sulawesi Utara,Minahasa Tenggara,,69.48,67.86,kota
Indonesia,2015,Sulawesi Utara,Minahasa Tenggara,,69.48,68.05,kota
Indonesia,2016,Sulawesi Utara,Minahasa Tenggara,,69.53,68.42,kota
Indonesia,2017,Sulawesi Utara,Minahasa Tenggara,,69.58,68.91,kota
Indonesia,2018,Sulawesi Utara,Minahasa Tenggara,,69.77,69.66,kota
Indonesia,2019,Sulawesi Utara,Minahasa Tenggara,24.14,70.07,70.47,kota
Indonesia,2020,Sulawesi Utara,Minahasa Tenggara,,70.15,70.51,kota
Indonesia,2021,Sulawesi Utara,Minahasa Tenggara,25.5,70.21,71.06,kota
Indonesia,2022,Sulawesi Utara,Minahasa Tenggara,26.5,70.52,71.48,kota
Indonesia,2023,Sulawesi Utara,Minahasa Tenggara,15.0,70.86,71.93,kota
Indonesia,2024,Sulawesi Utara,Minahasa Tenggara,21.9,71.17,72.66,kota
Indonesia,2013,Sulawesi Utara,Minahasa Utara,,70.76,70.19,kota
Indonesia,2014,Sulawesi Utara,Minahasa Utara,,70.79,70.54,kota
Indonesia,2015,Sulawesi Utara,Minahasa Utara,,70.79,71.09,kota
Indonesia,2016,Sulawesi Utara,Minahasa Utara,,70.82,71.49,kota
Indonesia,2017,Sulawesi Utara,Minahasa Utara,,70.86,72.2,kota
Indonesia,2018,Sulawesi Utara,Minahasa Utara,,71.03,73.05,kota
Indonesia,2019,Sulawesi Utara,Minahasa Utara,16.16,71.31,73.95,kota
Indonesia,2020,Sulawesi Utara,Minahasa Utara,,71.38,73.9,kota
Indonesia,2021,Sulawesi Utara,Minahasa Utara,19.1,71.4,74.11,kota
Indonesia,2022,Sulawesi Utara,Minahasa Utara,20.5,71.68,74.69,kota
Indonesia,2023,Sulawesi Utara,Minahasa Utara,10.9,71.99,75.31,kota
Indonesia,2024,Sulawesi Utara,Minahasa Utara,18.9,72.27,75.89,kota
Indonesia,2013,Sumatera Barat,Agam,,70.78,68.73,kota
Indonesia,2014,Sumatera Barat,Agam,,70.8,69.32,kota
Indonesia,2015,Sumatera Barat,Agam,,71.3,69.84,kota
Indonesia,2016,Sumatera Barat,Agam,,71.44,70.36,kota
Indonesia,2017,Sumatera Barat,Agam,,71.57,71.1,kota
Indonesia,2018,Sumatera Barat,Agam,,71.83,71.7,kota
Indonesia,2019,Sumatera Barat,Agam,26.64,72.17,72.37,kota
Indonesia,2020,Sumatera Barat,Agam,,72.37,72.46,kota
Indonesia,2021,Sumatera Barat,Agam,19.1,72.53,72.57,kota
Indonesia,2022,Sumatera Barat,Agam,24.6,72.89,73.29,kota
Indonesia,2023,Sumatera Barat,Agam,20.1,73.23,73.98,kota
Indonesia,2024,Sumatera Barat,Agam,27.0,73.47,74.66,kota
Indonesia,2013,Sumatera Barat,Dharmasraya,,69.72,68.71,kota
Indonesia,2014,Sumatera Barat,Dharmasraya,,69.76,69.27,kota
Indonesia,2015,Sumatera Barat,Dharmasraya,,70.16,69.84,kota
Indonesia,2016,Sumatera Barat,Dharmasraya,,70.3,70.25,kota
Indonesia,2017,Sumatera Barat,Dharmasraya,,70.44,70.4,kota
Indonesia,2018,Sumatera Barat,Dharmasraya,,70.73,70.86,kota
Indonesia,2019,Sumatera Barat,Dharmasraya,,71.1,71.52,kota
Indonesia,2020,Sumatera Barat,Dharmasraya,,71.33,71.51,kota
Indonesia,2021,Sumatera Barat,Dharmasraya,19.5,71.53,71.76,kota
Indonesia,2022,Sumatera Barat,Dharmasraya,,71.9,72.3,kota
Indonesia,2023,Sumatera Barat,Dharmasraya,,72.24,73.04,kota
Indonesia,2024,Sumatera Barat,Dharmasraya,20.5,72.6,74.06,kota
Indonesia,2013,Sumatera Barat,Kepulauan Mentawai,,63.53,56.33,kota
Indonesia,2014,Sumatera Barat,Kepulauan Mentawai,,63.55,56.73,kota
Indonesia,2015,Sumatera Barat,Kepulauan Mentawai,,64.05,57.41,kota
Indonesia,2016,Sumatera Barat,Kepulauan Mentawai,,64.36,58.27,kota
Indonesia,2017,Sumatera Barat,Kepulauan Mentawai,,64.37,59.25,kota
Indonesia,2018,Sumatera Barat,Kepulauan Mentawai,,64.49,60.28,kota
Indonesia,2019,Sumatera Barat,Kepulauan Mentawai,43.3,64.68,61.26,kota
Indonesia,2020,Sumatera Barat,Kepulauan Mentawai,,64.73,61.09,kota
Indonesia,2021,Sumatera Barat,Kepulauan Mentawai,27.3,64.73,61.35,kota
Indonesia,2022,Sumatera Barat,Kepulauan Mentawai,32.0,64.93,62.19,kota
Indonesia,2023,Sumatera Barat,Kepulauan Mentawai,33.7,65.1,63.13,kota
Indonesia,2024,Sumatera Barat,Kepulauan Mentawai,26.2,65.27,63.99,kota
Indonesia,2013,Sumatera Barat,Kota Bukittinggi,,73.12,77.67,kota
Indonesia,2014,Sumatera Barat,Kota Bukittinggi,,73.12,78.02,kota
Indonesia,2015,Sumatera Barat,Kota Bukittinggi,,73.52,78.72,kota
Indonesia,2016,Sumatera Barat,Kota Bukittinggi,,73.6,79.11,kota
Indonesia,2017,Sumatera Barat,Kota Bukittinggi,,73.69,79.8,kota
Indonesia,2018,Sumatera Barat,Kota Bukittinggi,,73.91,80.11,kota
Indonesia,2019,Sumatera Barat,Kota Bukittinggi,23.46,74.22,80.71,kota
Indonesia,2020,Sumatera Barat,Kota Bukittinggi,,74.38,80.58,kota
Indonesia,2021,Sumatera Barat,Kota Bukittinggi,19.0,74.5,80.7,kota
Indonesia,2022,Sumatera Barat,Kota Bukittinggi,16.8,74.82,81.42,kota
Indonesia,2023,Sumatera Barat,Kota Bukittinggi,20.1,75.13,81.78,kota
Indonesia,2024,Sumatera Barat,Kota Bukittinggi,16.8,75.42,82.51,kota
Indonesia,2013,Sumatera Barat,Kota Padang,,73.18,79.23,kota
Indonesia,2014,Sumatera Barat,Kota Padang,,73.18,79.83,kota
Indonesia,2015,Sumatera Barat,Kota Padang,,73.19,80.36,kota
Indonesia,2016,Sumatera Barat,Kota Padang,,73.19,81.06,kota
Indonesia,2017,Sumatera Barat,Kota Padang,,73.2,81.58,kota
Indonesia,2018,Sumatera Barat,Kota Padang,,73.35,82.25,kota
Indonesia,2019,Sumatera Barat,Kota Padang,20.92,73.57,82.68,kota
Indonesia,2020,Sumatera Barat,Kota Padang,,73.65,82.82,kota
Indonesia,2021,Sumatera Barat,Kota Padang,18.9,73.69,82.9,kota
Indonesia,2022,Sumatera Barat,Kota Padang,19.5,73.93,83.29,kota
Indonesia,2023,Sumatera Barat,Kota Padang,24.2,74.16,83.58,kota
Indonesia,2024,Sumatera Barat,Kota Padang,20.6,74.42,83.99,kota
Indonesia,2013,Sumatera Barat,Kota Padang Panjang,,72.44,74.54,kota
Indonesia,2014,Sumatera Barat,Kota Padang Panjang,,72.44,75.05,kota
Indonesia,2015,Sumatera Barat,Kota Padang Panjang,,72.45,75.98,kota
Indonesia,2016,Sumatera Barat,Kota Padang Panjang,,72.45,76.5,kota
Indonesia,2017,Sumatera Barat,Kota Padang Panjang,,72.46,77.01,kota
Indonesia,2018,Sumatera Barat,Kota Padang Panjang,,72.58,77.3,kota
Indonesia,2019,Sumatera Barat,Kota Padang Panjang,13.55,72.77,78.0,kota
Indonesia,2020,Sumatera Barat,Kota Padang Panjang,,72.82,77.93,kota
Indonesia,2021,Sumatera Barat,Kota Padang Panjang,20.0,72.82,77.97,kota
Indonesia,2022,Sumatera Barat,Kota Padang Panjang,16.8,73.02,78.78,kota
Indonesia,2023,Sumatera Barat,Kota Padang Panjang,15.8,73.23,79.26,kota
Indonesia,2024,Sumatera Barat,Kota Padang Panjang,19.0,73.61,80.17,kota
Indonesia,2013,Sumatera Barat,Kota Pariaman,,69.48,74.51,kota
Indonesia,2014,Sumatera Barat,Kota Pariaman,,69.49,74.66,kota
Indonesia,2015,Sumatera Barat,Kota Pariaman,,69.59,74.98,kota
Indonesia,2016,Sumatera Barat,Kota Pariaman,,69.63,75.44,kota
Indonesia,2017,Sumatera Barat,Kota Pariaman,,69.67,75.71,kota
Indonesia,2018,Sumatera Barat,Kota Pariaman,,69.87,76.26,kota
Indonesia,2019,Sumatera Barat,Kota Pariaman,20.78,70.15,76.7,kota
Indonesia,2020,Sumatera Barat,Kota Pariaman,,70.28,76.9,kota
Indonesia,2021,Sumatera Barat,Kota Pariaman,20.3,70.38,77.07,kota
Indonesia,2022,Sumatera Barat,Kota Pariaman,18.4,70.67,77.65,kota
Indonesia,2023,Sumatera Barat,Kota Pariaman,17.7,70.95,78.13,kota
Indonesia,2024,Sumatera Barat,Kota Pariaman,15.7,71.17,78.88,kota
Indonesia,2013,Sumatera Barat,Kota Payakumbuh,,72.43,76.34,kota
Indonesia,2014,Sumatera Barat,Kota Payakumbuh,,72.43,76.49,kota
Indonesia,2015,Sumatera Barat,Kota Payakumbuh,,72.93,77.42,kota
Indonesia,2016,Sumatera Barat,Kota Payakumbuh,,73.03,77.56,kota
Indonesia,2017,Sumatera Barat,Kota Payakumbuh,,73.13,77.91,kota
Indonesia,2018,Sumatera Barat,Kota Payakumbuh,,73.33,78.23,kota
Indonesia,2019,Sumatera Barat,Kota Payakumbuh,22.3,73.61,78.95,kota
Indonesia,2020,Sumatera Barat,Kota Payakumbuh,,73.74,78.9,kota
Indonesia,2021,Sumatera Barat,Kota Payakumbuh,20.0,73.84,79.08,kota
Indonesia,2022,Sumatera Barat,Kota Payakumbuh,17.8,74.14,79.53,kota
Indonesia,2023,Sumatera Barat,Kota Payakumbuh,19.8,74.43,79.97,kota
Indonesia,2024,Sumatera Barat,Kota Payakumbuh,16.4,74.77,80.61,kota
Indonesia,2013,Sumatera Barat,Kota Sawahlunto,,69.14,69.07,kota
Indonesia,2014,Sumatera Barat,Kota Sawahlunto,,69.17,69.61,kota
Indonesia,2015,Sumatera Barat,Kota Sawahlunto,,69.27,69.87,kota
Indonesia,2016,Sumatera Barat,Kota Sawahlunto,,69.33,70.67,kota
Indonesia,2017,Sumatera Barat,Kota Sawahlunto,,69.39,71.13,kota
Indonesia,2018,Sumatera Barat,Kota Sawahlunto,,69.59,71.72,kota
Indonesia,2019,Sumatera Barat,Kota Sawahlunto,,69.87,72.39,kota
Indonesia,2020,Sumatera Barat,Kota Sawahlunto,,70.0,72.64,kota
Indonesia,2021,Sumatera Barat,Kota Sawahlunto,21.1,70.1,72.88,kota
Indonesia,2022,Sumatera Barat,Kota Sawahlunto,,70.4,73.73,kota
Indonesia,2023,Sumatera Barat,Kota Sawahlunto,,70.69,74.42,kota
Indonesia,2024,Sumatera Barat,Kota Sawahlunto,20.0,70.92,75.13,kota
Indonesia,2013,Sumatera Barat,Kota Solok,,72.33,75.54,kota
Indonesia,2014,Sumatera Barat,Kota Solok,,72.34,76.2,kota
Indonesia,2015,Sumatera Barat,Kota Solok,,72.74,76.83,kota
Indonesia,2016,Sumatera Barat,Kota Solok,,72.83,77.07,kota
Indonesia,2017,Sumatera Barat,Kota Solok,,72.92,77.44,kota
Indonesia,2018,Sumatera Barat,Kota Solok,,73.14,77.89,kota
Indonesia,2019,Sumatera Barat,Kota Solok,20.73,73.45,78.38,kota
Indonesia,2020,Sumatera Barat,Kota Solok,,73.61,78.29,kota
Indonesia,2021,Sumatera Barat,Kota Solok,18.5,73.73,78.41,kota
Indonesia,2022,Sumatera Barat,Kota Solok,18.1,74.06,79.23,kota
Indonesia,2023,Sumatera Barat,Kota Solok,16.3,74.39,79.58,kota
Indonesia,2024,Sumatera Barat,Kota Solok,18.6,74.73,80.0,kota
Indonesia,2013,Sumatera Barat,Lima Puluh Kota,,69.19,66.3,kota
Indonesia,2014,Sumatera Barat,Lima Puluh Kota,,69.22,66.78,kota
Indonesia,2015,Sumatera Barat,Lima Puluh Kota,,69.23,67.65,kota
Indonesia,2016,Sumatera Barat,Lima Puluh Kota,,69.27,68.37,kota
Indonesia,2017,Sumatera Barat,Lima Puluh Kota,,69.31,68.69,kota
Indonesia,2018,Sumatera Barat,Lima Puluh Kota,,69.47,69.17,kota
Indonesia,2019,Sumatera Barat,Lima Puluh Kota,28.94,69.7,69.67,kota
Indonesia,2020,Sumatera Barat,Lima Puluh Kota,,69.79,69.47,kota
Indonesia,2021,Sumatera Barat,Lima Puluh Kota,28.2,69.84,69.68,kota
Indonesia,2022,Sumatera Barat,Lima Puluh Kota,24.3,70.08,70.28,kota
Indonesia,2023,Sumatera Barat,Lima Puluh Kota,28.6,70.3,70.7,kota
Indonesia,2024,Sumatera Barat,Lima Puluh Kota,26.6,70.46,71.14,kota
Indonesia,2013,Sumatera Barat,Padang Pariaman,,67.18,67.15,kota
Indonesia,2014,Sumatera Barat,Padang Pariaman,,67.24,67.56,kota
Indonesia,2015,Sumatera Barat,Padang Pariaman,,67.64,68.04,kota
Indonesia,2016,Sumatera Barat,Padang Pariaman,,67.8,68.44,kota
Indonesia,2017,Sumatera Barat,Padang Pariaman,,67.96,68.9,kota
Indonesia,2018,Sumatera Barat,Padang Pariaman,,68.23,69.71,kota
Indonesia,2019,Sumatera Barat,Padang Pariaman,21.29,68.58,70.59,kota
Indonesia,2020,Sumatera Barat,Padang Pariaman,,68.79,70.61,kota
Indonesia,2021,Sumatera Barat,Padang Pariaman,28.3,68.97,70.76,kota
Indonesia,2022,Sumatera Barat,Padang Pariaman,25.0,69.34,71.63,kota
Indonesia,2023,Sumatera Barat,Padang Pariaman,19.4,69.7,72.61,kota
Indonesia,2024,Sumatera Barat,Padang Pariaman,26.6,70.1,73.1,kota
Indonesia,2013,Sumatera Barat,Pasaman,,65.73,62.91,kota
Indonesia,2014,Sumatera Barat,Pasaman,,65.76,63.33,kota
Indonesia,2015,Sumatera Barat,Pasaman,,66.26,64.01,kota
Indonesia,2016,Sumatera Barat,Pasaman,,66.4,64.57,kota
Indonesia,2017,Sumatera Barat,Pasaman,,66.54,64.94,kota
Indonesia,2018,Sumatera Barat,Pasaman,,66.82,65.6,kota
Indonesia,2019,Sumatera Barat,Pasaman,35.67,67.18,66.46,kota
Indonesia,2020,Sumatera Barat,Pasaman,,67.4,66.64,kota
Indonesia,2021,Sumatera Barat,Pasaman,30.2,67.59,66.77,kota
Indonesia,2022,Sumatera Barat,Pasaman,28.9,67.96,67.41,kota
Indonesia,2023,Sumatera Barat,Pasaman,29.4,68.29,68.13,kota
Indonesia,2024,Sumatera Barat,Pasaman,29.1,68.61,68.89,kota
Indonesia,2013,Sumatera Barat,Pasaman Barat,,66.9,63.92,kota
Indonesia,2014,Sumatera Barat,Pasaman Barat,,66.93,64.56,kota
Indonesia,2015,Sumatera Barat,Pasaman Barat,,67.03,65.26,kota
Indonesia,2016,Sumatera Barat,Pasaman Barat,,67.09,66.03,kota
Indonesia,2017,Sumatera Barat,Pasaman Barat,,67.15,66.83,kota
Indonesia,2018,Sumatera Barat,Pasaman Barat,,67.37,67.43,kota
Indonesia,2019,Sumatera Barat,Pasaman Barat,31.66,67.67,68.21,kota
Indonesia,2020,Sumatera Barat,Pasaman Barat,,67.82,68.49,kota
Indonesia,2021,Sumatera Barat,Pasaman Barat,24.0,67.94,68.76,kota
Indonesia,2022,Sumatera Barat,Pasaman Barat,35.5,68.25,69.57,kota
Indonesia,2023,Sumatera Barat,Pasaman Barat,29.7,68.53,70.19,kota
Indonesia,2024,Sumatera Barat,Pasaman Barat,26.6,68.81,70.93,kota
Indonesia,2013,Sumatera Barat,Pesisir Selatan,,69.43,67.31,kota
Indonesia,2014,Sumatera Barat,Pesisir Selatan,,69.46,67.75,kota
Indonesia,2015,Sumatera Barat,Pesisir Selatan,,69.96,68.07,kota
Indonesia,2016,Sumatera Barat,Pesisir Selatan,,70.11,68.39,kota
Indonesia,2017,Sumatera Barat,Pesisir Selatan,,70.25,68.74,kota
Indonesia,2018,Sumatera Barat,Pesisir Selatan,,70.45,69.4,kota
Indonesia,2019,Sumatera Barat,Pesisir Selatan,30.56,70.73,70.08,kota
Indonesia,2020,Sumatera Barat,Pesisir Selatan,,70.86,69.9,kota
Indonesia,2021,Sumatera Barat,Pesisir Selatan,25.2,70.96,70.03,kota
Indonesia,2022,Sumatera Barat,Pesisir Selatan,29.8,71.25,70.84,kota
Indonesia,2023,Sumatera Barat,Pesisir Selatan,27.0,71.52,71.44,kota
Indonesia,2024,Sumatera Barat,Pesisir Selatan,26.5,71.59,72.02,kota
Indonesia,2013,Sumatera Barat,Sijunjung,,64.72,64.48,kota
Indonesia,2014,Sumatera Barat,Sijunjung,,64.72,64.95,kota
Indonesia,2015,Sumatera Barat,Sijunjung,,65.22,65.3,kota
Indonesia,2016,Sumatera Barat,Sijunjung,,65.33,66.01,kota
Indonesia,2017,Sumatera Barat,Sijunjung,,65.44,66.6,kota
Indonesia,2018,Sumatera Barat,Sijunjung,,65.69,66.97,kota
Indonesia,2019,Sumatera Barat,Sijunjung,,66.02,67.66,kota
Indonesia,2020,Sumatera Barat,Sijunjung,,66.21,67.74,kota
Indonesia,2021,Sumatera Barat,Sijunjung,30.1,66.36,67.86,kota
Indonesia,2022,Sumatera Barat,Sijunjung,30.0,66.7,68.69,kota
Indonesia,2023,Sumatera Barat,Sijunjung,28.5,67.02,69.65,kota
Indonesia,2024,Sumatera Barat,Sijunjung,28.2,67.32,70.23,kota
Indonesia,2013,Sumatera Barat,Solok,,66.9,66.15,kota
Indonesia,2014,Sumatera Barat,Solok,,66.95,66.44,kota
Indonesia,2015,Sumatera Barat,Solok,,67.35,67.12,kota
Indonesia,2016,Sumatera Barat,Solok,,67.5,67.67,kota
Indonesia,2017,Sumatera Barat,Solok,,67.65,67.86,kota
Indonesia,2018,Sumatera Barat,Solok,,67.95,68.6,kota
Indonesia,2019,Sumatera Barat,Solok,35.45,68.34,69.08,kota
Indonesia,2019,Sumatera Barat,Solok,35.45,68.34,69.08,kota
Indonesia,2020,Sumatera Barat,Solok,,68.58,69.08,kota
Indonesia,2021,Sumatera Barat,Solok,18.5,68.79,69.24,kota
Indonesia,2021,Sumatera Barat,Solok,18.5,68.79,69.24,kota
Indonesia,2022,Sumatera Barat,Solok,24.2,69.19,70.02,kota
Indonesia,2022,Sumatera Barat,Solok,24.2,69.19,70.02,kota
Indonesia,2023,Sumatera Barat,Solok,25.4,69.56,70.63,kota
Indonesia,2023,Sumatera Barat,Solok,25.4,69.56,70.63,kota
Indonesia,2024,Sumatera Barat,Solok,29.5,69.8,71.02,kota
Indonesia,2024,Sumatera Barat,Solok,29.5,69.8,71.02,kota
Indonesia,2013,Sumatera Barat,Solok Selatan,,66.02,65.86,kota
Indonesia,2014,Sumatera Barat,Solok Selatan,,66.04,66.29,kota
Indonesia,2015,Sumatera Barat,Solok Selatan,,66.64,67.09,kota
Indonesia,2016,Sumatera Barat,Solok Selatan,,66.78,67.47,kota
Indonesia,2017,Sumatera Barat,Solok Selatan,,66.92,67.81,kota
Indonesia,2018,Sumatera Barat,Solok Selatan,,67.21,68.45,kota
Indonesia,2019,Sumatera Barat,Solok Selatan,34.99,67.58,68.94,kota
Indonesia,2020,Sumatera Barat,Solok Selatan,,67.81,69.04,kota
Indonesia,2021,Sumatera Barat,Solok Selatan,24.5,68.01,69.23,kota
Indonesia,2022,Sumatera Barat,Solok Selatan,31.7,68.38,69.71,kota
Indonesia,2023,Sumatera Barat,Solok Selatan,14.7,68.71,70.58,kota
Indonesia,2024,Sumatera Barat,Solok Selatan,21.5,68.99,71.5,kota
Indonesia,2013,Sumatera Barat,Tanah Datar,,68.28,68.12,kota
Indonesia,2014,Sumatera Barat,Tanah Datar,,68.35,68.51,kota
Indonesia,2015,Sumatera Barat,Tanah Datar,,68.75,69.49,kota
Indonesia,2016,Sumatera Barat,Tanah Datar,,68.93,70.11,kota
Indonesia,2017,Sumatera Barat,Tanah Datar,,69.11,70.37,kota
Indonesia,2018,Sumatera Barat,Tanah Datar,,69.38,71.25,kota
Indonesia,2019,Sumatera Barat,Tanah Datar,23.31,69.73,72.14,kota
Indonesia,2020,Sumatera Barat,Tanah Datar,,69.94,72.33,kota
Indonesia,2021,Sumatera Barat,Tanah Datar,21.5,70.12,72.46,kota
Indonesia,2022,Sumatera Barat,Tanah Datar,18.9,70.49,73.29,kota
Indonesia,2023,Sumatera Barat,Tanah Datar,18.5,70.84,73.98,kota
Indonesia,2024,Sumatera Barat,Tanah Datar,26.9,70.96,74.9,kota
Indonesia,2013,Sumatera Selatan,Banyuasin,,68.21,62.42,kota
Indonesia,2014,Sumatera Selatan,Banyuasin,,68.21,63.21,kota
Indonesia,2015,Sumatera Selatan,Banyuasin,,68.31,64.15,kota
Indonesia,2016,Sumatera Selatan,Banyuasin,,68.33,65.01,kota
Indonesia,2017,Sumatera Selatan,Banyuasin,,68.36,65.85,kota
Indonesia,2018,Sumatera Selatan,Banyuasin,,68.55,66.4,kota
Indonesia,2019,Sumatera Selatan,Banyuasin,,68.76,66.9,kota
Indonesia,2020,Sumatera Selatan,Banyuasin,,68.97,66.74,kota
Indonesia,2021,Sumatera Selatan,Banyuasin,22.0,69.06,67.13,kota
Indonesia,2022,Sumatera Selatan,Banyuasin,,69.43,67.93,kota
Indonesia,2023,Sumatera Selatan,Banyuasin,,69.76,68.65,kota
Indonesia,2024,Sumatera Selatan,Banyuasin,,69.96,69.51,kota
Indonesia,2013,Sumatera Selatan,Empat Lawang,,63.97,62.74,kota
Indonesia,2014,Sumatera Selatan,Empat Lawang,,63.98,63.17,kota
Indonesia,2015,Sumatera Selatan,Empat Lawang,,64.18,63.55,kota
Indonesia,2016,Sumatera Selatan,Empat Lawang,,64.25,64.0,kota
Indonesia,2017,Sumatera Selatan,Empat Lawang,,64.32,64.21,kota
Indonesia,2018,Sumatera Selatan,Empat Lawang,,64.56,64.81,kota
Indonesia,2019,Sumatera Selatan,Empat Lawang,39.16,64.81,65.1,kota
Indonesia,2020,Sumatera Selatan,Empat Lawang,,65.08,65.25,kota
Indonesia,2021,Sumatera Selatan,Empat Lawang,26.0,65.13,65.39,kota
Indonesia,2022,Sumatera Selatan,Empat Lawang,18.5,65.45,66.0,kota
Indonesia,2023,Sumatera Selatan,Empat Lawang,32.6,65.73,66.68,kota
Indonesia,2024,Sumatera Selatan,Empat Lawang,31.9,65.87,67.25,kota
Indonesia,2013,Sumatera Selatan,Kota Lubuk Linggau,,68.48,72.55,kota
Indonesia,2014,Sumatera Selatan,Kota Lubuk Linggau,,68.49,72.84,kota
Indonesia,2015,Sumatera Selatan,Kota Lubuk Linggau,,68.59,73.17,kota
Indonesia,2016,Sumatera Selatan,Kota Lubuk Linggau,,68.61,73.57,kota
Indonesia,2017,Sumatera Selatan,Kota Lubuk Linggau,,68.64,73.67,kota
Indonesia,2018,Sumatera Selatan,Kota Lubuk Linggau,,68.83,74.09,kota
Indonesia,2019,Sumatera Selatan,Kota Lubuk Linggau,17.37,69.04,74.81,kota
Indonesia,2020,Sumatera Selatan,Kota Lubuk Linggau,,69.25,74.78,kota
Indonesia,2021,Sumatera Selatan,Kota Lubuk Linggau,22.8,69.39,74.89,kota
Indonesia,2022,Sumatera Selatan,Kota Lubuk Linggau,11.7,69.82,75.53,kota
Indonesia,2023,Sumatera Selatan,Kota Lubuk Linggau,17.5,70.25,76.19,kota
Indonesia,2024,Sumatera Selatan,Kota Lubuk Linggau,,70.59,76.82,kota
Indonesia,2013,Sumatera Selatan,Kota Pagar Alam,,65.47,64.14,kota
Indonesia,2014,Sumatera Selatan,Kota Pagar Alam,,65.5,64.75,kota
Indonesia,2015,Sumatera Selatan,Kota Pagar Alam,,65.7,65.37,kota
Indonesia,2016,Sumatera Selatan,Kota Pagar Alam,,65.78,65.96,kota
Indonesia,2017,Sumatera Selatan,Kota Pagar Alam,,65.87,66.81,kota
Indonesia,2018,Sumatera Selatan,Kota Pagar Alam,,66.14,67.62,kota
Indonesia,2019,Sumatera Selatan,Kota Pagar Alam,39.19,66.41,68.44,kota
Indonesia,2020,Sumatera Selatan,Kota Pagar Alam,,66.71,68.31,kota
Indonesia,2021,Sumatera Selatan,Kota Pagar Alam,15.5,66.85,68.68,kota
Indonesia,2022,Sumatera Selatan,Kota Pagar Alam,11.6,67.29,69.6,kota
Indonesia,2023,Sumatera Selatan,Kota Pagar Alam,23.3,67.7,70.45,kota
Indonesia,2024,Sumatera Selatan,Kota Pagar Alam,20.0,67.98,71.19,kota
Indonesia,2013,Sumatera Selatan,Kota Palembang,,69.8,75.49,kota
Indonesia,2014,Sumatera Selatan,Kota Palembang,,69.8,76.02,kota
Indonesia,2015,Sumatera Selatan,Kota Palembang,,70.0,76.29,kota
Indonesia,2016,Sumatera Selatan,Kota Palembang,,70.05,76.59,kota
Indonesia,2017,Sumatera Selatan,Kota Palembang,,70.1,77.22,kota
Indonesia,2018,Sumatera Selatan,Kota Palembang,,70.32,77.89,kota
Indonesia,2019,Sumatera Selatan,Kota Palembang,22.91,70.54,78.44,kota
Indonesia,2020,Sumatera Selatan,Kota Palembang,,70.79,78.33,kota
Indonesia,2021,Sumatera Selatan,Kota Palembang,16.1,71.01,78.72,kota
Indonesia,2022,Sumatera Selatan,Kota Palembang,14.3,71.49,79.47,kota
Indonesia,2023,Sumatera Selatan,Kota Palembang,18.9,71.99,80.02,kota
Indonesia,2024,Sumatera Selatan,Kota Palembang,10.6,72.35,80.57,kota
Indonesia,2013,Sumatera Selatan,Kota Prabumulih,,69.39,71.87,kota
Indonesia,2014,Sumatera Selatan,Kota Prabumulih,,69.39,72.2,kota
Indonesia,2015,Sumatera Selatan,Kota Prabumulih,,69.59,73.19,kota
Indonesia,2016,Sumatera Selatan,Kota Prabumulih,,69.63,73.38,kota
Indonesia,2017,Sumatera Selatan,Kota Prabumulih,,69.67,73.58,kota
Indonesia,2018,Sumatera Selatan,Kota Prabumulih,,69.88,74.04,kota
Indonesia,2019,Sumatera Selatan,Kota Prabumulih,25.62,70.09,74.4,kota
Indonesia,2020,Sumatera Selatan,Kota Prabumulih,,70.32,74.55,kota
Indonesia,2021,Sumatera Selatan,Kota Prabumulih,22.0,70.47,74.67,kota
Indonesia,2022,Sumatera Selatan,Kota Prabumulih,12.3,70.87,75.52,kota
Indonesia,2023,Sumatera Selatan,Kota Prabumulih,15.4,71.27,76.46,kota
Indonesia,2024,Sumatera Selatan,Kota Prabumulih,11.6,71.59,77.08,kota
Indonesia,2013,Sumatera Selatan,Lahat,,64.14,64.15,kota
Indonesia,2014,Sumatera Selatan,Lahat,,64.17,64.52,kota
Indonesia,2015,Sumatera Selatan,Lahat,,64.87,65.25,kota
Indonesia,2016,Sumatera Selatan,Lahat,,65.06,65.75,kota
Indonesia,2017,Sumatera Selatan,Lahat,,65.25,66.38,kota
Indonesia,2018,Sumatera Selatan,Lahat,,65.5,66.99,kota
Indonesia,2019,Sumatera Selatan,Lahat,29.53,65.76,67.62,kota
Indonesia,2020,Sumatera Selatan,Lahat,,66.04,67.44,kota
Indonesia,2021,Sumatera Selatan,Lahat,22.4,66.16,67.58,kota
Indonesia,2022,Sumatera Selatan,Lahat,19.0,66.52,68.4,kota
Indonesia,2023,Sumatera Selatan,Lahat,7.8,66.87,69.1,kota
Indonesia,2024,Sumatera Selatan,Lahat,12.9,67.11,69.77,kota
Indonesia,2013,Sumatera Selatan,Muara Enim,,67.7,64.34,kota
Indonesia,2014,Sumatera Selatan,Muara Enim,,67.7,65.02,kota
Indonesia,2015,Sumatera Selatan,Muara Enim,,68.0,65.82,kota
Indonesia,2016,Sumatera Selatan,Muara Enim,,68.07,66.71,kota
Indonesia,2017,Sumatera Selatan,Muara Enim,,68.14,67.63,kota
Indonesia,2018,Sumatera Selatan,Muara Enim,,68.38,68.28,kota
Indonesia,2019,Sumatera Selatan,Muara Enim,38.62,68.63,68.88,kota
Indonesia,2020,Sumatera Selatan,Muara Enim,,68.9,68.74,kota
Indonesia,2021,Sumatera Selatan,Muara Enim,29.7,69.02,68.86,kota
Indonesia,2022,Sumatera Selatan,Muara Enim,22.8,69.38,69.43,kota
Indonesia,2023,Sumatera Selatan,Muara Enim,25.9,69.72,70.24,kota
Indonesia,2024,Sumatera Selatan,Muara Enim,20.4,69.93,71.0,kota
Indonesia,2013,Sumatera Selatan,Musi Banyuasin,,67.99,64.18,kota
Indonesia,2014,Sumatera Selatan,Musi Banyuasin,,67.99,64.93,kota
Indonesia,2015,Sumatera Selatan,Musi Banyuasin,,68.09,65.76,kota
Indonesia,2016,Sumatera Selatan,Musi Banyuasin,,68.11,66.45,kota
Indonesia,2017,Sumatera Selatan,Musi Banyuasin,,68.14,66.96,kota
Indonesia,2018,Sumatera Selatan,Musi Banyuasin,,68.33,67.57,kota
Indonesia,2019,Sumatera Selatan,Musi Banyuasin,,68.54,67.83,kota
Indonesia,2020,Sumatera Selatan,Musi Banyuasin,,68.75,67.69,kota
Indonesia,2021,Sumatera Selatan,Musi Banyuasin,23.0,68.84,68.1,kota
Indonesia,2022,Sumatera Selatan,Musi Banyuasin,,69.19,68.6,kota
Indonesia,2023,Sumatera Selatan,Musi Banyuasin,,69.51,69.17,kota
Indonesia,2024,Sumatera Selatan,Musi Banyuasin,14.8,69.72,70.12,kota
Indonesia,2013,Sumatera Selatan,Musi Rawas,,66.87,62.23,kota
Indonesia,2014,Sumatera Selatan,Musi Rawas,,66.88,63.19,kota
Indonesia,2015,Sumatera Selatan,Musi Rawas,,67.18,64.11,kota
Indonesia,2016,Sumatera Selatan,Musi Rawas,,67.26,64.75,kota
Indonesia,2017,Sumatera Selatan,Musi Rawas,,67.34,65.31,kota
Indonesia,2018,Sumatera Selatan,Musi Rawas,,67.59,66.18,kota
Indonesia,2019,Sumatera Selatan,Musi Rawas,25.41,67.86,66.92,kota
Indonesia,2020,Sumatera Selatan,Musi Rawas,,68.14,66.79,kota
Indonesia,2021,Sumatera Selatan,Musi Rawas,28.3,68.26,67.01,kota
Indonesia,2022,Sumatera Selatan,Musi Rawas,25.4,68.62,67.78,kota
Indonesia,2023,Sumatera Selatan,Musi Rawas,21.9,68.95,68.26,kota
Indonesia,2024,Sumatera Selatan,Musi Rawas,19.3,69.15,68.95,kota
Indonesia,2013,Sumatera Selatan,Musi Rawas Utara,,64.69,60.56,kota
Indonesia,2014,Sumatera Selatan,Musi Rawas Utara,,64.69,61.34,kota
Indonesia,2015,Sumatera Selatan,Musi Rawas Utara,,64.89,62.32,kota
Indonesia,2016,Sumatera Selatan,Musi Rawas Utara,,64.94,63.05,kota
Indonesia,2017,Sumatera Selatan,Musi Rawas Utara,,64.99,63.18,kota
Indonesia,2018,Sumatera Selatan,Musi Rawas Utara,,65.21,63.75,kota
Indonesia,2019,Sumatera Selatan,Musi Rawas Utara,41.12,65.43,64.32,kota
Indonesia,2020,Sumatera Selatan,Musi Rawas Utara,,65.68,64.49,kota
Indonesia,2021,Sumatera Selatan,Musi Rawas Utara,28.3,65.76,64.93,kota
Indonesia,2022,Sumatera Selatan,Musi Rawas Utara,20.2,66.08,65.74,kota
Indonesia,2023,Sumatera Selatan,Musi Rawas Utara,33.1,66.37,66.6,kota
Indonesia,2024,Sumatera Selatan,Musi Rawas Utara,22.0,66.56,67.4,kota
Indonesia,2013,Sumatera Selatan,Ogan Ilir,,64.36,63.64,kota
Indonesia,2014,Sumatera Selatan,Ogan Ilir,,64.38,64.49,kota
Indonesia,2015,Sumatera Selatan,Ogan Ilir,,64.58,65.35,kota
Indonesia,2016,Sumatera Selatan,Ogan Ilir,,64.65,65.45,kota
Indonesia,2017,Sumatera Selatan,Ogan Ilir,,64.72,65.63,kota
Indonesia,2018,Sumatera Selatan,Ogan Ilir,,64.96,66.43,kota
Indonesia,2019,Sumatera Selatan,Ogan Ilir,35.56,65.21,67.22,kota
Indonesia,2020,Sumatera Selatan,Ogan Ilir,,65.48,67.06,kota
Indonesia,2021,Sumatera Selatan,Ogan Ilir,29.2,65.6,67.17,kota
Indonesia,2022,Sumatera Selatan,Ogan Ilir,24.9,65.98,67.96,kota
Indonesia,2023,Sumatera Selatan,Ogan Ilir,22.9,66.33,68.76,kota
Indonesia,2024,Sumatera Selatan,Ogan Ilir,27.4,66.54,69.4,kota
Indonesia,2013,Sumatera Selatan,Ogan Komering Ilir,,67.99,63.52,kota
Indonesia,2014,Sumatera Selatan,Ogan Komering Ilir,,67.99,63.87,kota
Indonesia,2015,Sumatera Selatan,Ogan Komering Ilir,,68.01,64.73,kota
Indonesia,2016,Sumatera Selatan,Ogan Komering Ilir,,68.02,65.44,kota
Indonesia,2017,Sumatera Selatan,Ogan Komering Ilir,,68.04,66.11,kota
Indonesia,2018,Sumatera Selatan,Ogan Komering Ilir,,68.22,66.57,kota
Indonesia,2019,Sumatera Selatan,Ogan Komering Ilir,38.06,68.41,66.96,kota
Indonesia,2020,Sumatera Selatan,Ogan Komering Ilir,,68.61,66.82,kota
Indonesia,2021,Sumatera Selatan,Ogan Komering Ilir,32.2,68.67,67.17,kota
Indonesia,2022,Sumatera Selatan,Ogan Komering Ilir,15.1,69.01,68.02,kota
Indonesia,2023,Sumatera Selatan,Ogan Komering Ilir,32.5,69.31,68.65,kota
Indonesia,2024,Sumatera Selatan,Ogan Komering Ilir,24.3,69.48,69.33,kota
Indonesia,2013,Sumatera Selatan,Ogan Komering Ulu,,67.6,65.51,kota
Indonesia,2014,Sumatera Selatan,Ogan Komering Ulu,,67.6,66.21,kota
Indonesia,2015,Sumatera Selatan,Ogan Komering Ulu,,67.63,67.18,kota
Indonesia,2016,Sumatera Selatan,Ogan Komering Ulu,,67.65,67.47,kota
Indonesia,2017,Sumatera Selatan,Ogan Komering Ulu,,67.66,68.28,kota
Indonesia,2018,Sumatera Selatan,Ogan Komering Ulu,,67.83,69.01,kota
Indonesia,2019,Sumatera Selatan,Ogan Komering Ulu,27.97,68.01,69.45,kota
Indonesia,2020,Sumatera Selatan,Ogan Komering Ulu,,68.2,69.32,kota
Indonesia,2021,Sumatera Selatan,Ogan Komering Ulu,31.1,68.24,69.6,kota
Indonesia,2022,Sumatera Selatan,Ogan Komering Ulu,19.9,68.55,70.24,kota
Indonesia,2023,Sumatera Selatan,Ogan Komering Ulu,15.7,68.85,71.01,kota
Indonesia,2024,Sumatera Selatan,Ogan Komering Ulu,22.0,69.02,71.55,kota
Indonesia,2013,Sumatera Selatan,Ogan Komering Ulu Selatan,,65.77,61.58,kota
Indonesia,2014,Sumatera Selatan,Ogan Komering Ulu Selatan,,65.78,61.94,kota
Indonesia,2015,Sumatera Selatan,Ogan Komering Ulu Selatan,,66.08,62.57,kota
Indonesia,2016,Sumatera Selatan,Ogan Komering Ulu Selatan,,66.16,63.42,kota
Indonesia,2017,Sumatera Selatan,Ogan Komering Ulu Selatan,,66.24,63.96,kota
Indonesia,2018,Sumatera Selatan,Ogan Komering Ulu Selatan,,66.49,64.84,kota
Indonesia,2019,Sumatera Selatan,Ogan Komering Ulu Selatan,26.13,66.76,65.43,kota
Indonesia,2020,Sumatera Selatan,Ogan Komering Ulu Selatan,,67.04,65.3,kota
Indonesia,2021,Sumatera Selatan,Ogan Komering Ulu Selatan,31.1,67.07,65.34,kota
Indonesia,2022,Sumatera Selatan,Ogan Komering Ulu Selatan,19.4,67.36,65.87,kota
Indonesia,2023,Sumatera Selatan,Ogan Komering Ulu Selatan,23.0,67.88,66.67,kota
Indonesia,2024,Sumatera Selatan,Ogan Komering Ulu Selatan,16.6,68.25,67.65,kota
Indonesia,2013,Sumatera Selatan,Ogan Komering Ulu Timur,,67.78,66.09,kota
Indonesia,2014,Sumatera Selatan,Ogan Komering Ulu Timur,,67.79,66.74,kota
Indonesia,2015,Sumatera Selatan,Ogan Komering Ulu Timur,,68.19,67.17,kota
Indonesia,2016,Sumatera Selatan,Ogan Komering Ulu Timur,,68.31,67.38,kota
Indonesia,2017,Sumatera Selatan,Ogan Komering Ulu Timur,,68.44,67.84,kota
Indonesia,2018,Sumatera Selatan,Ogan Komering Ulu Timur,,68.65,68.58,kota
Indonesia,2019,Sumatera Selatan,Ogan Komering Ulu Timur,24.02,68.87,69.34,kota
Indonesia,2020,Sumatera Selatan,Ogan Komering Ulu Timur,,69.1,69.28,kota
Indonesia,2021,Sumatera Selatan,Ogan Komering Ulu Timur,31.1,69.17,69.58,kota
Indonesia,2022,Sumatera Selatan,Ogan Komering Ulu Timur,19.1,69.48,70.23,kota
Indonesia,2023,Sumatera Selatan,Ogan Komering Ulu Timur,9.3,69.78,70.96,kota
Indonesia,2024,Sumatera Selatan,Ogan Komering Ulu Timur,17.4,70.0,71.55,kota
Indonesia,2013,Sumatera Selatan,Penukal Abab Lematang Ilir,,67.55,59.69,kota
Indonesia,2014,Sumatera Selatan,Penukal Abab Lematang Ilir,,67.55,59.89,kota
Indonesia,2015,Sumatera Selatan,Penukal Abab Lematang Ilir,,67.65,60.83,kota
Indonesia,2016,Sumatera Selatan,Penukal Abab Lematang Ilir,,67.68,61.66,kota
Indonesia,2017,Sumatera Selatan,Penukal Abab Lematang Ilir,,67.7,62.58,kota
Indonesia,2018,Sumatera Selatan,Penukal Abab Lematang Ilir,,67.88,63.49,kota
Indonesia,2019,Sumatera Selatan,Penukal Abab Lematang Ilir,25.45,68.07,64.33,kota
Indonesia,2020,Sumatera Selatan,Penukal Abab Lematang Ilir,,68.27,64.7,kota
Indonesia,2021,Sumatera Selatan,Penukal Abab Lematang Ilir,20.2,68.33,64.88,kota
Indonesia,2022,Sumatera Selatan,Penukal Abab Lematang Ilir,,68.65,65.75,kota
Indonesia,2023,Sumatera Selatan,Penukal Abab Lematang Ilir,,68.96,66.64,kota
Indonesia,2024,Sumatera Selatan,Penukal Abab Lematang Ilir,20.5,69.17,67.48,kota
Indonesia,2013,Sumatera Utara,Asahan,,67.17,66.58,kota
Indonesia,2014,Sumatera Utara,Asahan,,67.27,67.51,kota
Indonesia,2015,Sumatera Utara,Asahan,,67.37,68.4,kota
Indonesia,2016,Sumatera Utara,Asahan,,67.47,68.71,kota
Indonesia,2017,Sumatera Utara,Asahan,,67.57,69.1,kota
Indonesia,2018,Sumatera Utara,Asahan,,67.79,69.49,kota
Indonesia,2019,Sumatera Utara,Asahan,28.58,68.11,69.92,kota
Indonesia,2020,Sumatera Utara,Asahan,,68.26,70.29,kota
Indonesia,2021,Sumatera Utara,Asahan,18.9,68.37,70.49,kota
Indonesia,2022,Sumatera Utara,Asahan,15.3,68.73,71.13,kota
Indonesia,2023,Sumatera Utara,Asahan,11.0,69.09,71.56,kota
Indonesia,2024,Sumatera Utara,Asahan,13.9,69.27,72.09,kota
Indonesia,2013,Sumatera Utara,Batu Bara,,65.4,65.06,kota
Indonesia,2014,Sumatera Utara,Batu Bara,,65.5,65.5,kota
Indonesia,2015,Sumatera Utara,Batu Bara,,65.8,66.02,kota
Indonesia,2016,Sumatera Utara,Batu Bara,,65.95,66.69,kota
Indonesia,2017,Sumatera Utara,Batu Bara,,66.1,67.2,kota
Indonesia,2018,Sumatera Utara,Batu Bara,,66.38,67.67,kota
Indonesia,2019,Sumatera Utara,Batu Bara,31.88,66.75,68.35,kota
Indonesia,2020,Sumatera Utara,Batu Bara,,66.96,68.36,kota
Indonesia,2021,Sumatera Utara,Batu Bara,30.9,67.13,68.58,kota
Indonesia,2022,Sumatera Utara,Batu Bara,21.7,67.55,69.51,kota
Indonesia,2023,Sumatera Utara,Batu Bara,17.7,67.88,70.31,kota
Indonesia,2024,Sumatera Utara,Batu Bara,23.0,68.11,70.83,kota
Indonesia,2013,Sumatera Utara,Dairi,,67.38,67.15,kota
Indonesia,2014,Sumatera Utara,Dairi,,67.48,67.91,kota
Indonesia,2015,Sumatera Utara,Dairi,,67.78,69.0,kota
Indonesia,2016,Sumatera Utara,Dairi,,67.95,69.61,kota
Indonesia,2017,Sumatera Utara,Dairi,,68.13,70.36,kota
Indonesia,2018,Sumatera Utara,Dairi,,68.41,70.89,kota
Indonesia,2019,Sumatera Utara,Dairi,39.27,68.79,71.42,kota
Indonesia,2020,Sumatera Utara,Dairi,,69.0,71.57,kota
Indonesia,2021,Sumatera Utara,Dairi,34.2,69.19,71.84,kota
Indonesia,2022,Sumatera Utara,Dairi,28.6,69.64,72.56,kota
Indonesia,2023,Sumatera Utara,Dairi,32.6,70.11,73.27,kota
Indonesia,2024,Sumatera Utara,Dairi,29.0,70.27,73.92,kota
Indonesia,2013,Sumatera Utara,Deli Serdang,,70.78,71.39,kota
Indonesia,2014,Sumatera Utara,Deli Serdang,,70.8,71.98,kota
Indonesia,2015,Sumatera Utara,Deli Serdang,,71.0,72.79,kota
Indonesia,2016,Sumatera Utara,Deli Serdang,,71.06,73.51,kota
Indonesia,2017,Sumatera Utara,Deli Serdang,,71.11,73.94,kota
Indonesia,2018,Sumatera Utara,Deli Serdang,,71.31,74.92,kota
Indonesia,2019,Sumatera Utara,Deli Serdang,30.97,71.61,75.43,kota
Indonesia,2020,Sumatera Utara,Deli Serdang,,71.73,75.44,kota
Indonesia,2021,Sumatera Utara,Deli Serdang,12.5,71.77,75.53,kota
Indonesia,2022,Sumatera Utara,Deli Serdang,13.9,72.07,76.19,kota
Indonesia,2023,Sumatera Utara,Deli Serdang,33.8,72.31,76.52,kota
Indonesia,2024,Sumatera Utara,Deli Serdang,19.6,72.48,76.92,kota
Indonesia,2013,Sumatera Utara,Humbang Hasundutan,,67.7,64.92,kota
Indonesia,2014,Sumatera Utara,Humbang Hasundutan,,67.8,65.59,kota
Indonesia,2015,Sumatera Utara,Humbang Hasundutan,,68.1,66.03,kota
Indonesia,2016,Sumatera Utara,Humbang Hasundutan,,68.26,66.56,kota
Indonesia,2017,Sumatera Utara,Humbang Hasundutan,,68.41,67.3,kota
Indonesia,2018,Sumatera Utara,Humbang Hasundutan,,68.69,67.96,kota
Indonesia,2019,Sumatera Utara,Humbang Hasundutan,34.98,69.06,68.83,kota
Indonesia,2020,Sumatera Utara,Humbang Hasundutan,,69.27,68.87,kota
Indonesia,2021,Sumatera Utara,Humbang Hasundutan,26.7,69.51,69.41,kota
Indonesia,2022,Sumatera Utara,Humbang Hasundutan,29.6,70.02,70.32,kota
Indonesia,2023,Sumatera Utara,Humbang Hasundutan,18.4,70.27,70.75,kota
Indonesia,2024,Sumatera Utara,Humbang Hasundutan,18.3,70.49,71.59,kota
Indonesia,2013,Sumatera Utara,Karo,,70.38,71.62,kota
Indonesia,2014,Sumatera Utara,Karo,,70.42,71.84,kota
Indonesia,2015,Sumatera Utara,Karo,,70.62,72.69,kota
Indonesia,2016,Sumatera Utara,Karo,,70.69,73.29,kota
Indonesia,2017,Sumatera Utara,Karo,,70.77,73.53,kota
Indonesia,2018,Sumatera Utara,Karo,,70.97,73.91,kota
Indonesia,2019,Sumatera Utara,Karo,38.46,71.27,74.25,kota
Indonesia,2020,Sumatera Utara,Karo,,71.4,74.43,kota
Indonesia,2021,Sumatera Utara,Karo,25.3,71.58,74.83,kota
Indonesia,2022,Sumatera Utara,Karo,24.9,72.03,75.36,kota
Indonesia,2023,Sumatera Utara,Karo,24.7,72.28,75.98,kota
Indonesia,2024,Sumatera Utara,Karo,17.6,72.44,76.55,kota
Indonesia,2013,Sumatera Utara,Kota Binjai,,71.34,72.02,kota
Indonesia,2014,Sumatera Utara,Kota Binjai,,71.39,72.55,kota
Indonesia,2015,Sumatera Utara,Kota Binjai,,71.59,73.81,kota
Indonesia,2016,Sumatera Utara,Kota Binjai,,71.67,74.11,kota
Indonesia,2017,Sumatera Utara,Kota Binjai,,71.75,74.65,kota
Indonesia,2018,Sumatera Utara,Kota Binjai,,71.95,75.21,kota
Indonesia,2019,Sumatera Utara,Kota Binjai,17.91,72.25,75.89,kota
Indonesia,2020,Sumatera Utara,Kota Binjai,,72.38,75.89,kota
Indonesia,2021,Sumatera Utara,Kota Binjai,21.7,72.45,76.01,kota
Indonesia,2022,Sumatera Utara,Kota Binjai,18.7,72.79,76.95,kota
Indonesia,2023,Sumatera Utara,Kota Binjai,19.4,73.13,77.6,kota
Indonesia,2024,Sumatera Utara,Kota Binjai,25.6,73.28,78.1,kota
Indonesia,2013,Sumatera Utara,Kota Gunungsitoli,,70.13,65.25,kota
Indonesia,2014,Sumatera Utara,Kota Gunungsitoli,,70.19,65.91,kota
Indonesia,2015,Sumatera Utara,Kota Gunungsitoli,,70.29,66.41,kota
Indonesia,2016,Sumatera Utara,Kota Gunungsitoli,,70.36,66.85,kota
Indonesia,2017,Sumatera Utara,Kota Gunungsitoli,,70.42,67.68,kota
Indonesia,2018,Sumatera Utara,Kota Gunungsitoli,,70.67,68.33,kota
Indonesia,2019,Sumatera Utara,Kota Gunungsitoli,25.91,71.02,69.3,kota
Indonesia,2020,Sumatera Utara,Kota Gunungsitoli,,71.19,69.31,kota
Indonesia,2021,Sumatera Utara,Kota Gunungsitoli,26.3,71.32,69.61,kota
Indonesia,2022,Sumatera Utara,Kota Gunungsitoli,17.7,71.71,70.23,kota
Indonesia,2023,Sumatera Utara,Kota Gunungsitoli,18.9,72.09,70.68,kota
Indonesia,2024,Sumatera Utara,Kota Gunungsitoli,17.4,72.25,71.41,kota
Indonesia,2013,Sumatera Utara,Kota Medan,,72.13,78.0,kota
Indonesia,2014,Sumatera Utara,Kota Medan,,72.18,78.26,kota
Indonesia,2015,Sumatera Utara,Kota Medan,,72.28,78.87,kota
Indonesia,2016,Sumatera Utara,Kota Medan,,72.34,79.34,kota
Indonesia,2017,Sumatera Utara,Kota Medan,,72.4,79.98,kota
Indonesia,2018,Sumatera Utara,Kota Medan,,72.64,80.65,kota
Indonesia,2019,Sumatera Utara,Kota Medan,11.69,72.98,80.97,kota
Indonesia,2020,Sumatera Utara,Kota Medan,,73.14,80.98,kota
Indonesia,2021,Sumatera Utara,Kota Medan,19.9,73.23,81.21,kota
Indonesia,2022,Sumatera Utara,Kota Medan,15.4,73.58,81.76,kota
Indonesia,2023,Sumatera Utara,Kota Medan,5.8,73.93,82.19,kota
Indonesia,2024,Sumatera Utara,Kota Medan,15.4,74.16,82.76,kota
Indonesia,2013,Sumatera Utara,Kota Padangsidimpuan,,68.22,71.68,kota
Indonesia,2014,Sumatera Utara,Kota Padangsidimpuan,,68.27,71.88,kota
Indonesia,2015,Sumatera Utara,Kota Padangsidimpuan,,68.32,72.8,kota
Indonesia,2016,Sumatera Utara,Kota Padangsidimpuan,,68.37,73.42,kota
Indonesia,2017,Sumatera Utara,Kota Padangsidimpuan,,68.41,73.81,kota
Indonesia,2018,Sumatera Utara,Kota Padangsidimpuan,,68.73,74.38,kota
Indonesia,2019,Sumatera Utara,Kota Padangsidimpuan,,69.15,75.06,kota
Indonesia,2020,Sumatera Utara,Kota Padangsidimpuan,,69.41,75.22,kota
Indonesia,2021,Sumatera Utara,Kota Padangsidimpuan,32.1,69.5,75.48,kota
Indonesia,2022,Sumatera Utara,Kota Padangsidimpuan,,69.84,76.05,kota
Indonesia,2023,Sumatera Utara,Kota Padangsidimpuan,,70.2,76.44,kota
Indonesia,2024,Sumatera Utara,Kota Padangsidimpuan,30.3,70.43,76.96,kota
Indonesia,2013,Sumatera Utara,Kota Pematangsiantar,,71.59,75.05,kota
Indonesia,2014,Sumatera Utara,Kota Pematangsiantar,,71.69,75.83,kota
Indonesia,2015,Sumatera Utara,Kota Pematangsiantar,,72.29,76.34,kota
Indonesia,2016,Sumatera Utara,Kota Pematangsiantar,,72.46,76.9,kota
Indonesia,2017,Sumatera Utara,Kota Pematangsiantar,,72.63,77.54,kota
Indonesia,2018,Sumatera Utara,Kota Pematangsiantar,,72.93,77.88,kota
Indonesia,2019,Sumatera Utara,Kota Pematangsiantar,,73.33,78.57,kota
Indonesia,2020,Sumatera Utara,Kota Pematangsiantar,,73.55,78.75,kota
Indonesia,2021,Sumatera Utara,Kota Pematangsiantar,15.0,73.77,79.17,kota
Indonesia,2022,Sumatera Utara,Kota Pematangsiantar,,74.25,79.7,kota
Indonesia,2023,Sumatera Utara,Kota Pematangsiantar,,74.75,80.46,kota
Indonesia,2024,Sumatera Utara,Kota Pematangsiantar,,75.05,81.17,kota
Indonesia,2013,Sumatera Utara,Kota Sibolga,,67.3,70.45,kota
Indonesia,2014,Sumatera Utara,Kota Sibolga,,67.4,71.01,kota
Indonesia,2015,Sumatera Utara,Kota Sibolga,,67.7,71.64,kota
Indonesia,2016,Sumatera Utara,Kota Sibolga,,67.87,72.0,kota
Indonesia,2017,Sumatera Utara,Kota Sibolga,,68.05,72.28,kota
Indonesia,2018,Sumatera Utara,Kota Sibolga,,68.36,72.65,kota
Indonesia,2019,Sumatera Utara,Kota Sibolga,24.0,68.77,73.41,kota
Indonesia,2020,Sumatera Utara,Kota Sibolga,,69.01,73.63,kota
Indonesia,2021,Sumatera Utara,Kota Sibolga,25.8,69.25,73.94,kota
Indonesia,2022,Sumatera Utara,Kota Sibolga,14.5,69.77,74.74,kota
Indonesia,2023,Sumatera Utara,Kota Sibolga,10.6,70.18,75.2,kota
Indonesia,2024,Sumatera Utara,Kota Sibolga,,70.38,75.66,kota
Indonesia,2013,Sumatera Utara,Kota Tanjung Balai,,61.3,65.4,kota
Indonesia,2014,Sumatera Utara,Kota Tanjung Balai,,61.4,66.05,kota
Indonesia,2015,Sumatera Utara,Kota Tanjung Balai,,61.9,66.74,kota
Indonesia,2016,Sumatera Utara,Kota Tanjung Balai,,62.09,67.09,kota
Indonesia,2017,Sumatera Utara,Kota Tanjung Balai,,62.28,67.41,kota
Indonesia,2018,Sumatera Utara,Kota Tanjung Balai,,62.6,68.0,kota
Indonesia,2019,Sumatera Utara,Kota Tanjung Balai,26.08,63.02,68.51,kota
Indonesia,2020,Sumatera Utara,Kota Tanjung Balai,,63.27,68.65,kota
Indonesia,2021,Sumatera Utara,Kota Tanjung Balai,26.1,63.44,68.94,kota
Indonesia,2022,Sumatera Utara,Kota Tanjung Balai,26.9,63.87,69.86,kota
Indonesia,2023,Sumatera Utara,Kota Tanjung Balai,5.7,64.28,70.59,kota
Indonesia,2024,Sumatera Utara,Kota Tanjung Balai,,64.44,71.1,kota
Indonesia,2013,Sumatera Utara,Kota Tebing Tinggi,,69.94,71.85,kota
Indonesia,2014,Sumatera Utara,Kota Tebing Tinggi,,70.04,72.13,kota
Indonesia,2015,Sumatera Utara,Kota Tebing Tinggi,,70.14,72.81,kota
Indonesia,2016,Sumatera Utara,Kota Tebing Tinggi,,70.21,73.58,kota
Indonesia,2017,Sumatera Utara,Kota Tebing Tinggi,,70.28,73.9,kota
Indonesia,2018,Sumatera Utara,Kota Tebing Tinggi,,70.47,74.5,kota
Indonesia,2019,Sumatera Utara,Kota Tebing Tinggi,25.87,70.76,75.08,kota
Indonesia,2020,Sumatera Utara,Kota Tebing Tinggi,,70.87,75.17,kota
Indonesia,2021,Sumatera Utara,Kota Tebing Tinggi,17.3,70.95,75.42,kota
Indonesia,2022,Sumatera Utara,Kota Tebing Tinggi,19.6,71.29,76.17,kota
Indonesia,2023,Sumatera Utara,Kota Tebing Tinggi,10.4,71.63,76.98,kota
Indonesia,2024,Sumatera Utara,Kota Tebing Tinggi,17.6,71.78,77.45,kota
Indonesia,2013,Sumatera Utara,Labuhanbatu,,69.24,69.45,kota
Indonesia,2014,Sumatera Utara,Labuhanbatu,,69.26,70.06,kota
Indonesia,2015,Sumatera Utara,Labuhanbatu,,69.36,70.23,kota
Indonesia,2016,Sumatera Utara,Labuhanbatu,,69.4,70.5,kota
Indonesia,2017,Sumatera Utara,Labuhanbatu,,69.44,71.0,kota
Indonesia,2018,Sumatera Utara,Labuhanbatu,,69.6,71.39,kota
Indonesia,2019,Sumatera Utara,Labuhanbatu,,69.86,71.94,kota
Indonesia,2020,Sumatera Utara,Labuhanbatu,,69.93,72.01,kota
Indonesia,2021,Sumatera Utara,Labuhanbatu,27.0,69.95,72.09,kota
Indonesia,2022,Sumatera Utara,Labuhanbatu,,70.37,72.92,kota
Indonesia,2023,Sumatera Utara,Labuhanbatu,,70.77,73.69,kota
Indonesia,2024,Sumatera Utara,Labuhanbatu,25.3,70.99,74.18,kota
Indonesia,2013,Sumatera Utara,Labuhanbatu Selatan,,68.03,67.78,kota
Indonesia,2014,Sumatera Utara,Labuhanbatu Selatan,,68.06,68.59,kota
Indonesia,2015,Sumatera Utara,Labuhanbatu Selatan,,68.09,69.67,kota
Indonesia,2016,Sumatera Utara,Labuhanbatu Selatan,,68.11,70.28,kota
Indonesia,2017,Sumatera Utara,Labuhanbatu Selatan,,68.14,70.48,kota
Indonesia,2018,Sumatera Utara,Labuhanbatu Selatan,,68.39,70.98,kota
Indonesia,2019,Sumatera Utara,Labuhanbatu Selatan,,68.64,71.39,kota
Indonesia,2020,Sumatera Utara,Labuhanbatu Selatan,,68.71,71.4,kota
Indonesia,2021,Sumatera Utara,Labuhanbatu Selatan,27.0,68.81,71.69,kota
Indonesia,2022,Sumatera Utara,Labuhanbatu Selatan,,69.16,72.16,kota
Indonesia,2023,Sumatera Utara,Labuhanbatu Selatan,,69.54,72.82,kota
Indonesia,2024,Sumatera Utara,Labuhanbatu Selatan,22.0,69.73,73.67,kota
Indonesia,2013,Sumatera Utara,Labuhanbatu Utara,,68.4,68.28,kota
Indonesia,2014,Sumatera Utara,Labuhanbatu Utara,,68.5,69.15,kota
Indonesia,2015,Sumatera Utara,Labuhanbatu Utara,,68.7,69.69,kota
Indonesia,2016,Sumatera Utara,Labuhanbatu Utara,,68.8,70.26,kota
Indonesia,2017,Sumatera Utara,Labuhanbatu Utara,,68.91,70.79,kota
Indonesia,2018,Sumatera Utara,Labuhanbatu Utara,,69.09,71.08,kota
Indonesia,2019,Sumatera Utara,Labuhanbatu Utara,,69.37,71.43,kota
Indonesia,2020,Sumatera Utara,Labuhanbatu Utara,,69.46,71.61,kota
Indonesia,2021,Sumatera Utara,Labuhanbatu Utara,30.9,69.56,71.87,kota
Indonesia,2022,Sumatera Utara,Labuhanbatu Utara,,69.91,72.77,kota
Indonesia,2023,Sumatera Utara,Labuhanbatu Utara,,70.25,73.63,kota
Indonesia,2024,Sumatera Utara,Labuhanbatu Utara,17.5,70.47,74.4,kota
Indonesia,2013,Sumatera Utara,Langkat,,67.23,67.17,kota
Indonesia,2014,Sumatera Utara,Langkat,,67.33,68.0,kota
Indonesia,2015,Sumatera Utara,Langkat,,67.63,68.53,kota
Indonesia,2016,Sumatera Utara,Langkat,,67.79,69.13,kota
Indonesia,2017,Sumatera Utara,Langkat,,67.94,69.82,kota
Indonesia,2018,Sumatera Utara,Langkat,,68.22,70.27,kota
Indonesia,2019,Sumatera Utara,Langkat,18.21,68.59,70.76,kota
Indonesia,2020,Sumatera Utara,Langkat,,68.8,71.0,kota
Indonesia,2021,Sumatera Utara,Langkat,31.5,68.97,71.35,kota
Indonesia,2022,Sumatera Utara,Langkat,18.6,69.39,71.86,kota
Indonesia,2023,Sumatera Utara,Langkat,16.9,69.64,72.21,kota
Indonesia,2024,Sumatera Utara,Langkat,16.0,69.9,72.73,kota
Indonesia,2013,Sumatera Utara,Mandailing Natal,,61.08,62.91,kota
Indonesia,2014,Sumatera Utara,Mandailing Natal,,61.18,63.42,kota
Indonesia,2015,Sumatera Utara,Mandailing Natal,,61.58,63.99,kota
Indonesia,2016,Sumatera Utara,Mandailing Natal,,61.77,64.55,kota
Indonesia,2017,Sumatera Utara,Mandailing Natal,,61.97,65.13,kota
Indonesia,2018,Sumatera Utara,Mandailing Natal,,62.24,65.83,kota
Indonesia,2019,Sumatera Utara,Mandailing Natal,49.91,62.51,66.52,kota
Indonesia,2020,Sumatera Utara,Mandailing Natal,,62.6,66.79,kota
Indonesia,2021,Sumatera Utara,Mandailing Natal,47.7,62.65,67.19,kota
Indonesia,2022,Sumatera Utara,Mandailing Natal,34.2,63.05,68.05,kota
Indonesia,2023,Sumatera Utara,Mandailing Natal,20.7,63.47,68.56,kota
Indonesia,2024,Sumatera Utara,Mandailing Natal,22.2,63.65,69.33,kota
Indonesia,2013,Sumatera Utara,Nias,,68.77,57.43,kota
Indonesia,2014,Sumatera Utara,Nias,,68.87,57.98,kota
Indonesia,2015,Sumatera Utara,Nias,,68.97,58.85,kota
Indonesia,2016,Sumatera Utara,Nias,,69.07,59.75,kota
Indonesia,2017,Sumatera Utara,Nias,,69.18,60.21,kota
Indonesia,2018,Sumatera Utara,Nias,,69.43,60.82,kota
Indonesia,2019,Sumatera Utara,Nias,56.21,69.68,61.65,kota
Indonesia,2020,Sumatera Utara,Nias,,69.75,61.93,kota
Indonesia,2021,Sumatera Utara,Nias,32.1,69.78,62.74,kota
Indonesia,2022,Sumatera Utara,Nias,25.3,70.06,63.69,kota
Indonesia,2023,Sumatera Utara,Nias,20.3,70.34,64.56,kota
Indonesia,2024,Sumatera Utara,Nias,26.1,70.52,65.55,kota
Indonesia,2013,Sumatera Utara,Nias Barat,,67.54,56.58,kota
Indonesia,2014,Sumatera Utara,Nias Barat,,67.64,57.54,kota
Indonesia,2015,Sumatera Utara,Nias Barat,,67.94,58.25,kota
Indonesia,2016,Sumatera Utara,Nias Barat,,68.1,59.03,kota
Indonesia,2017,Sumatera Utara,Nias Barat,,68.28,59.56,kota
Indonesia,2018,Sumatera Utara,Nias Barat,,68.5,60.42,kota
Indonesia,2019,Sumatera Utara,Nias Barat,43.95,68.82,61.14,kota
Indonesia,2020,Sumatera Utara,Nias Barat,,68.96,61.51,kota
Indonesia,2021,Sumatera Utara,Nias Barat,27.9,69.08,61.99,kota
Indonesia,2022,Sumatera Utara,Nias Barat,29.4,69.43,62.93,kota
Indonesia,2023,Sumatera Utara,Nias Barat,28.9,69.96,63.7,kota
Indonesia,2024,Sumatera Utara,Nias Barat,34.4,70.2,64.67,kota
Indonesia,2013,Sumatera Utara,Nias Selatan,,67.06,56.78,kota
Indonesia,2014,Sumatera Utara,Nias Selatan,,67.16,57.78,kota
Indonesia,2015,Sumatera Utara,Nias Selatan,,67.66,58.74,kota
Indonesia,2016,Sumatera Utara,Nias Selatan,,67.83,59.14,kota
Indonesia,2017,Sumatera Utara,Nias Selatan,,68.0,59.85,kota
Indonesia,2018,Sumatera Utara,Nias Selatan,,68.24,60.75,kota
Indonesia,2019,Sumatera Utara,Nias Selatan,57.0,68.58,61.59,kota
Indonesia,2020,Sumatera Utara,Nias Selatan,,68.74,61.89,kota
Indonesia,2021,Sumatera Utara,Nias Selatan,36.7,68.86,62.35,kota
Indonesia,2022,Sumatera Utara,Nias Selatan,27.2,69.21,63.17,kota
Indonesia,2023,Sumatera Utara,Nias Selatan,31.8,69.58,64.12,kota
Indonesia,2024,Sumatera Utara,Nias Selatan,37.6,69.8,65.02,kota
Indonesia,2013,Sumatera Utara,Nias Utara,,68.39,58.29,kota
Indonesia,2014,Sumatera Utara,Nias Utara,,68.49,59.18,kota
Indonesia,2015,Sumatera Utara,Nias Utara,,68.59,59.88,kota
Indonesia,2016,Sumatera Utara,Nias Utara,,68.68,60.23,kota
Indonesia,2017,Sumatera Utara,Nias Utara,,68.77,60.57,kota
Indonesia,2018,Sumatera Utara,Nias Utara,,68.98,61.08,kota
Indonesia,2019,Sumatera Utara,Nias Utara,26.57,69.29,61.98,kota
Indonesia,2020,Sumatera Utara,Nias Utara,,69.43,62.36,kota
Indonesia,2021,Sumatera Utara,Nias Utara,34.4,69.55,62.82,kota
Indonesia,2022,Sumatera Utara,Nias Utara,11.9,69.9,63.75,kota
Indonesia,2023,Sumatera Utara,Nias Utara,20.3,70.24,64.64,kota
Indonesia,2024,Sumatera Utara,Nias Utara,25.8,70.44,65.62,kota
Indonesia,2013,Sumatera Utara,Padang Lawas,,65.97,64.62,kota
Indonesia,2014,Sumatera Utara,Padang Lawas,,66.01,65.5,kota
Indonesia,2015,Sumatera Utara,Padang Lawas,,66.31,65.99,kota
Indonesia,2016,Sumatera Utara,Padang Lawas,,66.4,66.23,kota
Indonesia,2017,Sumatera Utara,Padang Lawas,,66.5,66.82,kota
Indonesia,2018,Sumatera Utara,Padang Lawas,,66.69,67.59,kota
Indonesia,2019,Sumatera Utara,Padang Lawas,41.95,66.98,68.16,kota
Indonesia,2020,Sumatera Utara,Padang Lawas,,67.09,68.25,kota
Indonesia,2021,Sumatera Utara,Padang Lawas,42.0,67.13,68.64,kota
Indonesia,2022,Sumatera Utara,Padang Lawas,35.8,67.43,69.58,kota
Indonesia,2023,Sumatera Utara,Padang Lawas,17.7,67.71,70.34,kota
Indonesia,2024,Sumatera Utara,Padang Lawas,25.2,67.87,71.27,kota
Indonesia,2013,Sumatera Utara,Padang Lawas Utara,,66.38,66.13,kota
Indonesia,2014,Sumatera Utara,Padang Lawas Utara,,66.4,66.5,kota
Indonesia,2015,Sumatera Utara,Padang Lawas Utara,,66.5,67.35,kota
Indonesia,2016,Sumatera Utara,Padang Lawas Utara,,66.54,68.05,kota
Indonesia,2017,Sumatera Utara,Padang Lawas Utara,,66.58,68.34,kota
Indonesia,2018,Sumatera Utara,Padang Lawas Utara,,66.77,68.77,kota
Indonesia,2019,Sumatera Utara,Padang Lawas Utara,49.28,67.06,69.29,kota
Indonesia,2020,Sumatera Utara,Padang Lawas Utara,,67.17,69.85,kota
Indonesia,2021,Sumatera Utara,Padang Lawas Utara,33.1,67.22,70.11,kota
Indonesia,2022,Sumatera Utara,Padang Lawas Utara,29.2,67.53,70.93,kota
Indonesia,2023,Sumatera Utara,Padang Lawas Utara,21.8,67.82,71.63,kota
Indonesia,2024,Sumatera Utara,Padang Lawas Utara,30.0,67.99,72.32,kota
Indonesia,2013,Sumatera Utara,Pakpak Bharat,,64.42,64.73,kota
Indonesia,2014,Sumatera Utara,Pakpak Bharat,,64.45,65.06,kota
Indonesia,2015,Sumatera Utara,Pakpak Bharat,,64.85,65.53,kota
Indonesia,2016,Sumatera Utara,Pakpak Bharat,,64.95,65.81,kota
Indonesia,2017,Sumatera Utara,Pakpak Bharat,,65.05,66.25,kota
Indonesia,2018,Sumatera Utara,Pakpak Bharat,,65.27,66.63,kota
Indonesia,2019,Sumatera Utara,Pakpak Bharat,39.04,65.59,67.47,kota
Indonesia,2020,Sumatera Utara,Pakpak Bharat,,65.74,67.59,kota
Indonesia,2021,Sumatera Utara,Pakpak Bharat,40.8,65.96,67.94,kota
Indonesia,2022,Sumatera Utara,Pakpak Bharat,30.8,66.44,68.85,kota
Indonesia,2023,Sumatera Utara,Pakpak Bharat,28.9,66.89,69.58,kota
Indonesia,2024,Sumatera Utara,Pakpak Bharat,27.5,67.24,70.36,kota
Indonesia,2013,Sumatera Utara,Samosir,,69.56,66.8,kota
Indonesia,2014,Sumatera Utara,Samosir,,69.66,67.8,kota
Indonesia,2015,Sumatera Utara,Samosir,,70.26,68.43,kota
Indonesia,2016,Sumatera Utara,Samosir,,70.47,68.82,kota
Indonesia,2017,Sumatera Utara,Samosir,,70.68,69.43,kota
Indonesia,2018,Sumatera Utara,Samosir,,70.87,69.99,kota
Indonesia,2019,Sumatera Utara,Samosir,32.16,71.16,70.55,kota
Indonesia,2020,Sumatera Utara,Samosir,,71.27,70.63,kota
Indonesia,2021,Sumatera Utara,Samosir,28.4,71.41,70.83,kota
Indonesia,2022,Sumatera Utara,Samosir,26.3,71.82,71.67,kota
Indonesia,2023,Sumatera Utara,Samosir,22.4,72.24,72.08,kota
Indonesia,2024,Sumatera Utara,Samosir,28.6,72.41,72.88,kota
Indonesia,2013,Sumatera Utara,Serdang Bedagai,,67.17,67.11,kota
Indonesia,2014,Sumatera Utara,Serdang Bedagai,,67.27,67.78,kota
Indonesia,2015,Sumatera Utara,Serdang Bedagai,,67.47,68.01,kota
Indonesia,2016,Sumatera Utara,Serdang Bedagai,,67.63,68.77,kota
Indonesia,2017,Sumatera Utara,Serdang Bedagai,,67.79,69.16,kota
Indonesia,2018,Sumatera Utara,Serdang Bedagai,,68.08,69.69,kota
Indonesia,2019,Sumatera Utara,Serdang Bedagai,26.5,68.46,70.21,kota
Indonesia,2020,Sumatera Utara,Serdang Bedagai,,68.68,70.24,kota
Indonesia,2021,Sumatera Utara,Serdang Bedagai,20.0,68.82,70.56,kota
Indonesia,2022,Sumatera Utara,Serdang Bedagai,21.1,69.21,71.21,kota
Indonesia,2023,Sumatera Utara,Serdang Bedagai,14.4,69.59,71.75,kota
Indonesia,2024,Sumatera Utara,Serdang Bedagai,19.0,69.83,72.47,kota
Indonesia,2013,Sumatera Utara,Simalungun,,70.14,70.28,kota
Indonesia,2014,Sumatera Utara,Simalungun,,70.24,70.89,kota
Indonesia,2015,Sumatera Utara,Simalungun,,70.34,71.24,kota
Indonesia,2016,Sumatera Utara,Simalungun,,70.43,71.48,kota
Indonesia,2017,Sumatera Utara,Simalungun,,70.53,71.83,kota
Indonesia,2018,Sumatera Utara,Simalungun,,70.75,72.49,kota
Indonesia,2019,Sumatera Utara,Simalungun,32.38,71.07,72.98,kota
Indonesia,2020,Sumatera Utara,Simalungun,,71.22,73.25,kota
Indonesia,2021,Sumatera Utara,Simalungun,28.0,71.37,73.4,kota
Indonesia,2022,Sumatera Utara,Simalungun,17.4,71.78,73.77,kota
Indonesia,2023,Sumatera Utara,Simalungun,17.7,72.2,74.29,kota
Indonesia,2024,Sumatera Utara,Simalungun,26.0,72.38,74.97,kota
Indonesia,2013,Sumatera Utara,Tapanuli Selatan,,63.04,66.75,kota
Indonesia,2014,Sumatera Utara,Tapanuli Selatan,,63.14,67.22,kota
Indonesia,2015,Sumatera Utara,Tapanuli Selatan,,63.74,67.63,kota
Indonesia,2016,Sumatera Utara,Tapanuli Selatan,,64.01,68.04,kota
Indonesia,2017,Sumatera Utara,Tapanuli Selatan,,64.28,68.69,kota
Indonesia,2018,Sumatera Utara,Tapanuli Selatan,,64.55,69.1,kota
Indonesia,2019,Sumatera Utara,Tapanuli Selatan,23.8,64.82,69.75,kota
Indonesia,2020,Sumatera Utara,Tapanuli Selatan,,64.91,70.12,kota
Indonesia,2021,Sumatera Utara,Tapanuli Selatan,30.8,64.97,70.33,kota
Indonesia,2022,Sumatera Utara,Tapanuli Selatan,39.4,65.28,70.92,kota
Indonesia,2023,Sumatera Utara,Tapanuli Selatan,15.6,65.56,71.55,kota
Indonesia,2024,Sumatera Utara,Tapanuli Selatan,6.6,65.74,72.14,kota
Indonesia,2013,Sumatera Utara,Tapanuli Tengah,,66.47,65.64,kota
Indonesia,2014,Sumatera Utara,Tapanuli Tengah,,66.49,66.16,kota
Indonesia,2015,Sumatera Utara,Tapanuli Tengah,,66.59,67.06,kota
Indonesia,2016,Sumatera Utara,Tapanuli Tengah,,66.62,67.27,kota
Indonesia,2017,Sumatera Utara,Tapanuli Tengah,,66.66,67.96,kota
Indonesia,2018,Sumatera Utara,Tapanuli Tengah,,66.82,68.27,kota
Indonesia,2019,Sumatera Utara,Tapanuli Tengah,36.32,67.08,68.86,kota
Indonesia,2020,Sumatera Utara,Tapanuli Tengah,,67.15,69.23,kota
Indonesia,2021,Sumatera Utara,Tapanuli Tengah,25.3,67.24,69.61,kota
Indonesia,2022,Sumatera Utara,Tapanuli Tengah,30.5,67.58,70.31,kota
Indonesia,2023,Sumatera Utara,Tapanuli Tengah,23.8,67.9,70.91,kota
Indonesia,2024,Sumatera Utara,Tapanuli Tengah,32.3,68.18,71.52,kota
Indonesia,2013,Sumatera Utara,Tapanuli Utara,,67.15,70.5,kota
Indonesia,2014,Sumatera Utara,Tapanuli Utara,,67.25,70.7,kota
Indonesia,2015,Sumatera Utara,Tapanuli Utara,,67.55,71.32,kota
Indonesia,2016,Sumatera Utara,Tapanuli Utara,,67.71,71.96,kota
Indonesia,2017,Sumatera Utara,Tapanuli Utara,,67.86,72.38,kota
Indonesia,2018,Sumatera Utara,Tapanuli Utara,,68.11,72.91,kota
Indonesia,2019,Sumatera Utara,Tapanuli Utara,42.19,68.46,73.33,kota
Indonesia,2020,Sumatera Utara,Tapanuli Utara,,68.63,73.47,kota
Indonesia,2021,Sumatera Utara,Tapanuli Utara,26.7,68.76,73.76,kota
Indonesia,2022,Sumatera Utara,Tapanuli Utara,27.4,69.16,74.14,kota
Indonesia,2023,Sumatera Utara,Tapanuli Utara,27.4,69.57,74.65,kota
Indonesia,2024,Sumatera Utara,Tapanuli Utara,32.5,69.77,75.23,kota
Indonesia,2013,Sumatera Utara,Toba,,68.94,72.36,kota
Indonesia,2014,Sumatera Utara,Toba,,69.04,72.79,kota
Indonesia,2015,Sumatera Utara,Toba,,69.14,73.4,kota
Indonesia,2016,Sumatera Utara,Toba,,69.25,73.61,kota
Indonesia,2017,Sumatera Utara,Toba,,69.36,73.87,kota
Indonesia,2018,Sumatera Utara,Toba,,69.59,74.48,kota
Indonesia,2019,Sumatera Utara,Toba,,69.93,74.92,kota
Indonesia,2020,Sumatera Utara,Toba,,70.08,75.16,kota
Indonesia,2021,Sumatera Utara,Toba,24.8,70.29,75.39,kota
Indonesia,2022,Sumatera Utara,Toba,24.8,70.76,75.96,kota
Indonesia,2023,Sumatera Utara,Toba,28.0,71.24,76.38,kota
Indonesia,2024,Sumatera Utara,Toba,27.1,71.42,76.91,kota
